standard_designation,original_standard_number,excel_present,preview_found,preview_identity,preview_id,verified_source_url,scope,national_foreword,notes,references,total_refs,is_refs,intl_refs,sp_refs,dual_numbered_refs,primary_status,evidence_verified,manual_review_required
IS 15086 (Part 10):2026,IS 15086 (Part 10):2026,True,True,unknown,15086_10_2026,,absent,absent,absent,absent,0,0,0,0,0,partial_success,False,True
IS 302 (Part 2/Sec 16):2026,IS 302 (Part 2/Sec 16):2026,True,True,match_version_verified,302_2_16_2026,https://standardsbis.bsbedge.com/BIS_Preview.aspx?id=302_2_16_2026,absent,present,present,present,4,3,1,0,0,partial_success,True,False
IS 302 (Part 2/Sec 36):2026,IS 302 (Part 2/Sec 36):2026,True,True,match_version_verified,302_2_36_2026,https://standardsbis.bsbedge.com/BIS_Preview.aspx?id=302_2_36_2026,absent,present,present,present,4,3,1,0,0,partial_success,True,False
IS 302 (Part 2/Sec 49):2026,IS 302 (Part 2/Sec 49):2026,True,True,match_version_verified,302_2_49_2026,https://standardsbis.bsbedge.com/BIS_Preview.aspx?id=302_2_49_2026,absent,present,present,present,4,3,1,0,0,partial_success,True,False
IS 302 (Part 2/Sec 54):2026,IS 302 (Part 2/Sec 54):2026,True,True,match_version_verified,302_2_54_2026,https://standardsbis.bsbedge.com/BIS_Preview.aspx?id=302_2_54_2026,absent,present,present,present,4,3,1,0,0,partial_success,True,False
IS 302 (Part 2/Sec 26):2026,IS 302 (Part 2/Sec 26):2026,True,True,match_version_verified,302_2_26_2026,https://standardsbis.bsbedge.com/BIS_Preview.aspx?id=302_2_26_2026,fallback,present,present,present,4,3,1,0,0,success,True,False
IS 302 (Part 2/Sec 17):2026,IS 302 (Part 2/Sec 17):2026,True,True,match_version_verified,302_2_17_2026,https://standardsbis.bsbedge.com/BIS_Preview.aspx?id=302_2_17_2026,absent,present,present,present,4,3,1,0,0,partial_success,True,False
IS 302 (Part 2/Sec 10):2026,IS 302 (Part 2/Sec 10):2026,True,True,match_version_verified,302_2_10_2026,https://standardsbis.bsbedge.com/BIS_Preview.aspx?id=302_2_10_2026,absent,present,present,present,4,3,1,0,0,partial_success,True,False
IS 302 (Part 2/Sec 28):2026,IS 302 (Part 2/Sec 28):2026,True,True,match_version_verified,302_2_28_2026,https://standardsbis.bsbedge.com/BIS_Preview.aspx?id=302_2_28_2026,absent,present,present,present,4,3,1,0,0,partial_success,True,False
IS 302 (Part 2/Sec 37):2026,IS 302 (Part 2/Sec 37):2026,True,True,match_version_verified,302_2_37_2026,https://standardsbis.bsbedge.com/BIS_Preview.aspx?id=302_2_37_2026,absent,present,present,present,4,3,1,0,0,partial_success,True,False
IS 302 (Part 2/Sec 48):2026,IS 302 (Part 2/Sec 48):2026,True,True,match_version_verified,302_2_48_2026,https://standardsbis.bsbedge.com/BIS_Preview.aspx?id=302_2_48_2026,absent,present,present,present,4,3,1,0,0,partial_success,True,False
IS 302 (Part 2/Sec 98):2026,IS 302 (Part 2/Sec 98):2026,True,True,match_version_verified,302_2_98_2026,https://standardsbis.bsbedge.com/BIS_Preview.aspx?id=302_2_98_2026,absent,present,present,present,4,3,1,0,0,partial_success,True,False
IS 19762:2026,IS 19762:2026,True,True,match_version_verified,19762_2026,https://standardsbis.bsbedge.com/BIS_Preview.aspx?id=19762_2026,absent,present,absent,absent,0,0,0,0,0,partial_success,True,False
IS 17017 (Part 23):2026,IS 17017 (Part 23):2026,True,True,match_version_verified,17017_23_2026,https://standardsbis.bsbedge.com/BIS_Preview.aspx?id=17017_23_2026,absent,present,absent,present,1,1,0,0,0,partial_success,True,False
IS 302 (Part 2/Sec 99):2026,IS 302 (Part 2/Sec 99):2026,True,True,match_version_verified,302_2_99_2026,https://standardsbis.bsbedge.com/BIS_Preview.aspx?id=302_2_99_2026,absent,present,present,present,4,3,1,0,0,partial_success,True,False
IS 19465:2025,IS 19465:2025,True,True,match_version_uncertain,19465_2026,,present,absent,absent,present,8,5,3,0,3,partial_success,False,True
IS/IEC 60136:2024,IS/IEC 60136:2024,True,True,unknown,iec60136_2024,,absent,absent,absent,absent,0,0,0,0,0,partial_success,False,True
IS 1944:2026,IS 1944:2026,True,True,match_version_verified,1944_2026,https://standardsbis.bsbedge.com/BIS_Preview.aspx?id=1944_2026,present,absent,absent,absent,0,0,0,0,0,success,True,False
IS 8783 (Part 2):2026,IS 8783 (Part 2):2026,True,True,match_version_verified,8783_2_2026,https://standardsbis.bsbedge.com/BIS_Preview.aspx?id=8783_2_2026,present,absent,absent,present,11,10,1,0,1,success,True,False
IS 8783 (Part 3):2026,IS 8783 (Part 3):2026,True,True,match_version_verified,8783_3_2026,https://standardsbis.bsbedge.com/BIS_Preview.aspx?id=8783_3_2026,present,absent,absent,present,23,19,4,0,4,success,True,False
IS 8783 (Part 4/Sec 1):2026,IS 8783 (Part 4/Sec 1):2026,True,True,match_version_verified,8783_4_1_2026,https://standardsbis.bsbedge.com/BIS_Preview.aspx?id=8783_4_1_2026,present,absent,absent,present,5,5,0,0,0,success,True,False
IS 8783 (Part 4/Sec 2):2026,IS 8783 (Part 4/Sec 2):2026,True,True,match_version_verified,8783_4_2_2026,https://standardsbis.bsbedge.com/BIS_Preview.aspx?id=8783_4_2_2026,present,absent,absent,present,5,5,0,0,0,success,True,False
IS 8783 (Part 4/Sec 3):2026,IS 8783 (Part 4/Sec 3):2026,True,True,match_version_verified,8783_4_3_2026,https://standardsbis.bsbedge.com/BIS_Preview.aspx?id=8783_4_3_2026,present,absent,absent,present,5,5,0,0,0,success,True,False
IS 4289 (Part 1):2026,IS 4289 (Part 1):2026,True,True,match_version_verified,4289_1_2026,https://standardsbis.bsbedge.com/BIS_Preview.aspx?id=4289_1_2026,present,absent,absent,present,18,18,0,0,0,success,True,False
IS 16805:2026,IS 16805:2026,True,True,match_version_verified,16805_2026,https://standardsbis.bsbedge.com/BIS_Preview.aspx?id=16805_2026,fallback,present,absent,present,1,0,1,0,0,success,True,False
IS 16893 (Part 1):2026,IS 16893 (Part 1):2026,True,True,match_version_verified,16893_1_2026,https://standardsbis.bsbedge.com/BIS_Preview.aspx?id=16893_1_2026,fallback,present,absent,present,1,0,1,0,0,success,True,False
IS 16893 (Part 2):2026,IS 16893 (Part 2):2026,True,True,match_version_verified,16893_2_2026,https://standardsbis.bsbedge.com/BIS_Preview.aspx?id=16893_2_2026,fallback,present,absent,present,1,0,1,0,0,success,True,False
IS 16893 (Part 3):2026,IS 16893 (Part 3):2026,True,True,match_version_verified,16893_3_2026,https://standardsbis.bsbedge.com/BIS_Preview.aspx?id=16893_3_2026,absent,present,absent,present,1,0,1,0,0,partial_success,True,False
IS 19775:2026,IS 19775:2026,True,True,unknown,19775_2026,,absent,absent,absent,absent,0,0,0,0,0,partial_success,False,True
IS/IEC 61537:2023,IS/IEC 61537:2023,True,True,unknown,iec61537_2023,,absent,absent,absent,absent,0,0,0,0,0,partial_success,False,True
IS 16724:2026,IS 16724:2026,True,True,match_version_verified,16724_2026,https://standardsbis.bsbedge.com/BIS_Preview.aspx?id=16724_2026,absent,present,absent,absent,0,0,0,0,0,partial_success,True,False
IS 19359:2026,IS 19359:2026,True,True,match_version_verified,19359_2026,https://standardsbis.bsbedge.com/BIS_Preview.aspx?id=19359_2026,present,absent,absent,present,10,7,3,0,3,success,True,False
IS 19636:2026,IS 19636:2026,True,True,match_version_verified,19636_2026,https://standardsbis.bsbedge.com/BIS_Preview.aspx?id=19636_2026,absent,present,absent,absent,0,0,0,0,0,partial_success,True,False
IS 12615:2026,IS 12615:2026,True,True,match_version_verified,12615_2026,https://standardsbis.bsbedge.com/BIS_Preview.aspx?id=12615_2026,present,absent,absent,absent,0,0,0,0,0,success,True,False
IS 17900 (Part 3/Sec 2):2025,IS 17900 (Part 3/Sec 2):2025,True,True,unknown,17900_3_2_2025,,absent,absent,absent,absent,0,0,0,0,0,partial_success,False,True
IS 16783:2026,IS 16783:2026,True,True,match_version_verified,16783_2026,https://standardsbis.bsbedge.com/BIS_Preview.aspx?id=16783_2026,absent,present,absent,present,1,0,1,0,0,partial_success,True,False
IS 17039:2026,IS 17039:2026,True,True,match_version_verified,17039_2026,https://standardsbis.bsbedge.com/BIS_Preview.aspx?id=17039_2026,absent,present,absent,present,1,0,1,0,0,partial_success,True,False
IS 18972 (Part 101):2026,IS 18972 (Part 101):2026,True,True,match_version_verified,18972_101_2026,https://standardsbis.bsbedge.com/BIS_Preview.aspx?id=18972_101_2026,fallback,present,absent,absent,0,0,0,0,0,success,True,False
IS 18972 (Part 200):2026,IS 18972 (Part 200):2026,True,True,match_version_verified,18972_200_2026,https://standardsbis.bsbedge.com/BIS_Preview.aspx?id=18972_200_2026,fallback,present,absent,absent,0,0,0,0,0,success,True,False
IS 18972 (Part 201):2026,IS 18972 (Part 201):2026,True,True,match_version_verified,18972_201_2026,https://standardsbis.bsbedge.com/BIS_Preview.aspx?id=18972_201_2026,fallback,present,absent,present,1,0,1,0,0,success,True,False
IS 18972 (Part 202):2026,IS 18972 (Part 202):2026,True,True,match_version_verified,18972_202_2026,https://standardsbis.bsbedge.com/BIS_Preview.aspx?id=18972_202_2026,fallback,present,absent,absent,0,0,0,0,0,success,True,False
IS/IEC 60669 (Part 2/Sec 2):2024,IS/IEC 60669 (Part 2/Sec 2):2024,True,True,unknown,iec60669_2_2_2024,,absent,absent,absent,absent,0,0,0,0,0,partial_success,False,True
IS 16463 (Part 10):2026,IS 16463 (Part 10):2026,True,True,unknown,16463_10_2026,,absent,absent,absent,absent,0,0,0,0,0,partial_success,False,True
IS 16463 (Part 31):2026,IS 16463 (Part 31):2026,True,True,match_version_verified,16463_31_2026,https://standardsbis.bsbedge.com/BIS_Preview.aspx?id=16463_31_2026,absent,present,absent,present,1,0,1,0,0,partial_success,True,False
IS 12556:2026,IS 12556:2026,True,True,match_version_verified,12556_2026,https://standardsbis.bsbedge.com/BIS_Preview.aspx?id=12556_2026,absent,present,absent,absent,0,0,0,0,0,partial_success,True,False
IS 8572:2025,IS 8572:2025,True,True,match_version_uncertain,8572_2026,,present,absent,absent,present,2,2,0,0,0,partial_success,False,True
IS/IEC 60947 (Part 4/Sec 1):2023,IS/IEC 60947 (Part 4/Sec 1):2023,True,True,unknown,iec60947_4_1_2023,,absent,absent,absent,absent,0,0,0,0,0,partial_success,False,True
IS 7391 (Part 1):2026,IS 7391 (Part 1):2026,True,True,match_version_verified,7391_1_2026,https://standardsbis.bsbedge.com/BIS_Preview.aspx?id=7391_1_2026,present,absent,absent,present,9,6,3,0,3,success,True,False
IS 7391 (Part 2):2026,IS 7391 (Part 2):2026,True,True,match_version_verified,7391_2_2026,https://standardsbis.bsbedge.com/BIS_Preview.aspx?id=7391_2_2026,present,absent,absent,present,3,2,1,0,1,success,True,False
IS 1146:2026,IS 1146:2026,True,True,match_version_verified,1146_2026,https://standardsbis.bsbedge.com/BIS_Preview.aspx?id=1146_2026,present,absent,absent,present,4,3,1,0,1,success,True,False
IS 15429:2026,IS 15429:2026,True,True,match_version_verified,15429_2026,https://standardsbis.bsbedge.com/BIS_Preview.aspx?id=15429_2026,present,absent,absent,present,6,5,1,0,1,success,True,False
IS 19761:2026,IS 19761:2026,True,True,unknown,19761_2026,,absent,absent,absent,absent,0,0,0,0,0,partial_success,False,True
IS 16463 (Part 22):2026,IS 16463 (Part 22):2026,True,True,match_version_verified,16463_22_2026,https://standardsbis.bsbedge.com/BIS_Preview.aspx?id=16463_22_2026,absent,present,absent,present,1,0,1,0,0,partial_success,True,False
IS/IEC 61936 (Part 2):2023,IS/IEC 61936 (Part 2):2023,True,True,unknown,iec61936_2_2023,,absent,absent,absent,absent,0,0,0,0,0,partial_success,False,True
IS/IEC 61400 (Part 5):2020,IS/IEC 61400 (Part 5):2020,True,True,unknown,iec61400_5_2020,,absent,absent,absent,absent,0,0,0,0,0,partial_success,False,True
IS/IEC 61400 (Part 6):2020,IS/IEC 61400 (Part 6):2020,True,True,unknown,iec61400_6_2020,,absent,absent,absent,absent,0,0,0,0,0,partial_success,False,True
IS/IEC 61400 (Part 3/Sec 1):2019,IS/IEC 61400 (Part 3/Sec 1):2019,True,True,unknown,iec61400_3_1_2019,,absent,absent,absent,absent,0,0,0,0,0,partial_success,False,True
IS/IEC 62314:2022,IS/IEC 62314:2022,True,True,unknown,iec62314_2022,,absent,absent,absent,absent,0,0,0,0,0,partial_success,False,True
IS/IEC 61812 (Part 1):2023,IS/IEC 61812 (Part 1):2023,True,True,unknown,iec61812_1_2023,,absent,absent,absent,absent,0,0,0,0,0,partial_success,False,True
IS 9708:2026,IS 9708:2026,True,True,match_version_verified,9708_2026,https://standardsbis.bsbedge.com/BIS_Preview.aspx?id=9708_2026,absent,present,absent,present,1,0,1,0,0,partial_success,True,False
IS/IEC 60079 (Part 17):2023,IS/IEC 60079 (Part 17):2023,True,True,unknown,iec60079_17_2023,,absent,absent,absent,absent,0,0,0,0,0,partial_success,False,True
IS/IEC 60773:2021,IS/IEC 60773:2021,True,True,unknown,iec60773_2021,,absent,absent,absent,absent,0,0,0,0,0,partial_success,False,True
IS/IEC 61439 (Part 3):2024,IS/IEC 61439 (Part 3):2024,True,True,unknown,iec61439_3_2024,,absent,absent,absent,absent,0,0,0,0,0,partial_success,False,True
IS/IEC 61439 (Part 4):2024,IS/IEC 61439 (Part 4):2024,True,True,unknown,iec61439_4_2024,,absent,absent,absent,absent,0,0,0,0,0,partial_success,False,True
IS 19635:2026,IS 19635:2026,True,True,match_version_verified,19635_2026,https://standardsbis.bsbedge.com/BIS_Preview.aspx?id=19635_2026,absent,present,absent,present,1,0,1,0,0,partial_success,True,False
IS 19637:2026,IS 19637:2026,True,True,match_version_verified,19637_2026,https://standardsbis.bsbedge.com/BIS_Preview.aspx?id=19637_2026,absent,present,absent,absent,0,0,0,0,0,partial_success,True,False
IS 16463 (Part 12):2026,IS 16463 (Part 12):2026,True,True,match_version_verified,16463_12_2026,https://standardsbis.bsbedge.com/BIS_Preview.aspx?id=16463_12_2026,absent,present,absent,present,1,0,1,0,0,partial_success,True,False
IS 17120:2026,IS 17120:2026,True,True,match_version_verified,17120_2026,https://standardsbis.bsbedge.com/BIS_Preview.aspx?id=17120_2026,absent,present,absent,present,1,0,1,0,0,partial_success,True,False
IS/IEC 60947 (Part 5/Sec 1):2024,IS/IEC 60947 (Part 5/Sec 1):2024,True,True,unknown,iec60947_5_1_2024,,absent,absent,absent,absent,0,0,0,0,0,partial_success,False,True
IS/IEC 61439 (Part 5):2023,IS/IEC 61439 (Part 5):2023,True,True,unknown,iec61439_5_2023,,absent,absent,absent,absent,0,0,0,0,0,partial_success,False,True
IS 19691:2026,IS 19691:2026,True,True,match_version_verified,19691_2026,https://standardsbis.bsbedge.com/BIS_Preview.aspx?id=19691_2026,absent,present,absent,absent,0,0,0,0,0,partial_success,True,False
IS 12360:2026,IS 12360:2026,True,True,match_version_verified,12360_2026,https://standardsbis.bsbedge.com/BIS_Preview.aspx?id=12360_2026,present,absent,absent,absent,0,0,0,0,0,success,True,False
IS 16502 (Part 5):2026,IS 16502 (Part 5):2026,True,True,match_version_verified,16502_5_2026,https://standardsbis.bsbedge.com/BIS_Preview.aspx?id=16502_5_2026,absent,present,absent,absent,0,0,0,0,0,partial_success,True,False
IS 16504 (Part 32):2026,IS 16504 (Part 32):2026,True,True,match_version_verified,16504_32_2026,https://standardsbis.bsbedge.com/BIS_Preview.aspx?id=16504_32_2026,absent,present,absent,present,1,0,1,0,0,partial_success,True,False
IS 17521:2026,IS 17521:2026,True,True,match_version_verified,17521_2026,https://standardsbis.bsbedge.com/BIS_Preview.aspx?id=17521_2026,absent,present,absent,absent,0,0,0,0,0,partial_success,True,False
IS 16784:2026,IS 16784:2026,True,True,match_version_verified,16784_2026,https://standardsbis.bsbedge.com/BIS_Preview.aspx?id=16784_2026,absent,present,absent,present,1,0,1,0,0,partial_success,True,False
IS 2254:2026,IS 2254:2026,True,True,match_version_verified,2254_2026,https://standardsbis.bsbedge.com/BIS_Preview.aspx?id=2254_2026,present,absent,absent,present,15,11,4,0,4,success,True,False
IS 19427:2026,IS 19427:2026,True,True,match_version_verified,19427_2026,https://standardsbis.bsbedge.com/BIS_Preview.aspx?id=19427_2026,present,absent,absent,absent,0,0,0,0,0,success,True,False
IS 17900 (Part 5):2026,IS 17900 (Part 5):2026,True,True,match_version_verified,17900_5_2026,https://standardsbis.bsbedge.com/BIS_Preview.aspx?id=17900_5_2026,present,absent,absent,present,3,3,0,0,0,success,True,False
IS 10322 (Part 1):2026,IS 10322 (Part 1):2026,True,True,match_version_verified,10322_1_2026,https://standardsbis.bsbedge.com/BIS_Preview.aspx?id=10322_1_2026,absent,present,absent,absent,0,0,0,0,0,partial_success,True,False
IS 16102 (Part 1):2026,IS 16102 (Part 1):2026,True,True,match_version_verified,16102_1_2026,https://standardsbis.bsbedge.com/BIS_Preview.aspx?id=16102_1_2026,present,absent,present,present,13,8,5,0,3,success,True,False
IS 16102 (Part 2):2026,IS 16102 (Part 2):2026,True,True,match_version_verified,16102_2_2026,https://standardsbis.bsbedge.com/BIS_Preview.aspx?id=16102_2_2026,present,absent,present,absent,0,0,0,0,0,success,True,False
IS 16614 (Part 1):2026,IS 16614 (Part 1):2026,True,True,match_version_verified,16614_1_2026,https://standardsbis.bsbedge.com/BIS_Preview.aspx?id=16614_1_2026,present,absent,present,present,19,16,3,0,2,success,True,False
IS 10322 (Part 5/Sec 1):2026,IS 10322 (Part 5/Sec 1):2026,True,True,match_version_verified,10322_5_1_2026,https://standardsbis.bsbedge.com/BIS_Preview.aspx?id=10322_5_1_2026,fallback,present,absent,present,3,2,1,0,0,success,True,False
IS 10322 (Part 5/Sec 2):2026,IS 10322 (Part 5/Sec 2):2026,True,True,match_version_verified,10322_5_2_2026,https://standardsbis.bsbedge.com/BIS_Preview.aspx?id=10322_5_2_2026,fallback,present,absent,present,3,2,1,0,0,success,True,False
IS 10322 (Part 5/Sec 3):2026,IS 10322 (Part 5/Sec 3):2026,True,True,match_version_verified,10322_5_3_2026,https://standardsbis.bsbedge.com/BIS_Preview.aspx?id=10322_5_3_2026,fallback,present,absent,present,3,2,1,0,0,success,True,False
IS 10322 (Part 5/Sec 4):2026,IS 10322 (Part 5/Sec 4):2026,True,True,match_version_verified,10322_5_4_2026,https://standardsbis.bsbedge.com/BIS_Preview.aspx?id=10322_5_4_2026,absent,present,absent,present,3,2,1,0,0,partial_success,True,False
IS 10322 (Part 5/Sec 5):2026,IS 10322 (Part 5/Sec 5):2026,True,True,match_version_verified,10322_5_5_2026,https://standardsbis.bsbedge.com/BIS_Preview.aspx?id=10322_5_5_2026,fallback,present,absent,present,3,2,1,0,0,success,True,False
IS 10322 (Part 5/Sec 6):2026,IS 10322 (Part 5/Sec 6):2026,True,True,match_version_verified,10322_5_6_2026,https://standardsbis.bsbedge.com/BIS_Preview.aspx?id=10322_5_6_2026,fallback,present,absent,present,1,0,1,0,0,success,True,False
IS 10322 (Part 5/Sec 7):2026,IS 10322 (Part 5/Sec 7):2026,True,True,match_version_verified,10322_5_7_2026,https://standardsbis.bsbedge.com/BIS_Preview.aspx?id=10322_5_7_2026,fallback,present,absent,present,3,2,1,0,0,success,True,False
IS 10322 (Part 5/Sec 8):2026,IS 10322 (Part 5/Sec 8):2026,True,True,match_version_verified,10322_5_8_2026,https://standardsbis.bsbedge.com/BIS_Preview.aspx?id=10322_5_8_2026,fallback,present,absent,present,3,2,1,0,0,success,True,False
IS 10322 (Part 5/Sec 18):2026,IS 10322 (Part 5/Sec 18):2026,True,True,match_version_verified,10322_5_18_2026,https://standardsbis.bsbedge.com/BIS_Preview.aspx?id=10322_5_18_2026,absent,present,absent,present,1,0,1,0,0,partial_success,True,False
IS 19428:2025,IS 19428:2025,True,True,match_version_verified,19428_2025,https://standardsbis.bsbedge.com/BIS_Preview.aspx?id=19428_2025,present,absent,present,present,20,15,5,0,4,success,True,False
IS 17900 (Part 11):2025,IS 17900 (Part 11):2025,True,True,match_version_verified,17900_11_2025,https://standardsbis.bsbedge.com/BIS_Preview.aspx?id=17900_11_2025,present,absent,present,present,8,7,0,1,0,success,True,False
IS 15086 (Part 8):2025,IS 15086 (Part 8):2025,True,True,match_version_verified,15086_8_2025,https://standardsbis.bsbedge.com/BIS_Preview.aspx?id=15086_8_2025,absent,present,absent,present,1,0,1,0,0,partial_success,True,False
IS 17520 (Part 3):2025,IS 17520 (Part 3):2025,True,True,match_version_verified,17520_3_2025,https://standardsbis.bsbedge.com/BIS_Preview.aspx?id=17520_3_2025,absent,present,absent,absent,0,0,0,0,0,partial_success,True,False
IS 13925 (Part 1):2025,IS 13925 (Part 1):2025,True,True,match_version_verified,13925_1_2025,https://standardsbis.bsbedge.com/BIS_Preview.aspx?id=13925_1_2025,absent,present,absent,present,1,0,1,0,0,partial_success,True,False
IS 13925 (Part 2):2025,IS 13925 (Part 2):2025,True,True,match_version_verified,13925_2_2025,https://standardsbis.bsbedge.com/BIS_Preview.aspx?id=13925_2_2025,absent,present,absent,absent,0,0,0,0,0,partial_success,True,False
IS 13925 (Part 3):2025,IS 13925 (Part 3):2025,True,True,match_version_verified,13925_3_2025,https://standardsbis.bsbedge.com/BIS_Preview.aspx?id=13925_3_2025,absent,present,absent,absent,0,0,0,0,0,partial_success,True,False
IS 13925 (Part 4):2025,IS 13925 (Part 4):2025,True,True,match_version_verified,13925_4_2025,https://standardsbis.bsbedge.com/BIS_Preview.aspx?id=13925_4_2025,absent,present,absent,present,1,0,1,0,0,partial_success,True,False
IS/IEC 62896:2024,IS/IEC 62896:2024,True,True,unknown,iec62896_2024,,absent,absent,absent,absent,0,0,0,0,0,partial_success,False,True
IS 17900 (Part 10):2025,IS 17900 (Part 10):2025,True,True,match_version_verified,17900_10_2025,https://standardsbis.bsbedge.com/BIS_Preview.aspx?id=17900_10_2025,present,absent,absent,present,3,3,0,0,0,success,True,False
IS/IEC/TS 61400 (Part 28):2025,IS/IEC/TS 61400 (Part 28):2025,True,True,unknown,iec61400_28_2025,,absent,absent,absent,absent,0,0,0,0,0,partial_success,False,True
IS/IEC 62477 (Part 1):2022,IS/IEC 62477 (Part 1):2022,True,True,unknown,iec62477_1_2022,,absent,absent,absent,absent,0,0,0,0,0,partial_success,False,True
IS/IEC 62477 (Part 2):2018,IS/IEC 62477 (Part 2):2018,True,True,unknown,iec62477_2_2018,,absent,absent,absent,absent,0,0,0,0,0,partial_success,False,True
IS/IEC 60034 (Part 27/Sec 1):2017,IS/IEC 60034 (Part 27/Sec 1):2017,True,True,unknown,iec60034_27_1_2017,,absent,absent,absent,absent,0,0,0,0,0,partial_success,False,True
IS/IEC 60034 (Part 27/Sec 2):2023,IS/IEC 60034 (Part 27/Sec 2):2023,True,True,unknown,iec60034_27_2_2023,,absent,absent,absent,absent,0,0,0,0,0,partial_success,False,True
IS/IEC 60034 (Part 27/Sec 3):2015,IS/IEC 60034 (Part 27/Sec 3):2015,True,True,unknown,iec60034_27_3_2015,,absent,absent,absent,absent,0,0,0,0,0,partial_success,False,True
IS/IEC 60034 (Part 30/Sec 3):2024,IS/IEC 60034 (Part 30/Sec 3):2024,True,True,unknown,iec60034_30_3_2024,,absent,absent,absent,absent,0,0,0,0,0,partial_success,False,True
IS 17900 (Part 4):2025,IS 17900 (Part 4):2025,True,True,unknown,17900_4_2025,,absent,absent,absent,absent,0,0,0,0,0,partial_success,False,True
IS 17900 (Part 7/Sec 1):2025,IS 17900 (Part 7/Sec 1):2025,True,True,match_version_verified,17900_7_1_2025,https://standardsbis.bsbedge.com/BIS_Preview.aspx?id=17900_7_1_2025,present,absent,absent,present,2,2,0,0,0,success,True,False
IS 19118:2025,IS 19118:2025,True,True,match_version_verified,19118_2025,https://standardsbis.bsbedge.com/BIS_Preview.aspx?id=19118_2025,absent,present,absent,absent,0,0,0,0,0,partial_success,True,False
IS 17900 (Part 7/Sec 4):2025,IS 17900 (Part 7/Sec 4):2025,True,True,match_version_verified,17900_7_4_2025,https://standardsbis.bsbedge.com/BIS_Preview.aspx?id=17900_7_4_2025,present,absent,absent,present,4,3,0,1,0,success,True,False
IS 17900 (Part 7/Sec 2):2025,IS 17900 (Part 7/Sec 2):2025,True,True,match_version_verified,17900_7_2_2025,https://standardsbis.bsbedge.com/BIS_Preview.aspx?id=17900_7_2_2025,present,absent,absent,present,7,7,0,0,0,success,True,False
IS 17900 (Part 7/Sec 6):2025,IS 17900 (Part 7/Sec 6):2025,True,True,match_version_verified,17900_7_6_2025,https://standardsbis.bsbedge.com/BIS_Preview.aspx?id=17900_7_6_2025,present,absent,absent,present,8,6,1,1,1,success,True,False
IS/IEC 61400 (Part 29):2023,IS/IEC 61400 (Part 29):2023,True,True,unknown,iec61400_29_2023,,absent,absent,absent,absent,0,0,0,0,0,partial_success,False,True
IS/IEC 61400 (Part 21/Sec 2):2023,IS/IEC 61400 (Part 21/Sec 2):2023,True,True,unknown,iec61400_21_2_2023,,absent,absent,absent,absent,0,0,0,0,0,partial_success,False,True
IS/IEC TS 61400 (Part 29):2023,IS/IEC TS 61400 (Part 29):2023,True,False,unknown,,,not_verified,not_verified,not_verified,absent,0,0,0,0,0,failed,False,True
SP 72:2025,SP 72:2025,True,True,unknown,72_2025,,absent,absent,absent,absent,0,0,0,0,0,partial_success,False,True
IS/IEC 60269 (Part 4):2009,IS/IEC 60269 (Part 4):2009,True,True,unknown,iec60269_4_2009,,absent,absent,absent,absent,0,0,0,0,0,partial_success,False,True
IS/IEC 61400 (Part 12/Sec 1):2022,IS/IEC 61400 (Part 12/Sec 1):2022,True,True,unknown,iec61400_12_1_2022,,absent,absent,absent,absent,0,0,0,0,0,partial_success,False,True
IS/IEC 61400 (Part 12/Sec 2):2022,IS/IEC 61400 (Part 12/Sec 2):2022,True,True,unknown,iec61400_12_2_2022,,absent,absent,absent,absent,0,0,0,0,0,partial_success,False,True
IS/IEC 61400 (Part 50/Sec 1):2022,IS/IEC 61400 (Part 50/Sec 1):2022,True,True,unknown,iec61400_50_1_2022,,absent,absent,absent,absent,0,0,0,0,0,partial_success,False,True
IS/IEC 61400 (Part 12):2022,IS/IEC 61400 (Part 12):2022,True,True,unknown,iec61400_12_2022,,absent,absent,absent,absent,0,0,0,0,0,partial_success,False,True
IS 19174:2025,IS 19174:2025,True,True,match_version_verified,19174_2025,https://standardsbis.bsbedge.com/BIS_Preview.aspx?id=19174_2025,present,absent,present,present,7,6,1,0,0,success,True,False
IS/IEC 60691:2023,IS/IEC 60691:2023,True,True,unknown,iec60691_2023,,absent,absent,absent,absent,0,0,0,0,0,partial_success,False,True
IS/IEC/TS 60034 (Part 27/Sec 5):2021,IS/IEC/TS 60034 (Part 27/Sec 5):2021,True,True,unknown,iec60034_27_5_2021,,absent,absent,absent,absent,0,0,0,0,0,partial_success,False,True
IS 19320:2025,IS 19320:2025,True,True,match_version_verified,19320_2025,https://standardsbis.bsbedge.com/BIS_Preview.aspx?id=19320_2025,absent,present,absent,present,2,2,0,0,0,partial_success,True,False
IS 6365:2025,IS 6365:2025,True,True,match_version_verified,6365_2025,https://standardsbis.bsbedge.com/BIS_Preview.aspx?id=6365_2025,present,absent,absent,present,4,3,1,0,1,success,True,False
IS 9968 (Part 1):2025,IS 9968 (Part 1):2025,True,True,match_version_verified,9968_1_2025,https://standardsbis.bsbedge.com/BIS_Preview.aspx?id=9968_1_2025,present,absent,present,absent,0,0,0,0,0,success,True,False
IS 14956 (Part 1):2025,IS 14956 (Part 1):2025,True,True,match_version_verified,14956_1_2025,https://standardsbis.bsbedge.com/BIS_Preview.aspx?id=14956_1_2025,absent,present,absent,present,1,0,1,0,0,partial_success,True,False
IS 2223:2025,IS 2223:2025,True,True,match_version_uncertain,2223,,present,absent,absent,present,6,6,0,0,0,partial_success,False,True
IS 16103 (Part 1):2025,IS 16103 (Part 1):2025,True,True,match_version_verified,16103_1_2025,https://standardsbis.bsbedge.com/BIS_Preview.aspx?id=16103_1_2025,fallback,present,absent,present,3,0,3,0,0,success,True,False
IS 16103 (Part 2):2025,IS 16103 (Part 2):2025,True,True,match_version_verified,16103_2_2025,https://standardsbis.bsbedge.com/BIS_Preview.aspx?id=16103_2_2025,fallback,present,absent,present,3,0,3,0,0,success,True,False
IS 17067 (Part 2/Sec 2):2025,IS 17067 (Part 2/Sec 2):2025,True,True,match_version_verified,17067_2_2_2025,https://standardsbis.bsbedge.com/BIS_Preview.aspx?id=17067_2_2_2025,absent,present,absent,present,1,0,1,0,0,partial_success,True,False
IS 3646 (Part 1):2025,IS 3646 (Part 1):2025,True,True,match_version_verified,3646_1_2025,https://standardsbis.bsbedge.com/BIS_Preview.aspx?id=3646_1_2025,present,absent,absent,present,1,0,1,0,0,success,True,False
IS 14956 (Part 2):2025,IS 14956 (Part 2):2025,True,True,match_version_verified,14956_2_2025,https://standardsbis.bsbedge.com/BIS_Preview.aspx?id=14956_2_2025,fallback,present,absent,present,1,0,1,0,0,success,True,False
IS/IEC 60269 (Part 7):2021,IS/IEC 60269 (Part 7):2021,True,True,unknown,iec60269_7_2021,,absent,absent,absent,absent,0,0,0,0,0,partial_success,False,True
IS/IEC 62271 (Part 202):2022,IS/IEC 62271 (Part 202):2022,True,True,unknown,iec62271_202_2022,,absent,absent,absent,absent,0,0,0,0,0,partial_success,False,True
IS/IEC 62271 (Part 207):2023,IS/IEC 62271 (Part 207):2023,True,True,unknown,iec62271_207_2023,,absent,absent,absent,absent,0,0,0,0,0,partial_success,False,True
IS 17882:2025,IS 17882:2025,True,True,match_version_verified,17882_2025,https://standardsbis.bsbedge.com/BIS_Preview.aspx?id=17882_2025,present,absent,absent,present,6,3,3,0,3,success,True,False
IS 8913:2025,IS 8913:2025,True,True,match_version_verified,8913_2025,https://standardsbis.bsbedge.com/BIS_Preview.aspx?id=8913_2025,absent,present,absent,present,1,0,1,0,0,partial_success,True,False
IS 7691:2025,IS 7691:2025,True,True,match_version_verified,7691_2025,https://standardsbis.bsbedge.com/BIS_Preview.aspx?id=7691_2025,present,absent,absent,absent,0,0,0,0,0,success,True,False
IS 16242 (Part 3):2025,IS 16242 (Part 3):2025,True,True,match_version_verified,16242_3_2025,https://standardsbis.bsbedge.com/BIS_Preview.aspx?id=16242_3_2025,absent,present,absent,present,1,0,1,0,0,partial_success,True,False
IS 19257 P:2025,IS 19257 P:2025,True,False,unknown,,,not_verified,not_verified,not_verified,absent,0,0,0,0,0,failed,False,True
IS 7098 (Part 1):2025,IS 7098 (Part 1):2025,True,True,match_version_verified,7098_1_2025,https://standardsbis.bsbedge.com/BIS_Preview.aspx?id=7098_1_2025,present,absent,present,absent,0,0,0,0,0,success,True,False
IS 11692:2025,IS 11692:2025,True,True,match_version_verified,11692_2025,https://standardsbis.bsbedge.com/BIS_Preview.aspx?id=11692_2025,absent,present,absent,present,1,0,1,0,0,partial_success,True,False
IS 19283:2025,IS 19283:2025,True,True,match_version_verified,19283_2025,https://standardsbis.bsbedge.com/BIS_Preview.aspx?id=19283_2025,absent,present,absent,present,1,0,1,0,0,partial_success,True,False
IS 19284 (Part 1):2025,IS 19284 (Part 1):2025,True,True,match_version_verified,19284_1_2025,https://standardsbis.bsbedge.com/BIS_Preview.aspx?id=19284_1_2025,absent,present,absent,present,1,0,1,0,0,partial_success,True,False
IS/IEC 60519 (Part 4):2021,IS/IEC 60519 (Part 4):2021,True,True,unknown,iec60519_4_2021,,absent,absent,absent,absent,0,0,0,0,0,partial_success,False,True
IS 12762 (Part 2):2025,IS 12762 (Part 2):2025,True,True,match_version_verified,12762_2_2025,https://standardsbis.bsbedge.com/BIS_Preview.aspx?id=12762_2_2025,absent,present,absent,present,1,0,1,0,0,partial_success,True,False
IS 14578:2025,IS 14578:2025,True,True,match_version_uncertain,14578,,present,absent,absent,present,21,21,0,0,0,partial_success,False,True
IS/IEC 61730 (Part 1):2023,IS/IEC 61730 (Part 1):2023,True,True,unknown,iec61730_1_2023,,absent,absent,absent,absent,0,0,0,0,0,partial_success,False,True
IS/IEC 61730 (Part 2):2023,IS/IEC 61730 (Part 2):2023,True,True,unknown,iec61730_2_2023,,absent,absent,absent,absent,0,0,0,0,0,partial_success,False,True
IS/IEC 62548:2023,IS/IEC 62548:2023,True,True,unknown,iec62548_2023,,absent,absent,absent,absent,0,0,0,0,0,partial_success,False,True
IS/IEC/TS 62915:2023,IS/IEC/TS 62915:2023,True,True,unknown,iec62915_2023,,absent,absent,absent,absent,0,0,0,0,0,partial_success,False,True
IS 398 (Part 2):2025,IS 398 (Part 2):2025,True,True,match_version_verified,398_2_2025,https://standardsbis.bsbedge.com/BIS_Preview.aspx?id=398_2_2025,present,absent,absent,absent,0,0,0,0,0,success,True,False
IS 19143 (Part 3/Sec 1):2025,IS 19143 (Part 3/Sec 1):2025,True,True,unknown,19143_3_1_2025,,absent,absent,absent,absent,0,0,0,0,0,partial_success,False,True
IS 6303 (Part 6):2025,IS 6303 (Part 6):2025,True,True,match_version_verified,6303_6_2025,https://standardsbis.bsbedge.com/BIS_Preview.aspx?id=6303_6_2025,absent,present,absent,absent,0,0,0,0,0,partial_success,True,False
IS 4051:2025,IS 4051:2025,True,True,match_version_verified,4051_2025,https://standardsbis.bsbedge.com/BIS_Preview.aspx?id=4051_2025,present,absent,absent,absent,0,0,0,0,0,success,True,False
IS 8144:2025,IS 8144:2025,True,True,match_version_verified,8144_2025,https://standardsbis.bsbedge.com/BIS_Preview.aspx?id=8144_2025,present,absent,absent,present,3,2,1,0,1,success,True,False
IS 9559:2025,IS 9559:2025,True,True,match_version_verified,9559_2025,https://standardsbis.bsbedge.com/BIS_Preview.aspx?id=9559_2025,present,absent,absent,absent,0,0,0,0,0,success,True,False
IS/IEC 60255 (Part 187/Sec 1):2021,IS/IEC 60255 (Part 187/Sec 1):2021,True,True,unknown,iec60255_187_1_2021,,absent,absent,absent,absent,0,0,0,0,0,partial_success,False,True
IS 19142:2025,IS 19142:2025,True,True,unknown,19142_2025,,absent,absent,absent,absent,0,0,0,0,0,partial_success,False,True
IS 19143 (Part 4/Sec 4):2025,IS 19143 (Part 4/Sec 4):2025,True,True,match_version_verified,19143_4_4_2025,https://standardsbis.bsbedge.com/BIS_Preview.aspx?id=19143_4_4_2025,absent,present,absent,present,1,0,1,0,0,partial_success,True,False
IS 13730 (Part 27/Sec 3):2025,IS 13730 (Part 27/Sec 3):2025,True,True,match_version_verified,13730_27_3_2025,https://standardsbis.bsbedge.com/BIS_Preview.aspx?id=13730_27_3_2025,absent,present,absent,present,5,1,4,0,0,partial_success,True,False
IS 17123 (Part 1):2025,IS 17123 (Part 1):2025,True,True,match_version_verified,17123_1_2025,https://standardsbis.bsbedge.com/BIS_Preview.aspx?id=17123_1_2025,absent,present,absent,present,1,0,1,0,0,partial_success,True,False
IS 13730 (Part 27/Sec 4):2025,IS 13730 (Part 27/Sec 4):2025,True,True,match_version_verified,13730_27_4_2025,https://standardsbis.bsbedge.com/BIS_Preview.aspx?id=13730_27_4_2025,absent,present,absent,present,2,1,1,0,0,partial_success,True,False
IS 17123 (Part 3):2025,IS 17123 (Part 3):2025,True,True,match_version_verified,17123_3_2025,https://standardsbis.bsbedge.com/BIS_Preview.aspx?id=17123_3_2025,absent,present,absent,present,1,0,1,0,0,partial_success,True,False
IS 17123 (Part 5/Sec 1):2025,IS 17123 (Part 5/Sec 1):2025,True,True,match_version_verified,17123_5_1_2025,https://standardsbis.bsbedge.com/BIS_Preview.aspx?id=17123_5_1_2025,absent,present,absent,present,1,0,1,0,0,partial_success,True,False
IS 17123 (Part 5/Sec 3):2025,IS 17123 (Part 5/Sec 3):2025,True,True,match_version_verified,17123_5_3_2025,https://standardsbis.bsbedge.com/BIS_Preview.aspx?id=17123_5_3_2025,absent,present,absent,present,1,0,1,0,0,partial_success,True,False
IS 17123 (Part 7/Sec 201):2025,IS 17123 (Part 7/Sec 201):2025,True,True,match_version_verified,17123_7_201_2025,https://standardsbis.bsbedge.com/BIS_Preview.aspx?id=17123_7_201_2025,absent,present,absent,present,1,0,1,0,0,partial_success,True,False
IS/IEC 60034 (Part 23):2019,IS/IEC 60034 (Part 23):2019,True,True,unknown,iec60034_23_2019,,absent,absent,absent,absent,0,0,0,0,0,partial_success,False,True
IS 996:2025,IS 996:2025,True,True,match_version_verified,996_2025,https://standardsbis.bsbedge.com/BIS_Preview.aspx?id=996_2025,present,absent,absent,present,29,22,7,0,6,success,True,False
IS 13730 (Part 27/Sec 1):2025,IS 13730 (Part 27/Sec 1):2025,True,True,match_version_verified,13730_27_1_2025,https://standardsbis.bsbedge.com/BIS_Preview.aspx?id=13730_27_1_2025,absent,present,absent,present,1,0,1,0,0,partial_success,True,False
IS 13730 (Part 27/Sec 2):2025,IS 13730 (Part 27/Sec 2):2025,True,True,match_version_verified,13730_27_2_2025,https://standardsbis.bsbedge.com/BIS_Preview.aspx?id=13730_27_2_2025,absent,present,absent,present,1,0,1,0,0,partial_success,True,False
IS 13730 (Part 57):2025,IS 13730 (Part 57):2025,True,True,match_version_verified,13730_57_2025,https://standardsbis.bsbedge.com/BIS_Preview.aspx?id=13730_57_2025,absent,present,absent,present,6,1,5,0,0,partial_success,True,False
IS/IEC/TS 60034 (Part 25):2022,IS/IEC/TS 60034 (Part 25):2022,True,True,unknown,iec60034_25_2022,,absent,absent,absent,absent,0,0,0,0,0,partial_success,False,True
IS 2069:2025,IS 2069:2025,True,True,match_version_verified,2069_2025,https://standardsbis.bsbedge.com/BIS_Preview.aspx?id=2069_2025,present,absent,absent,absent,0,0,0,0,0,success,True,False
IS 10161:2025,IS 10161:2025,True,True,match_version_verified,10161_2025,https://standardsbis.bsbedge.com/BIS_Preview.aspx?id=10161_2025,present,absent,absent,absent,0,0,0,0,0,success,True,False
IS 16075:2025,IS 16075:2025,True,True,match_version_verified,16075_2025,https://standardsbis.bsbedge.com/BIS_Preview.aspx?id=16075_2025,absent,present,absent,absent,0,0,0,0,0,partial_success,True,False
IS 16242 (Part 1):2025,IS 16242 (Part 1):2025,True,True,match_version_verified,16242_1_2025,https://standardsbis.bsbedge.com/BIS_Preview.aspx?id=16242_1_2025,absent,present,absent,absent,0,0,0,0,0,partial_success,True,False
IS 16539 (Part 1/Sec 1):2025,IS 16539 (Part 1/Sec 1):2025,True,True,unknown,16539_1_1,,absent,absent,absent,absent,0,0,0,0,0,partial_success,False,True
IS/IEC 60034 (Part 18/Sec 41):2014,IS/IEC 60034 (Part 18/Sec 41):2014,True,True,unknown,iec60034_18_41_2014,,absent,absent,absent,absent,0,0,0,0,0,partial_success,False,True
IS 19127:2025,IS 19127:2025,True,True,match_version_verified,19127_2025,https://standardsbis.bsbedge.com/BIS_Preview.aspx?id=19127_2025,absent,present,absent,present,1,0,1,0,0,partial_success,True,False
IS/IEC 60034 (Part 2/Sec 1):2024,IS/IEC 60034 (Part 2/Sec 1):2024,True,True,unknown,iec60034_2_1_2024,,absent,absent,absent,absent,0,0,0,0,0,partial_success,False,True
IS 17123 (Part 7/Sec 1):2025,IS 17123 (Part 7/Sec 1):2025,True,True,match_version_verified,17123_7_1_2025,https://standardsbis.bsbedge.com/BIS_Preview.aspx?id=17123_7_1_2025,absent,present,absent,present,1,0,1,0,0,partial_success,True,False
IS 17123 (Part 7/Sec 202):2025,IS 17123 (Part 7/Sec 202):2025,True,True,match_version_verified,17123_7_202_2025,https://standardsbis.bsbedge.com/BIS_Preview.aspx?id=17123_7_202_2025,absent,present,absent,present,1,0,1,0,0,partial_success,True,False
IS 17123 (Part 7/Sec 203):2025,IS 17123 (Part 7/Sec 203):2025,True,True,match_version_verified,17123_7_203_2025,https://standardsbis.bsbedge.com/BIS_Preview.aspx?id=17123_7_203_2025,absent,present,absent,present,1,0,1,0,0,partial_success,True,False
IS 17123 (Part 7/Sec 204):2025,IS 17123 (Part 7/Sec 204):2025,True,True,match_version_verified,17123_7_204_2025,https://standardsbis.bsbedge.com/BIS_Preview.aspx?id=17123_7_204_2025,absent,present,absent,present,1,0,1,0,0,partial_success,True,False
IS 17123 (Part 7/Sec 301):2025,IS 17123 (Part 7/Sec 301):2025,True,True,match_version_verified,17123_7_301_2025,https://standardsbis.bsbedge.com/BIS_Preview.aspx?id=17123_7_301_2025,absent,present,absent,present,1,0,1,0,0,partial_success,True,False
IS 17123 (Part 7/Sec 302):2025,IS 17123 (Part 7/Sec 302):2025,True,True,match_version_verified,17123_7_302_2025,https://standardsbis.bsbedge.com/BIS_Preview.aspx?id=17123_7_302_2025,absent,present,absent,present,1,0,1,0,0,partial_success,True,False
IS 17123 (Part 7/Sec 303):2025,IS 17123 (Part 7/Sec 303):2025,True,True,match_version_verified,17123_7_303_2025,https://standardsbis.bsbedge.com/BIS_Preview.aspx?id=17123_7_303_2025,absent,present,absent,present,1,0,1,0,0,partial_success,True,False
IS 17123 (Part 7/Sec 304):2025,IS 17123 (Part 7/Sec 304):2025,True,True,match_version_verified,17123_7_304_2025,https://standardsbis.bsbedge.com/BIS_Preview.aspx?id=17123_7_304_2025,absent,present,absent,present,1,0,1,0,0,partial_success,True,False
IS 17123 (Part 8):2025,IS 17123 (Part 8):2025,True,True,match_version_verified,17123_8_2025,https://standardsbis.bsbedge.com/BIS_Preview.aspx?id=17123_8_2025,absent,present,absent,absent,0,0,0,0,0,partial_success,True,False
IS 17123 (Part 9/Sec 2):2025,IS 17123 (Part 9/Sec 2):2025,True,True,match_version_verified,17123_9_2_2025,https://standardsbis.bsbedge.com/BIS_Preview.aspx?id=17123_9_2_2025,absent,present,absent,present,1,0,1,0,0,partial_success,True,False
IS/IEC 60034 (Part 18/Sec 42):2017,IS/IEC 60034 (Part 18/Sec 42):2017,True,True,unknown,iec60034_18_42_2017,,absent,absent,absent,absent,0,0,0,0,0,partial_success,False,True
IS/IEC 60071 (Part 11):2022,IS/IEC 60071 (Part 11):2022,True,True,unknown,iec60071_11_2022,,absent,absent,absent,absent,0,0,0,0,0,partial_success,False,True
IS 17123 (Part 9/Sec 1):2025,IS 17123 (Part 9/Sec 1):2025,True,True,unknown,17123_9_1_2025,,absent,present,absent,present,1,0,1,0,0,partial_success,False,True
IS 17123 (Part 2):2025,IS 17123 (Part 2):2025,True,True,match_version_verified,17123_2_2025,https://standardsbis.bsbedge.com/BIS_Preview.aspx?id=17123_2_2025,absent,present,absent,present,3,2,1,0,0,partial_success,True,False
IS 4250:2025,IS 4250:2025,True,True,match_version_verified,4250_2025,https://standardsbis.bsbedge.com/BIS_Preview.aspx?id=4250_2025,present,absent,absent,present,5,5,0,0,0,success,True,False
IS 15787:2025,IS 15787:2025,True,True,match_version_verified,15787_2025,https://standardsbis.bsbedge.com/BIS_Preview.aspx?id=15787_2025,present,absent,present,absent,0,0,0,0,0,success,True,False
IS 16242 (Part 5/Sec 3):2025,IS 16242 (Part 5/Sec 3):2025,True,True,match_version_verified,16242_5_3_2025,https://standardsbis.bsbedge.com/BIS_Preview.aspx?id=16242_5_3_2025,absent,present,absent,present,1,0,1,0,0,partial_success,True,False
IS 18483 (Part 3):2025,IS 18483 (Part 3):2025,True,True,match_version_verified,18483_3_2025,https://standardsbis.bsbedge.com/BIS_Preview.aspx?id=18483_3_2025,absent,present,absent,present,1,0,1,0,0,partial_success,True,False
IS 19095 (Part 2/Sec 1):2025,IS 19095 (Part 2/Sec 1):2025,True,True,match_version_verified,19095_2_1_2025,https://standardsbis.bsbedge.com/BIS_Preview.aspx?id=19095_2_1_2025,absent,present,absent,present,1,0,1,0,0,partial_success,True,False
IS 19095 (Part 2/Sec 2):2025,IS 19095 (Part 2/Sec 2):2025,True,True,match_version_verified,19095_2_2_2025,https://standardsbis.bsbedge.com/BIS_Preview.aspx?id=19095_2_2_2025,absent,present,absent,present,1,0,1,0,0,partial_success,True,False
IS/IEC 60127 (Part 2):2014,IS/IEC 60127 (Part 2):2014,True,True,unknown,iec60127_2_2014,,absent,absent,absent,absent,0,0,0,0,0,partial_success,False,True
IS/IEC 60127 (Part 10):2001,IS/IEC 60127 (Part 10):2001,True,True,unknown,iec60127_10_2001,,absent,absent,absent,absent,0,0,0,0,0,partial_success,False,True
IS/IEC 60071 (Part 12):2022,IS/IEC 60071 (Part 12):2022,True,True,unknown,iec60071_12_2022,,absent,absent,absent,absent,0,0,0,0,0,partial_success,False,True
IS/IEC 60034 (Part 1):2022,IS/IEC 60034 (Part 1):2022,True,True,unknown,iec60034_1_2022,,absent,absent,absent,absent,0,0,0,0,0,partial_success,False,True
IS 60127 (Part 3):2015,IS 60127 (Part 3):2015,True,True,unknown,60127_3_2015,,absent,absent,absent,absent,0,0,0,0,0,partial_success,False,True
IS/IEC 60127 (Part 6):2023,IS/IEC 60127 (Part 6):2023,True,True,unknown,iec60127_6_2023,,absent,absent,absent,absent,0,0,0,0,0,partial_success,False,True
IS 17017 (Part 30):2025,IS 17017 (Part 30):2025,True,True,match_version_verified,17017_30_2025,https://standardsbis.bsbedge.com/BIS_Preview.aspx?id=17017_30_2025,present,absent,present,present,1,1,0,0,0,success,True,False
IS/IEC 60127 (Part 7):2015,IS/IEC 60127 (Part 7):2015,True,True,unknown,iec60127_7_2015,,absent,absent,absent,absent,0,0,0,0,0,partial_success,False,True
IS/IEC 60127 (Part 8):2018,IS/IEC 60127 (Part 8):2018,True,True,unknown,iec60127_8_2018,,absent,absent,absent,absent,0,0,0,0,0,partial_success,False,True
IS 8084:2025,IS 8084:2025,True,True,match_version_verified,8084_2025,https://standardsbis.bsbedge.com/BIS_Preview.aspx?id=8084_2025,present,absent,absent,absent,0,0,0,0,0,success,True,False
IS 9320:2025,IS 9320:2025,True,True,match_version_verified,9320_2025,https://standardsbis.bsbedge.com/BIS_Preview.aspx?id=9320_2025,present,absent,absent,absent,0,0,0,0,0,success,True,False
IS 9815 (Part 1):2025,IS 9815 (Part 1):2025,True,True,match_version_verified,9815_1_2025,https://standardsbis.bsbedge.com/BIS_Preview.aspx?id=9815_1_2025,present,absent,absent,absent,0,0,0,0,0,success,True,False
IS/IEC 60127 (Part 1):2023,IS/IEC 60127 (Part 1):2023,True,True,unknown,iec60127_1_2023,,absent,absent,absent,absent,0,0,0,0,0,partial_success,False,True
IS 16197 (Part 10):2025,IS 16197 (Part 10):2025,True,True,match_version_verified,16197_10_2025,https://standardsbis.bsbedge.com/BIS_Preview.aspx?id=16197_10_2025,absent,present,absent,present,1,0,1,0,0,partial_success,True,False
IS 17064 (Part 4):2025,IS 17064 (Part 4):2025,True,True,match_version_verified,17064_4_2025,https://standardsbis.bsbedge.com/BIS_Preview.aspx?id=17064_4_2025,absent,present,absent,present,1,0,1,0,0,partial_success,True,False
IS 17064 (Part 10):2025,IS 17064 (Part 10):2025,True,True,match_version_verified,17064_10_2025,https://standardsbis.bsbedge.com/BIS_Preview.aspx?id=17064_10_2025,absent,present,absent,present,1,0,1,0,0,partial_success,True,False
IS 19095 (Part 1):2025,IS 19095 (Part 1):2025,True,True,match_version_verified,19095_1_2025,https://standardsbis.bsbedge.com/BIS_Preview.aspx?id=19095_1_2025,absent,present,absent,present,1,0,1,0,0,partial_success,True,False
IS 13730 (Part 1):2025,IS 13730 (Part 1):2025,True,True,match_version_verified,13730_1_2025,https://standardsbis.bsbedge.com/BIS_Preview.aspx?id=13730_1_2025,absent,present,absent,absent,0,0,0,0,0,partial_success,True,False
IS 2026 (Part 10):2025,IS 2026 (Part 10):2025,True,True,match_version_verified,2026_10_2025,https://standardsbis.bsbedge.com/BIS_Preview.aspx?id=2026_10_2025,absent,present,absent,present,1,0,1,0,0,partial_success,True,False
IS 6303 (Part 3):2025,IS 6303 (Part 3):2025,True,True,match_version_verified,6303_3_2025,https://standardsbis.bsbedge.com/BIS_Preview.aspx?id=6303_3_2025,absent,present,absent,present,2,1,1,0,0,partial_success,True,False
IS 18972 (Part 1):2025,IS 18972 (Part 1):2025,True,True,match_version_verified,18972_1_2025,https://standardsbis.bsbedge.com/BIS_Preview.aspx?id=18972_1_2025,absent,present,absent,absent,0,0,0,0,0,partial_success,True,False
IS 18972 (Part 20):2025,IS 18972 (Part 20):2025,True,True,match_version_verified,18972_20_2025,https://standardsbis.bsbedge.com/BIS_Preview.aspx?id=18972_20_2025,absent,present,absent,present,1,0,1,0,0,partial_success,True,False
IS 18972 (Part 100):2025,IS 18972 (Part 100):2025,True,True,match_version_verified,18972_100_2025,https://standardsbis.bsbedge.com/BIS_Preview.aspx?id=18972_100_2025,absent,present,absent,present,1,0,1,0,0,partial_success,True,False
IS 18968:2025,IS 18968:2025,True,True,match_version_verified,18968_2025,https://standardsbis.bsbedge.com/BIS_Preview.aspx?id=18968_2025,absent,present,absent,absent,0,0,0,0,0,partial_success,True,False
IS 18969:2025,IS 18969:2025,True,True,match_version_verified,18969_2025,https://standardsbis.bsbedge.com/BIS_Preview.aspx?id=18969_2025,absent,present,absent,absent,0,0,0,0,0,partial_success,True,False
IS 18970:2025,IS 18970:2025,True,True,match_version_verified,18970_2025,https://standardsbis.bsbedge.com/BIS_Preview.aspx?id=18970_2025,absent,present,absent,absent,0,0,0,0,0,partial_success,True,False
IS 18925 (Part 2):2025,IS 18925 (Part 2):2025,True,True,match_version_verified,18925_2_2025,https://standardsbis.bsbedge.com/BIS_Preview.aspx?id=18925_2_2025,absent,present,absent,present,1,0,1,0,0,partial_success,True,False
IS 9385 (Part 6):2025,IS 9385 (Part 6):2025,True,True,match_version_verified,9385_6_2025,https://standardsbis.bsbedge.com/BIS_Preview.aspx?id=9385_6_2025,absent,present,absent,present,1,0,1,0,0,partial_success,True,False
IS 16197 (Part 12):2025,IS 16197 (Part 12):2025,True,True,match_version_verified,16197_12_2025,https://standardsbis.bsbedge.com/BIS_Preview.aspx?id=16197_12_2025,absent,present,absent,present,1,0,1,0,0,partial_success,True,False
IS 18818:2025,IS 18818:2025,True,True,match_version_verified,18818_2025,https://standardsbis.bsbedge.com/BIS_Preview.aspx?id=18818_2025,absent,present,absent,present,1,0,1,0,0,partial_success,True,False
IS 18925 (Part 1):2025,IS 18925 (Part 1):2025,True,True,match_version_verified,18925_1_2025,https://standardsbis.bsbedge.com/BIS_Preview.aspx?id=18925_1_2025,absent,present,absent,present,1,0,1,0,0,partial_success,True,False
IS 18925 (Part 3):2025,IS 18925 (Part 3):2025,True,True,match_version_verified,18925_3_2025,https://standardsbis.bsbedge.com/BIS_Preview.aspx?id=18925_3_2025,absent,present,absent,present,1,0,1,0,0,partial_success,True,False
IS 18925 (Part 4):2025,IS 18925 (Part 4):2025,True,True,match_version_verified,18925_4_2025,https://standardsbis.bsbedge.com/BIS_Preview.aspx?id=18925_4_2025,absent,present,absent,present,1,0,1,0,0,partial_success,True,False
IS 18925 (Part 5):2025,IS 18925 (Part 5):2025,True,True,match_version_verified,18925_5_2025,https://standardsbis.bsbedge.com/BIS_Preview.aspx?id=18925_5_2025,absent,present,absent,present,1,0,1,0,0,partial_success,True,False
IS 18925 (Part 6):2025,IS 18925 (Part 6):2025,True,True,match_version_verified,18925_6_2025,https://standardsbis.bsbedge.com/BIS_Preview.aspx?id=18925_6_2025,absent,present,absent,present,1,0,1,0,0,partial_success,True,False
IS 18925 (Part 7):2025,IS 18925 (Part 7):2025,True,True,match_version_verified,18925_7_2025,https://standardsbis.bsbedge.com/BIS_Preview.aspx?id=18925_7_2025,absent,present,absent,present,1,0,1,0,0,partial_success,True,False
IS 18925 (Part 8):2025,IS 18925 (Part 8):2025,True,True,match_version_verified,18925_8_2025,https://standardsbis.bsbedge.com/BIS_Preview.aspx?id=18925_8_2025,absent,present,absent,absent,0,0,0,0,0,partial_success,True,False
IS 18972 (Part 2):2025,IS 18972 (Part 2):2025,True,True,match_version_verified,18972_2_2025,https://standardsbis.bsbedge.com/BIS_Preview.aspx?id=18972_2_2025,absent,present,absent,absent,0,0,0,0,0,partial_success,True,False
IS 18972 (Part 10):2025,IS 18972 (Part 10):2025,True,True,match_version_verified,18972_10_2025,https://standardsbis.bsbedge.com/BIS_Preview.aspx?id=18972_10_2025,absent,present,absent,present,1,0,1,0,0,partial_success,True,False
IS/IEC 60947 (Part 7/Sec 1):2009,IS/IEC 60947 (Part 7/Sec 1):2009,True,True,unknown,iec60947_7_1_2009,,absent,absent,absent,absent,0,0,0,0,0,partial_success,False,True
IS/IEC 60947 (Part 7/Sec 2):2009,IS/IEC 60947 (Part 7/Sec 2):2009,True,True,unknown,iec60947_7_2_2009,,absent,absent,absent,absent,0,0,0,0,0,partial_success,False,True
IS 12065:2025,IS 12065:2025,True,True,match_version_verified,12065_2025,https://standardsbis.bsbedge.com/BIS_Preview.aspx?id=12065_2025,present,absent,present,present,15,4,11,0,2,success,True,False
IS 15199 (Part 1):2025,IS 15199 (Part 1):2025,True,True,match_version_verified,15199_1_2025,https://standardsbis.bsbedge.com/BIS_Preview.aspx?id=15199_1_2025,absent,present,absent,present,1,0,1,0,0,partial_success,True,False
IS/IEC 60034 (Part 5):2020,IS/IEC 60034 (Part 5):2020,True,True,unknown,iec60034_5_2020,,absent,absent,absent,absent,0,0,0,0,0,partial_success,False,True
IS 14155:2025,IS 14155:2025,True,True,unknown,14155_2025,,absent,absent,absent,absent,0,0,0,0,0,partial_success,False,True
IS/IEC 60071 (Part 2):2023,IS/IEC 60071 (Part 2):2023,True,True,unknown,iec60071_2_2023,,absent,absent,absent,absent,0,0,0,0,0,partial_success,False,True
IS 13730 (Part 0/Sec 6):2024,IS 13730 (Part 0/Sec 6):2024,True,True,match_version_verified,13730_0_6_2024,https://standardsbis.bsbedge.com/BIS_Preview.aspx?id=13730_0_6_2024,absent,present,absent,present,1,0,1,0,0,partial_success,True,False
IS 13730 (Part 0/Sec 4):2024,IS 13730 (Part 0/Sec 4):2024,True,True,match_version_verified,13730_0_4_2024,https://standardsbis.bsbedge.com/BIS_Preview.aspx?id=13730_0_4_2024,absent,present,absent,present,1,0,1,0,0,partial_success,True,False
IS 13730 (Part 2):2024,IS 13730 (Part 2):2024,True,True,match_version_verified,13730_2_2024,https://standardsbis.bsbedge.com/BIS_Preview.aspx?id=13730_2_2024,absent,present,absent,present,1,0,1,0,0,partial_success,True,False
IS 13730 (Part 17):2024,IS 13730 (Part 17):2024,True,True,match_version_verified,13730_17_2024,https://standardsbis.bsbedge.com/BIS_Preview.aspx?id=13730_17_2024,absent,present,absent,present,1,0,1,0,0,partial_success,True,False
IS 13730 (Part 25):2024,IS 13730 (Part 25):2024,True,True,match_version_verified,13730_25_2024,https://standardsbis.bsbedge.com/BIS_Preview.aspx?id=13730_25_2024,absent,present,absent,absent,0,0,0,0,0,partial_success,True,False
IS 13778 (Part 1):2024,IS 13778 (Part 1):2024,True,True,match_version_verified,13778_1_2024,https://standardsbis.bsbedge.com/BIS_Preview.aspx?id=13778_1_2024,absent,present,absent,present,1,0,1,0,0,partial_success,True,False
IS 13778 (Part 3):2024,IS 13778 (Part 3):2024,True,True,match_version_verified,13778_3_2024,https://standardsbis.bsbedge.com/BIS_Preview.aspx?id=13778_3_2024,absent,present,absent,present,1,0,1,0,0,partial_success,True,False
IS/IEC/TR 63463:2024,IS/IEC/TR 63463:2024,True,True,unknown,iec63463_2024,,absent,absent,absent,absent,0,0,0,0,0,partial_success,False,True
IS/IEC 61557 (Part 9):2023,IS/IEC 61557 (Part 9):2023,True,True,unknown,iec61557_9_2023,,absent,absent,absent,absent,0,0,0,0,0,partial_success,False,True
IS 19059:2024,IS 19059:2024,True,True,match_version_verified,19059_2024,https://standardsbis.bsbedge.com/BIS_Preview.aspx?id=19059_2024,present,absent,absent,present,21,13,8,0,7,success,True,False
IS 13730 (Part 12):2024,IS 13730 (Part 12):2024,True,True,match_version_verified,13730_12_2024,https://standardsbis.bsbedge.com/BIS_Preview.aspx?id=13730_12_2024,absent,present,absent,absent,0,0,0,0,0,partial_success,True,False
IS 19053:2024,IS 19053:2024,True,True,match_version_verified,19053_2024,https://standardsbis.bsbedge.com/BIS_Preview.aspx?id=19053_2024,absent,present,absent,absent,0,0,0,0,0,partial_success,True,False
IS/IEC 61400 (Part 26/Sec 1):2019,IS/IEC 61400 (Part 26/Sec 1):2019,True,True,unknown,iec61400_26_1_2019,,absent,absent,absent,absent,0,0,0,0,0,partial_success,False,True
IS 16502 (Part 4/Sec 2):2024,IS 16502 (Part 4/Sec 2):2024,True,True,match_version_verified,16502_4_2_2024,https://standardsbis.bsbedge.com/BIS_Preview.aspx?id=16502_4_2_2024,absent,present,absent,absent,0,0,0,0,0,partial_success,True,False
IS/IEC/TS 60079 (Part 47):2021,IS/IEC/TS 60079 (Part 47):2021,True,True,unknown,iec60079_47_2021,,absent,absent,absent,absent,0,0,0,0,0,partial_success,False,True
IS/IEC/TS 60079 (Part 43):2017,IS/IEC/TS 60079 (Part 43):2017,True,True,unknown,iec60079_43_2017,,absent,absent,absent,absent,0,0,0,0,0,partial_success,False,True
IS/IEC/TS 60079 (Part 39):2015,IS/IEC/TS 60079 (Part 39):2015,True,True,unknown,iec60079_39_2015,,absent,absent,absent,absent,0,0,0,0,0,partial_success,False,True
IS/IEC/TS 60079 (Part 42):2019,IS/IEC/TS 60079 (Part 42):2019,True,True,unknown,iec60079_42_2019,,absent,absent,absent,absent,0,0,0,0,0,partial_success,False,True
IS 12075:2024,IS 12075:2024,True,True,match_version_verified,12075_2024,https://standardsbis.bsbedge.com/BIS_Preview.aspx?id=12075_2024,present,absent,present,present,4,3,1,0,1,success,True,False
IS/IEC 62146 (Part 2):2023,IS/IEC 62146 (Part 2):2023,True,True,unknown,iec62146_2_2023,,absent,absent,absent,absent,0,0,0,0,0,partial_success,False,True
IS/IEC 60079 (Part 5):2015,IS/IEC 60079 (Part 5):2015,True,True,unknown,iec60079_5_2015,,absent,absent,absent,absent,0,0,0,0,0,partial_success,False,True
IS/IEC 60079 (Part 11):2023,IS/IEC 60079 (Part 11):2023,True,True,unknown,iec60079_11_2023,,absent,absent,absent,absent,0,0,0,0,0,partial_success,False,True
IS/IEC/TS 60079 (Part 32/Sec 1):2013,IS/IEC/TS 60079 (Part 32/Sec 1):2013,True,True,unknown,iec60079_32_1_2013,,absent,absent,absent,absent,0,0,0,0,0,partial_success,False,True
IS/IEC 60143 (Part 2):2012,IS/IEC 60143 (Part 2):2012,True,True,unknown,iec60143_2_2012,,absent,absent,absent,absent,0,0,0,0,0,partial_success,False,True
IS/IEC 60079 (Part 29/Sec 3):2014,IS/IEC 60079 (Part 29/Sec 3):2014,True,True,unknown,iec60079_29_3_2014,,absent,absent,absent,absent,0,0,0,0,0,partial_success,False,True
IS/IEC 60079 (Part 32/Sec 2):2015,IS/IEC 60079 (Part 32/Sec 2):2015,True,True,unknown,iec60079_32_2_2015,,absent,absent,absent,absent,0,0,0,0,0,partial_success,False,True
IS 13340 (Part 1):2024,IS 13340 (Part 1):2024,True,True,match_version_verified,13340_1_2024,https://standardsbis.bsbedge.com/BIS_Preview.aspx?id=13340_1_2024,absent,present,absent,present,1,0,1,0,0,partial_success,True,False
IS 13340 (Part 2):2024,IS 13340 (Part 2):2024,True,True,match_version_verified,13340_2_2024,https://standardsbis.bsbedge.com/BIS_Preview.aspx?id=13340_2_2024,absent,present,absent,present,1,0,1,0,0,partial_success,True,False
IS 16197 (Part 3/Sec 4):2024,IS 16197 (Part 3/Sec 4):2024,True,True,unknown,16197_3_4_2024,,absent,present,absent,present,1,0,1,0,0,partial_success,False,True
IS 16197 (Part 9):2024,IS 16197 (Part 9):2024,True,True,match_version_verified,16197_9_2024,https://standardsbis.bsbedge.com/BIS_Preview.aspx?id=16197_9_2024,absent,present,absent,present,1,0,1,0,0,partial_success,True,False
IS 16197 (Part 3/Sec 3):2024,IS 16197 (Part 3/Sec 3):2024,True,True,unknown,16197_3_3_2024,,absent,present,absent,present,1,0,1,0,0,partial_success,False,True
IS 18596 (Part 9/Sec 7):2024,IS 18596 (Part 9/Sec 7):2024,True,True,match_version_verified,18596_9_7_2024,https://standardsbis.bsbedge.com/BIS_Preview.aspx?id=18596_9_7_2024,absent,present,absent,absent,0,0,0,0,0,partial_success,True,False
IS 9283:2024,IS 9283:2024,True,True,match_version_verified,9283_2024,https://standardsbis.bsbedge.com/BIS_Preview.aspx?id=9283_2024,present,absent,absent,present,29,26,3,0,3,success,True,False
IS 9385 (Part 1):2024,IS 9385 (Part 1):2024,True,True,match_version_verified,9385_1_2024,https://standardsbis.bsbedge.com/BIS_Preview.aspx?id=9385_1_2024,absent,present,absent,present,2,0,2,0,0,partial_success,True,False
IS 18830:2024,IS 18830:2024,True,True,match_version_verified,18830_2024,https://standardsbis.bsbedge.com/BIS_Preview.aspx?id=18830_2024,present,absent,absent,present,4,3,1,0,0,success,True,False
IS 16502 (Part 4/Sec 3):2024,IS 16502 (Part 4/Sec 3):2024,True,True,match_version_verified,16502_4_3_2024,https://standardsbis.bsbedge.com/BIS_Preview.aspx?id=16502_4_3_2024,absent,present,absent,absent,0,0,0,0,0,partial_success,True,False
IS 17805 (Part 20):2024,IS 17805 (Part 20):2024,True,True,match_version_verified,17805_20_2024,https://standardsbis.bsbedge.com/BIS_Preview.aspx?id=17805_20_2024,absent,present,absent,present,1,0,1,0,0,partial_success,True,False
IS 18833:2024,IS 18833:2024,True,True,match_version_verified,18833_2024,https://standardsbis.bsbedge.com/BIS_Preview.aspx?id=18833_2024,absent,present,absent,present,1,0,1,0,0,partial_success,True,False
IS 8263:2024,IS 8263:2024,True,True,match_version_verified,8263_2024,https://standardsbis.bsbedge.com/BIS_Preview.aspx?id=8263_2024,absent,present,absent,present,3,0,3,0,0,partial_success,True,False
IS 13730 (Part 0/Sec 2):2024,IS 13730 (Part 0/Sec 2):2024,True,True,match_version_verified,13730_0_2_2024,https://standardsbis.bsbedge.com/BIS_Preview.aspx?id=13730_0_2_2024,absent,present,absent,absent,0,0,0,0,0,partial_success,True,False
IS 9402:2024,IS 9402:2024,True,True,match_version_verified,9402_2024,https://standardsbis.bsbedge.com/BIS_Preview.aspx?id=9402_2024,absent,present,absent,absent,0,0,0,0,0,partial_success,True,False
IS 18483 (Part 2):2024,IS 18483 (Part 2):2024,True,True,match_version_verified,18483_2_2024,https://standardsbis.bsbedge.com/BIS_Preview.aspx?id=18483_2_2024,absent,present,absent,present,1,0,1,0,0,partial_success,True,False
IS 10624:2024,IS 10624:2024,True,True,match_version_verified,10624_2024,https://standardsbis.bsbedge.com/BIS_Preview.aspx?id=10624_2024,absent,present,absent,present,1,0,1,0,0,partial_success,True,False
IS 302 (Part 2/Sec 42):2024,IS 302 (Part 2/Sec 42):2024,True,True,match_version_verified,302_2_42_2024,https://standardsbis.bsbedge.com/BIS_Preview.aspx?id=302_2_42_2024,fallback,present,present,present,8,4,4,0,0,success,True,False
IS 302 (Part 1):2024,IS 302 (Part 1):2024,True,True,match_version_verified,302_1_2024,https://standardsbis.bsbedge.com/BIS_Preview.aspx?id=302_1_2024,absent,present,absent,present,1,0,1,0,0,partial_success,True,False
IS 302 (Part 2/Sec 3):2024,IS 302 (Part 2/Sec 3):2024,True,True,match_version_verified,302_2_3_2024,https://standardsbis.bsbedge.com/BIS_Preview.aspx?id=302_2_3_2024,fallback,present,present,present,6,5,1,0,0,success,True,False
IS 8151:2024,IS 8151:2024,True,True,match_version_uncertain,8151,,present,absent,absent,present,10,10,0,0,0,partial_success,False,True
IS/IEC 60127 (Part 5):2016,IS/IEC 60127 (Part 5):2016,True,True,unknown,iec60127_5_2016,,absent,absent,absent,absent,0,0,0,0,0,partial_success,False,True
IS 16667:2024,IS 16667:2024,True,True,match_version_uncertain,16667,,absent,present,absent,absent,0,0,0,0,0,partial_success,False,True
IS 302 (Part 2/Sec 8):2024,IS 302 (Part 2/Sec 8):2024,True,True,match_version_verified,302_2_8_2024,https://standardsbis.bsbedge.com/BIS_Preview.aspx?id=302_2_8_2024,fallback,present,present,present,5,4,1,0,0,success,True,False
IS 302 (Part 2/Sec 13):2024,IS 302 (Part 2/Sec 13):2024,True,True,match_version_verified,302_2_13_2024,https://standardsbis.bsbedge.com/BIS_Preview.aspx?id=302_2_13_2024,fallback,present,present,present,5,4,1,0,0,success,True,False
IS 302 (Part 2/Sec 59):2024,IS 302 (Part 2/Sec 59):2024,True,True,match_version_verified,302_2_59_2024,https://standardsbis.bsbedge.com/BIS_Preview.aspx?id=302_2_59_2024,fallback,present,present,present,5,4,1,0,0,success,True,False
IS 302 (Part 2/Sec 74):2024,IS 302 (Part 2/Sec 74):2024,True,True,match_version_verified,302_2_74_2024,https://standardsbis.bsbedge.com/BIS_Preview.aspx?id=302_2_74_2024,fallback,present,present,present,9,7,2,0,0,success,True,False
IS 15617:2024,IS 15617:2024,True,True,unknown,15617_2024,,absent,absent,absent,absent,0,0,0,0,0,partial_success,False,True
IS/IEC 61557 (Part 8):2014,IS/IEC 61557 (Part 8):2014,True,True,unknown,iec61557_8_2014,,absent,absent,absent,absent,0,0,0,0,0,partial_success,False,True
IS 5825:2024,IS 5825:2024,True,True,match_version_verified,5825_2024,https://standardsbis.bsbedge.com/BIS_Preview.aspx?id=5825_2024,absent,present,absent,present,1,0,1,0,0,partial_success,True,False
IS 18596 (Part 9/Sec 8):2024,IS 18596 (Part 9/Sec 8):2024,True,True,match_version_verified,18596_9_8_2024,https://standardsbis.bsbedge.com/BIS_Preview.aspx?id=18596_9_8_2024,absent,present,absent,absent,0,0,0,0,0,partial_success,True,False
IS/IEC 61557 (Part 15):2014,IS/IEC 61557 (Part 15):2014,True,True,unknown,iec61557_15_2014,,absent,absent,absent,absent,0,0,0,0,0,partial_success,False,True
IS 18596 (Part 12/Sec 1):2024,IS 18596 (Part 12/Sec 1):2024,True,True,match_version_verified,18596_12_1_2024,https://standardsbis.bsbedge.com/BIS_Preview.aspx?id=18596_12_1_2024,absent,present,absent,absent,0,0,0,0,0,partial_success,True,False
IS 18444 (Part 57/Sec 129):2024,IS 18444 (Part 57/Sec 129):2024,True,True,match_version_verified,18444_57_129_2024,https://standardsbis.bsbedge.com/BIS_Preview.aspx?id=18444_57_129_2024,absent,present,absent,absent,0,0,0,0,0,partial_success,True,False
IS 302 (Part 2/Sec 21):2024,IS 302 (Part 2/Sec 21):2024,True,True,match_version_verified,302_2_21_2024,https://standardsbis.bsbedge.com/BIS_Preview.aspx?id=302_2_21_2024,fallback,present,present,present,6,5,1,0,0,success,True,False
IS 16071 (Part 5):2024,IS 16071 (Part 5):2024,True,True,match_version_verified,16071_5_2024,https://standardsbis.bsbedge.com/BIS_Preview.aspx?id=16071_5_2024,absent,present,absent,absent,0,0,0,0,0,partial_success,True,False
IS 14570:2024,IS 14570:2024,True,True,match_version_verified,14570_2024,https://standardsbis.bsbedge.com/BIS_Preview.aspx?id=14570_2024,absent,present,absent,absent,0,0,0,0,0,partial_success,True,False
IS 18603:2024,IS 18603:2024,True,True,match_version_verified,18603_2024,https://standardsbis.bsbedge.com/BIS_Preview.aspx?id=18603_2024,absent,present,absent,present,1,0,1,0,0,partial_success,True,False
IS 6304:2024,IS 6304:2024,True,True,match_version_uncertain,6304,,present,absent,absent,absent,0,0,0,0,0,partial_success,False,True
IS 13369:2024,IS 13369:2024,True,True,match_version_uncertain,13369,,present,absent,absent,present,6,6,0,0,0,partial_success,False,True
IS 17860:2024,IS 17860:2024,True,True,unknown,17860_2024,,absent,absent,absent,absent,0,0,0,0,0,partial_success,False,True
IS/IEC 61557 (Part 5):2019,IS/IEC 61557 (Part 5):2019,True,True,unknown,iec61557_5_2019,,absent,absent,absent,absent,0,0,0,0,0,partial_success,False,True
IS 18687:2024,IS 18687:2024,True,True,unknown,18687_2024,,absent,absent,absent,absent,0,0,0,0,0,partial_success,False,True
IS/IEC 61557 (Part 13):2023,IS/IEC 61557 (Part 13):2023,True,True,unknown,iec61557_13_2023,,absent,absent,absent,absent,0,0,0,0,0,partial_success,False,True
IS 16071 (Part 4):2024,IS 16071 (Part 4):2024,True,True,match_version_verified,16071_4_2024,https://standardsbis.bsbedge.com/BIS_Preview.aspx?id=16071_4_2024,absent,present,absent,absent,0,0,0,0,0,partial_success,True,False
IS 12762 (Part 1):2024,IS 12762 (Part 1):2024,True,True,match_version_verified,12762_1_2024,https://standardsbis.bsbedge.com/BIS_Preview.aspx?id=12762_1_2024,absent,present,absent,present,3,0,3,0,0,partial_success,True,False
IS 12640 (Part 1):2024,IS 12640 (Part 1):2024,True,True,match_version_verified,12640_1_2024,https://standardsbis.bsbedge.com/BIS_Preview.aspx?id=12640_1_2024,absent,present,absent,present,1,0,1,0,0,partial_success,True,False
IS 18596 (Part 3):2024,IS 18596 (Part 3):2024,True,True,match_version_verified,18596_3_2024,https://standardsbis.bsbedge.com/BIS_Preview.aspx?id=18596_3_2024,absent,present,absent,absent,0,0,0,0,0,partial_success,True,False
IS 18461:2024,IS 18461:2024,True,True,match_version_verified,18461_2024,https://standardsbis.bsbedge.com/BIS_Preview.aspx?id=18461_2024,absent,absent,absent,absent,0,0,0,0,0,partial_success,True,True
IS/IEC 60383 (Part 1):2023,IS/IEC 60383 (Part 1):2023,True,True,unknown,iec60383_1_2023,,absent,absent,absent,absent,0,0,0,0,0,partial_success,False,True
IS/IEC 61557 (Part 16):2023,IS/IEC 61557 (Part 16):2023,True,True,unknown,iec61557_16_2023,,absent,absent,absent,absent,0,0,0,0,0,partial_success,False,True
IS/IEC 61462:2023,IS/IEC 61462:2023,True,True,unknown,iec61462_2023,,absent,absent,absent,absent,0,0,0,0,0,partial_success,False,True
IS 17575:2024,IS 17575:2024,True,True,match_version_verified,17575_2024,https://standardsbis.bsbedge.com/BIS_Preview.aspx?id=17575_2024,absent,present,absent,absent,0,0,0,0,0,partial_success,True,False
IS/IEC 61557 (Part 10):2013,IS/IEC 61557 (Part 10):2013,True,True,unknown,iec61557_10_2013,,absent,absent,absent,absent,0,0,0,0,0,partial_success,False,True
IS/IEC 61557 (Part 11):2020,IS/IEC 61557 (Part 11):2020,True,True,unknown,iec61557_11_2020,,absent,absent,absent,absent,0,0,0,0,0,partial_success,False,True
IS/IEC 61557 (Part 12):2018,IS/IEC 61557 (Part 12):2018,True,True,unknown,iec61557_12_2018,,absent,absent,absent,absent,0,0,0,0,0,partial_success,False,True
IS/IEC 61557 (Part 14):2023,IS/IEC 61557 (Part 14):2023,True,True,unknown,iec61557_14_2023,,absent,absent,absent,absent,0,0,0,0,0,partial_success,False,True
IS/IEC 61557 (Part 17):2021,IS/IEC 61557 (Part 17):2021,True,True,unknown,iec61557_17_2021,,absent,absent,absent,absent,0,0,0,0,0,partial_success,False,True
IS/IEC 60076 (Part 4):2002,IS/IEC 60076 (Part 4):2002,True,True,unknown,iec60076_4_2002,,absent,absent,absent,absent,0,0,0,0,0,partial_success,False,True
IS 18444 (Part 57/Sec 1202):2024,IS 18444 (Part 57/Sec 1202):2024,True,True,match_version_verified,18444_57_1202_2024,https://standardsbis.bsbedge.com/BIS_Preview.aspx?id=18444_57_1202_2024,absent,present,absent,absent,0,0,0,0,0,partial_success,True,False
IS 5819:2024,IS 5819:2024,True,True,match_version_verified,5819_2024,https://standardsbis.bsbedge.com/BIS_Preview.aspx?id=5819_2024,present,absent,absent,absent,0,0,0,0,0,success,True,False
IS 18596 (Part 9/Sec 5):2024,IS 18596 (Part 9/Sec 5):2024,True,True,match_version_verified,18596_9_5_2024,https://standardsbis.bsbedge.com/BIS_Preview.aspx?id=18596_9_5_2024,absent,present,absent,absent,0,0,0,0,0,partial_success,True,False
IS 16071 (Part 1):2024,IS 16071 (Part 1):2024,True,True,match_version_verified,16071_1_2024,https://standardsbis.bsbedge.com/BIS_Preview.aspx?id=16071_1_2024,absent,present,absent,absent,0,0,0,0,0,partial_success,True,False
IS 18720 (Part 100):2024,IS 18720 (Part 100):2024,True,True,match_version_verified,18720_100_2024,https://standardsbis.bsbedge.com/BIS_Preview.aspx?id=18720_100_2024,absent,present,absent,present,2,0,2,0,0,partial_success,True,False
IS 18596 (Part 9/Sec 6):2024,IS 18596 (Part 9/Sec 6):2024,True,True,match_version_verified,18596_9_6_2024,https://standardsbis.bsbedge.com/BIS_Preview.aspx?id=18596_9_6_2024,absent,present,absent,absent,0,0,0,0,0,partial_success,True,False
IS 2993 (Part 1):2024,IS 2993 (Part 1):2024,True,True,match_version_verified,2993_1_2024,https://standardsbis.bsbedge.com/BIS_Preview.aspx?id=2993_1_2024,absent,present,absent,present,1,0,1,0,0,partial_success,True,False
IS 12763:2024,IS 12763:2024,True,True,match_version_verified,12763_2024,https://standardsbis.bsbedge.com/BIS_Preview.aspx?id=12763_2024,absent,present,absent,present,2,0,2,0,0,partial_success,True,False
IS 6380:2024,IS 6380:2024,True,True,match_version_verified,6380_2024,https://standardsbis.bsbedge.com/BIS_Preview.aspx?id=6380_2024,present,absent,absent,absent,0,0,0,0,0,success,True,False
IS 18445:2024,IS 18445:2024,True,True,match_version_verified,18445_2024,https://standardsbis.bsbedge.com/BIS_Preview.aspx?id=18445_2024,absent,present,absent,absent,0,0,0,0,0,partial_success,True,False
IS 18596 (Part 7/Sec 2):2024,IS 18596 (Part 7/Sec 2):2024,True,True,match_version_verified,18596_7_2_2024,https://standardsbis.bsbedge.com/BIS_Preview.aspx?id=18596_7_2_2024,absent,present,absent,absent,0,0,0,0,0,partial_success,True,False
IS 18596 (Part 9/Sec 1):2024,IS 18596 (Part 9/Sec 1):2024,True,True,match_version_verified,18596_9_1_2024,https://standardsbis.bsbedge.com/BIS_Preview.aspx?id=18596_9_1_2024,absent,present,absent,absent,0,0,0,0,0,partial_success,True,False
IS 16229:2024,IS 16229:2024,True,True,match_version_verified,16229_2024,https://standardsbis.bsbedge.com/BIS_Preview.aspx?id=16229_2024,absent,present,absent,present,3,0,3,0,0,partial_success,True,False
IS 18596 (Part 10):2024,IS 18596 (Part 10):2024,True,True,match_version_verified,18596_10_2024,https://standardsbis.bsbedge.com/BIS_Preview.aspx?id=18596_10_2024,absent,present,absent,absent,0,0,0,0,0,partial_success,True,False
IS 9431:2024,IS 9431:2024,True,True,match_version_verified,9431_2024,https://standardsbis.bsbedge.com/BIS_Preview.aspx?id=9431_2024,absent,present,absent,present,1,0,1,0,0,partial_success,True,False
IS 11298 (Part 3/Sec 3):2024,IS 11298 (Part 3/Sec 3):2024,True,True,match_version_verified,11298_3_3_2024,https://standardsbis.bsbedge.com/BIS_Preview.aspx?id=11298_3_3_2024,absent,present,absent,present,2,0,2,0,0,partial_success,True,False
IS 11298 (Part 3/Sec 5 to 7):2024,IS 11298 (Part 3/Sec 5 to 7):2024,True,False,unknown,,,not_verified,not_verified,not_verified,absent,0,0,0,0,0,failed,False,True
IS 16593 (Part 1):2024,IS 16593 (Part 1):2024,True,True,match_version_verified,16593_1_2024,https://standardsbis.bsbedge.com/BIS_Preview.aspx?id=16593_1_2024,absent,present,absent,present,2,0,2,0,0,partial_success,True,False
IS/IEC 60667 (Part 1):2020,IS/IEC 60667 (Part 1):2020,True,True,unknown,iec60667_1_2020,,absent,absent,absent,absent,0,0,0,0,0,partial_success,False,True
IS/IEC 60667 (Part 3/Sec 1):2020,IS/IEC 60667 (Part 3/Sec 1):2020,True,True,unknown,iec60667_3_1_2020,,absent,absent,absent,absent,0,0,0,0,0,partial_success,False,True
IS 2083:2024,IS 2083:2024,True,True,match_version_verified,2083_2024,https://standardsbis.bsbedge.com/BIS_Preview.aspx?id=2083_2024,present,absent,absent,present,38,37,1,0,1,success,True,False
IS/IEC 61558 (Part 1):2017,IS/IEC 61558 (Part 1):2017,True,True,unknown,iec61558_1_2017,,absent,absent,absent,absent,0,0,0,0,0,partial_success,False,True
IS/IEC 62146 (Part 1):2013,IS/IEC 62146 (Part 1):2013,True,True,unknown,iec62146_1_2013,,absent,absent,absent,absent,0,0,0,0,0,partial_success,False,True
IS 12762 (Part 4):2024,IS 12762 (Part 4):2024,True,True,match_version_verified,12762_4_2024,https://standardsbis.bsbedge.com/BIS_Preview.aspx?id=12762_4_2024,absent,present,absent,present,3,0,3,0,0,partial_success,True,False
IS/IEC 61724 (Part 1):2021,IS/IEC 61724 (Part 1):2021,True,True,unknown,iec61724_1_2021,,absent,absent,absent,absent,0,0,0,0,0,partial_success,False,True
IS 16228:2024,IS 16228:2024,True,True,match_version_verified,16228_2024,https://standardsbis.bsbedge.com/BIS_Preview.aspx?id=16228_2024,absent,present,absent,present,3,0,3,0,0,partial_success,True,False
IS 15884:2024,IS 15884:2024,True,True,match_version_verified,15884_2024,https://standardsbis.bsbedge.com/BIS_Preview.aspx?id=15884_2024,present,absent,present,absent,0,0,0,0,0,success,True,False
IS 13263:2024,IS 13263:2024,True,True,match_version_verified,13263_2024,https://standardsbis.bsbedge.com/BIS_Preview.aspx?id=13263_2024,absent,present,absent,absent,0,0,0,0,0,partial_success,True,False
IS 18596 (Part 2):2024,IS 18596 (Part 2):2024,True,True,match_version_verified,18596_2_2024,https://standardsbis.bsbedge.com/BIS_Preview.aspx?id=18596_2_2024,absent,present,absent,absent,0,0,0,0,0,partial_success,True,False
IS 18596 (Part 4):2024,IS 18596 (Part 4):2024,True,True,match_version_verified,18596_4_2024,https://standardsbis.bsbedge.com/BIS_Preview.aspx?id=18596_4_2024,absent,present,absent,absent,0,0,0,0,0,partial_success,True,False
IS 18596 (Part 8/Sec 1):2024,IS 18596 (Part 8/Sec 1):2024,True,True,unknown,18596_8_1_2024,,absent,present,absent,absent,0,0,0,0,0,partial_success,False,True
IS/IEC 61557 (Part 6):2019,IS/IEC 61557 (Part 6):2019,True,True,unknown,iec61557_6_2019,,absent,absent,absent,absent,0,0,0,0,0,partial_success,False,True
IS/IEC 61557 (Part 7):2019,IS/IEC 61557 (Part 7):2019,True,True,unknown,iec61557_7_2019,,absent,absent,absent,absent,0,0,0,0,0,partial_success,False,True
IS/IEC 62282 (Part 3/Sec 100):2019,IS/IEC 62282 (Part 3/Sec 100):2019,True,True,unknown,iec62282_3_100_2019,,absent,absent,absent,absent,0,0,0,0,0,partial_success,False,True
IS/IEC/TS 63042 (Part 102):2021,IS/IEC/TS 63042 (Part 102):2021,True,True,unknown,iec63042_102_2021,,absent,absent,absent,absent,0,0,0,0,0,partial_success,False,True
IS/IEC/TS 63042 (Part 202):2021,IS/IEC/TS 63042 (Part 202):2021,True,True,unknown,iec63042_202_2021,,absent,absent,absent,absent,0,0,0,0,0,partial_success,False,True
IS 16593 (Part 12):2024,IS 16593 (Part 12):2024,True,True,match_version_verified,16593_12_2024,https://standardsbis.bsbedge.com/BIS_Preview.aspx?id=16593_12_2024,absent,present,absent,present,2,0,2,0,0,partial_success,True,False
IS 6104:2024,IS 6104:2024,True,True,match_version_verified,6104_2024,https://standardsbis.bsbedge.com/BIS_Preview.aspx?id=6104_2024,absent,present,absent,present,1,0,1,0,0,partial_success,True,False
IS 18596 (Part 5):2024,IS 18596 (Part 5):2024,True,True,match_version_verified,18596_5_2024,https://standardsbis.bsbedge.com/BIS_Preview.aspx?id=18596_5_2024,absent,present,absent,absent,0,0,0,0,0,partial_success,True,False
IS 18596 (Part 7):2024,IS 18596 (Part 7):2024,True,True,match_version_verified,18596_7_2024,https://standardsbis.bsbedge.com/BIS_Preview.aspx?id=18596_7_2024,absent,present,absent,absent,0,0,0,0,0,partial_success,True,False
IS 18596 (Part 7/Sec 1):2024,IS 18596 (Part 7/Sec 1):2024,True,True,match_version_verified,18596_7_1_2024,https://standardsbis.bsbedge.com/BIS_Preview.aspx?id=18596_7_1_2024,absent,present,absent,absent,0,0,0,0,0,partial_success,True,False
IS 18596 (Part 7/Sec 3):2024,IS 18596 (Part 7/Sec 3):2024,True,True,match_version_verified,18596_7_3_2024,https://standardsbis.bsbedge.com/BIS_Preview.aspx?id=18596_7_3_2024,absent,present,absent,absent,0,0,0,0,0,partial_success,True,False
IS 18596 (Part 7/Sec 4):2024,IS 18596 (Part 7/Sec 4):2024,True,True,match_version_verified,18596_7_4_2024,https://standardsbis.bsbedge.com/BIS_Preview.aspx?id=18596_7_4_2024,absent,present,absent,absent,0,0,0,0,0,partial_success,True,False
IS 18596 (Part 9/Sec 2):2024,IS 18596 (Part 9/Sec 2):2024,True,True,match_version_verified,18596_9_2_2024,https://standardsbis.bsbedge.com/BIS_Preview.aspx?id=18596_9_2_2024,absent,present,absent,absent,0,0,0,0,0,partial_success,True,False
IS 18596 (Part 6):2024,IS 18596 (Part 6):2024,True,True,match_version_verified,18596_6_2024,https://standardsbis.bsbedge.com/BIS_Preview.aspx?id=18596_6_2024,absent,present,absent,absent,0,0,0,0,0,partial_success,True,False
IS 18596 (Part 9/Sec 3):2024,IS 18596 (Part 9/Sec 3):2024,True,True,match_version_verified,18596_9_3_2024,https://standardsbis.bsbedge.com/BIS_Preview.aspx?id=18596_9_3_2024,absent,present,absent,absent,0,0,0,0,0,partial_success,True,False
IS 18611:2024,IS 18611:2024,True,True,match_version_verified,18611_2024,https://standardsbis.bsbedge.com/BIS_Preview.aspx?id=18611_2024,absent,present,absent,absent,0,0,0,0,0,partial_success,True,False
IS/IEC 61557 (Part 4):2019,IS/IEC 61557 (Part 4):2019,True,True,unknown,iec61557_4_2019,,absent,absent,absent,absent,0,0,0,0,0,partial_success,False,True
IS 18596 (Part 9/Sec 4):2024,IS 18596 (Part 9/Sec 4):2024,True,True,match_version_verified,18596_9_4_2024,https://standardsbis.bsbedge.com/BIS_Preview.aspx?id=18596_9_4_2024,absent,present,absent,absent,0,0,0,0,0,partial_success,True,False
IS/IEC/TR 63259:2022,IS/IEC/TR 63259:2022,True,True,unknown,iec63259_2022,,absent,absent,absent,absent,0,0,0,0,0,partial_success,False,True
IS/IEC/TR 63363 (Part 1):2022,IS/IEC/TR 63363 (Part 1):2022,True,True,unknown,iec63363_1_2022,,absent,absent,absent,absent,0,0,0,0,0,partial_success,False,True
IS 1258:2024,IS 1258:2024,True,True,match_version_verified,1258_2024,https://standardsbis.bsbedge.com/BIS_Preview.aspx?id=1258_2024,absent,present,absent,present,1,0,1,0,0,partial_success,True,False
IS 3480:2024,IS 3480:2024,True,True,match_version_verified,3480_2024,https://standardsbis.bsbedge.com/BIS_Preview.aspx?id=3480_2024,present,absent,absent,present,2,2,0,0,0,success,True,False
IS 10276:2024,IS 10276:2024,True,True,match_version_verified,10276_2024,https://standardsbis.bsbedge.com/BIS_Preview.aspx?id=10276_2024,absent,present,absent,present,1,0,1,0,0,partial_success,True,False
IS 5950:2024,IS 5950:2024,True,True,match_version_verified,5950_2024,https://standardsbis.bsbedge.com/BIS_Preview.aspx?id=5950_2024,present,absent,absent,absent,0,0,0,0,0,success,True,False
IS 2993 (Part 2):2024,IS 2993 (Part 2):2024,True,True,match_version_verified,2993_2_2024,https://standardsbis.bsbedge.com/BIS_Preview.aspx?id=2993_2_2024,absent,present,absent,present,1,0,1,0,0,partial_success,True,False
IS/IEC/TS 63042 (Part 302):2021,IS/IEC/TS 63042 (Part 302):2021,True,True,unknown,iec63042_302_2021,,absent,absent,absent,absent,0,0,0,0,0,partial_success,False,True
IS/IEC/TR 63042 (Part 303):2021,IS/IEC/TR 63042 (Part 303):2021,True,True,unknown,iec63042_303_2021,,absent,absent,absent,absent,0,0,0,0,0,partial_success,False,True
IS 1885 (Part 17):2024,IS 1885 (Part 17):2024,True,True,match_version_verified,1885_17_2024,https://standardsbis.bsbedge.com/BIS_Preview.aspx?id=1885_17_2024,absent,present,absent,present,1,0,1,0,0,partial_success,True,False
IS 14911 (Part 2):2024,IS 14911 (Part 2):2024,True,True,match_version_verified,14911_2_2024,https://standardsbis.bsbedge.com/BIS_Preview.aspx?id=14911_2_2024,absent,present,absent,present,1,0,1,0,0,partial_success,True,False
IS 18483 (Part 1):2024,IS 18483 (Part 1):2024,True,True,match_version_verified,18483_1_2024,https://standardsbis.bsbedge.com/BIS_Preview.aspx?id=18483_1_2024,absent,present,absent,present,1,0,1,0,0,partial_success,True,False
IS 18597 (Part 3):2024,IS 18597 (Part 3):2024,True,True,match_version_verified,18597_3_2024,https://standardsbis.bsbedge.com/BIS_Preview.aspx?id=18597_3_2024,absent,present,absent,present,1,0,1,0,0,partial_success,True,False
IS/IEC 61557 (Part 3):2019,IS/IEC 61557 (Part 3):2019,True,True,unknown,iec61557_3_2019,,absent,absent,absent,absent,0,0,0,0,0,partial_success,False,True
IS 15999:2024,IS 15999:2024,True,True,unknown,15999_2024,,absent,absent,absent,absent,0,0,0,0,0,partial_success,False,True
IS 16593 (Part 14):2024,IS 16593 (Part 14):2024,True,True,match_version_verified,16593_14_2024,https://standardsbis.bsbedge.com/BIS_Preview.aspx?id=16593_14_2024,absent,present,absent,present,1,0,1,0,0,partial_success,True,False
IS/IEC/TR 62655:2013,IS/IEC/TR 62655:2013,True,True,unknown,iec62655_2013,,absent,absent,absent,absent,0,0,0,0,0,partial_success,False,True
IS 11298 (Part 2):2024,IS 11298 (Part 2):2024,True,True,match_version_verified,11298_2_2024,https://standardsbis.bsbedge.com/BIS_Preview.aspx?id=11298_2_2024,absent,present,absent,present,1,0,1,0,0,partial_success,True,False
IS 17900 (Part 20):2024,IS 17900 (Part 20):2024,True,True,match_version_verified,17900_20_2024,https://standardsbis.bsbedge.com/BIS_Preview.aspx?id=17900_20_2024,present,absent,absent,present,9,9,0,0,0,success,True,False
IS/IEC 60667 (Part 2):2020,IS/IEC 60667 (Part 2):2020,True,True,unknown,iec60667_2_2020,,absent,absent,absent,absent,0,0,0,0,0,partial_success,False,True
IS/IEC 60519 (Part 8):2020,IS/IEC 60519 (Part 8):2020,True,True,unknown,iec60519_8_2020,,absent,absent,absent,absent,0,0,0,0,0,partial_success,False,True
IS/IEC 61400 (Part 21/Sec 1):2019,IS/IEC 61400 (Part 21/Sec 1):2019,True,True,unknown,iec61400_21_1_2019,,absent,absent,absent,absent,0,0,0,0,0,partial_success,False,True
IS 9335 (Part 1):2024,IS 9335 (Part 1):2024,True,True,match_version_verified,9335_1_2024,https://standardsbis.bsbedge.com/BIS_Preview.aspx?id=9335_1_2024,present,absent,absent,absent,0,0,0,0,0,success,True,False
IS 9335 (Part 2):2024,IS 9335 (Part 2):2024,True,True,match_version_verified,9335_2_2024,https://standardsbis.bsbedge.com/BIS_Preview.aspx?id=9335_2_2024,absent,present,absent,present,1,0,1,0,0,partial_success,True,False
IS 10189 (Part 2/Sec 1):2024,IS 10189 (Part 2/Sec 1):2024,True,True,match_version_verified,10189_2_1_2024,https://standardsbis.bsbedge.com/BIS_Preview.aspx?id=10189_2_1_2024,fallback,present,absent,present,2,1,1,0,0,success,True,False
IS 10215:2024,IS 10215:2024,True,True,match_version_verified,10215_2024,https://standardsbis.bsbedge.com/BIS_Preview.aspx?id=10215_2024,absent,present,absent,present,1,0,1,0,0,partial_success,True,False
IS 11654 (Part 1):2024,IS 11654 (Part 1):2024,True,True,match_version_verified,11654_1_2024,https://standardsbis.bsbedge.com/BIS_Preview.aspx?id=11654_1_2024,absent,present,absent,present,3,0,3,0,0,partial_success,True,False
IS 11654 (Part 2):2024,IS 11654 (Part 2):2024,True,True,match_version_verified,11654_2_2024,https://standardsbis.bsbedge.com/BIS_Preview.aspx?id=11654_2_2024,absent,present,absent,present,3,0,3,0,0,partial_success,True,False
IS 12306:2024,IS 12306:2024,True,True,match_version_verified,12306_2024,https://standardsbis.bsbedge.com/BIS_Preview.aspx?id=12306_2024,absent,present,absent,present,1,0,1,0,0,partial_success,True,False
IS 13673 (Part 4):2024,IS 13673 (Part 4):2024,True,True,match_version_verified,13673_4_2024,https://standardsbis.bsbedge.com/BIS_Preview.aspx?id=13673_4_2024,absent,present,absent,present,1,0,1,0,0,partial_success,True,False
IS 18488:2024,IS 18488:2024,True,True,match_version_verified,18488_2024,https://standardsbis.bsbedge.com/BIS_Preview.aspx?id=18488_2024,present,absent,absent,present,13,5,6,0,1,success,True,False
IS/IEC 63008:2024,IS/IEC 63008:2024,True,True,unknown,iec63008_2024,,absent,absent,absent,absent,0,0,0,0,0,partial_success,False,True
IS 17017 (Part 31):2024,IS 17017 (Part 31):2024,True,True,match_version_verified,17017_31_2024,https://standardsbis.bsbedge.com/BIS_Preview.aspx?id=17017_31_2024,present,absent,absent,present,43,29,14,0,5,success,True,False
IS 17963:2024,IS 17963:2024,True,True,match_version_verified,17963_2024,https://standardsbis.bsbedge.com/BIS_Preview.aspx?id=17963_2024,absent,present,absent,absent,0,0,0,0,0,partial_success,True,False
IS 18504:2024,IS 18504:2024,True,True,match_version_verified,18504_2024,https://standardsbis.bsbedge.com/BIS_Preview.aspx?id=18504_2024,absent,present,absent,present,1,0,1,0,0,partial_success,True,False
IS 18506:2024,IS 18506:2024,True,True,match_version_verified,18506_2024,https://standardsbis.bsbedge.com/BIS_Preview.aspx?id=18506_2024,absent,present,absent,present,1,0,1,0,0,partial_success,True,False
IS 18515:2024,IS 18515:2024,True,True,match_version_verified,18515_2024,https://standardsbis.bsbedge.com/BIS_Preview.aspx?id=18515_2024,absent,present,absent,present,1,0,1,0,0,partial_success,True,False
IS/IEC 60867:2024,IS/IEC 60867:2024,True,True,unknown,iec60867_2024,,absent,absent,absent,absent,0,0,0,0,0,partial_success,False,True
IS 10242 (Part 2/Sec 1):2023,IS 10242 (Part 2/Sec 1):2023,True,True,match_version_verified,10242_2_1_2023,https://standardsbis.bsbedge.com/BIS_Preview.aspx?id=10242_2_1_2023,absent,present,absent,present,1,0,1,0,0,partial_success,True,False
IS 5613 (Part 3/Sec 1):2024,IS 5613 (Part 3/Sec 1):2024,True,True,match_version_verified,5613_3_1_2024,https://standardsbis.bsbedge.com/BIS_Preview.aspx?id=5613_3_1_2024,present,absent,absent,present,49,48,1,0,1,success,True,False
IS/IEC 60471:2020,IS/IEC 60471:2020,True,True,unknown,iec60471_2020,,absent,absent,absent,absent,0,0,0,0,0,partial_success,False,True
IS 12998:2024,IS 12998:2024,True,True,match_version_verified,12998_2024,https://standardsbis.bsbedge.com/BIS_Preview.aspx?id=12998_2024,absent,absent,absent,absent,0,0,0,0,0,partial_success,True,True
IS 302 (Part 2/Sec 7):2024,IS 302 (Part 2/Sec 7):2024,True,True,match_version_verified,302_2_7_2024,https://standardsbis.bsbedge.com/BIS_Preview.aspx?id=302_2_7_2024,present,absent,present,present,5,2,3,0,2,success,True,False
IS 10418:2024,IS 10418:2024,True,True,match_version_verified,10418_2024,https://standardsbis.bsbedge.com/BIS_Preview.aspx?id=10418_2024,present,absent,absent,absent,0,0,0,0,0,success,True,False
IS 10242 (Part 3/Sec 5):2023,IS 10242 (Part 3/Sec 5):2023,True,True,match_version_verified,10242_3_5_2023,https://standardsbis.bsbedge.com/BIS_Preview.aspx?id=10242_3_5_2023,absent,present,absent,present,1,0,1,0,0,partial_success,True,False
IS 10242 (Part 3/Sec 12):2023,IS 10242 (Part 3/Sec 12):2023,True,True,match_version_verified,10242_3_12_2023,https://standardsbis.bsbedge.com/BIS_Preview.aspx?id=10242_3_12_2023,absent,present,absent,present,1,0,1,0,0,partial_success,True,False
IS 10242 (Part 4):2023,IS 10242 (Part 4):2023,True,True,match_version_verified,10242_4_2023,https://standardsbis.bsbedge.com/BIS_Preview.aspx?id=10242_4_2023,absent,present,absent,present,1,0,1,0,0,partial_success,True,False
IS 10242 (Part 5/Sec 1):2023,IS 10242 (Part 5/Sec 1):2023,True,True,match_version_verified,10242_5_1_2023,https://standardsbis.bsbedge.com/BIS_Preview.aspx?id=10242_5_1_2023,absent,present,absent,present,1,0,1,0,0,partial_success,True,False
IS 10242 (Part 5/Sec 2):2023,IS 10242 (Part 5/Sec 2):2023,True,True,match_version_verified,10242_5_2_2023,https://standardsbis.bsbedge.com/BIS_Preview.aspx?id=10242_5_2_2023,absent,present,absent,present,1,0,1,0,0,partial_success,True,False
IS 10242 (Part 5/Sec 4):2023,IS 10242 (Part 5/Sec 4):2023,True,True,match_identity_only_version_uncertain,10242_5_4_2023,,absent,present,absent,present,1,0,1,0,0,partial_success,False,True
IS 10242 (Part 360):2023,IS 10242 (Part 360):2023,True,True,match_version_verified,10242_360_2023,https://standardsbis.bsbedge.com/BIS_Preview.aspx?id=10242_360_2023,absent,present,absent,present,1,0,1,0,0,partial_success,True,False
IS 10242 (Part 1/Sec 1):2023,IS 10242 (Part 1/Sec 1):2023,True,True,match_version_verified,10242_1_1_2023,https://standardsbis.bsbedge.com/BIS_Preview.aspx?id=10242_1_1_2023,absent,present,absent,present,1,0,1,0,0,partial_success,True,False
IS 10242 (Part 3/Sec 10):2023,IS 10242 (Part 3/Sec 10):2023,True,True,match_version_verified,10242_3_10_2023,https://standardsbis.bsbedge.com/BIS_Preview.aspx?id=10242_3_10_2023,absent,present,absent,present,1,0,1,0,0,partial_success,True,False
IS 10242 (Part 3/Sec 13):2023,IS 10242 (Part 3/Sec 13):2023,True,True,match_version_verified,10242_3_13_2023,https://standardsbis.bsbedge.com/BIS_Preview.aspx?id=10242_3_13_2023,absent,present,absent,present,1,0,1,0,0,partial_success,True,False
IS/IEC 61400 (Part 24):2019,IS/IEC 61400 (Part 24):2019,True,True,unknown,iec61400_24_2019,,absent,absent,absent,absent,0,0,0,0,0,partial_success,False,True
IS 15638 (Part 1):2023,IS 15638 (Part 1):2023,True,True,match_version_verified,15638_1_2023,https://standardsbis.bsbedge.com/BIS_Preview.aspx?id=15638_1_2023,absent,present,absent,present,1,0,1,0,0,partial_success,True,False
IS 10242 (Part 370):2023,IS 10242 (Part 370):2023,True,True,unknown,10242_370_2023,,absent,absent,absent,absent,0,0,0,0,0,partial_success,False,True
IS 2026 (Part 16):2023,IS 2026 (Part 16):2023,True,True,match_version_verified,2026_16_2023,https://standardsbis.bsbedge.com/BIS_Preview.aspx?id=2026_16_2023,absent,present,absent,present,1,0,1,0,0,partial_success,True,False
IS 2593:2023,IS 2593:2023,True,True,match_version_verified,2593_2023,https://standardsbis.bsbedge.com/BIS_Preview.aspx?id=2593_2023,present,absent,absent,absent,0,0,0,0,0,success,True,False
IS 7890:2023,IS 7890:2023,True,True,match_version_verified,7890_2023,https://standardsbis.bsbedge.com/BIS_Preview.aspx?id=7890_2023,present,absent,absent,absent,0,0,0,0,0,success,True,False
IS 8143:2023,IS 8143:2023,True,True,match_version_verified,8143_2023,https://standardsbis.bsbedge.com/BIS_Preview.aspx?id=8143_2023,present,absent,absent,present,4,3,1,0,1,success,True,False
IS 8160:2023,IS 8160:2023,True,True,match_version_verified,8160_2023,https://standardsbis.bsbedge.com/BIS_Preview.aspx?id=8160_2023,present,absent,absent,absent,0,0,0,0,0,success,True,False
IS 9051:2023,IS 9051:2023,True,True,match_version_verified,9051_2023,https://standardsbis.bsbedge.com/BIS_Preview.aspx?id=9051_2023,present,absent,absent,present,4,3,1,0,1,success,True,False
IS 11287:2023,IS 11287:2023,True,True,match_version_verified,11287_2023,https://standardsbis.bsbedge.com/BIS_Preview.aspx?id=11287_2023,present,absent,absent,present,6,4,2,0,2,success,True,False
IS/IEC 61558 (Part 2/Sec 4):2021,IS/IEC 61558 (Part 2/Sec 4):2021,True,True,unknown,iec61558_2_4_2021,,absent,absent,absent,absent,0,0,0,0,0,partial_success,False,True
IS 16270:2023,IS 16270:2023,True,True,match_version_verified,16270_2023,https://standardsbis.bsbedge.com/BIS_Preview.aspx?id=16270_2023,present,absent,absent,present,20,13,7,0,6,success,True,False
IS 7889:2023,IS 7889:2023,True,True,match_version_verified,7889_2023,https://standardsbis.bsbedge.com/BIS_Preview.aspx?id=7889_2023,present,absent,absent,absent,0,0,0,0,0,success,True,False
IS 2442:2023,IS 2442:2023,True,True,match_version_verified,2442_2023,https://standardsbis.bsbedge.com/BIS_Preview.aspx?id=2442_2023,present,absent,absent,present,1,1,0,0,0,success,True,False
IS/IEC 61400 (Part 12/Sec 4):2020,IS/IEC 61400 (Part 12/Sec 4):2020,True,True,unknown,iec61400_12_4_2020,,absent,absent,absent,absent,0,0,0,0,0,partial_success,False,True
IS/IEC 61400 (Part 27/Sec 1):2020,IS/IEC 61400 (Part 27/Sec 1):2020,True,True,unknown,iec61400_27_1_2020,,absent,absent,absent,absent,0,0,0,0,0,partial_success,False,True
IS/IEC 61400 (Part 27/Sec 2):2020,IS/IEC 61400 (Part 27/Sec 2):2020,True,True,unknown,iec61400_27_2_2020,,absent,absent,absent,absent,0,0,0,0,0,partial_success,False,True
IS/IEC 61400 (Part 50/Sec 3):2022,IS/IEC 61400 (Part 50/Sec 3):2022,True,True,unknown,iec61400_50_3_2022,,absent,absent,absent,absent,0,0,0,0,0,partial_success,False,True
IS/IEC 61786 (Part 1):2013,IS/IEC 61786 (Part 1):2013,True,True,unknown,iec61786_1_2013,,absent,absent,absent,absent,0,0,0,0,0,partial_success,False,True
IS/IEC 61786 (Part 2):2014,IS/IEC 61786 (Part 2):2014,True,True,unknown,iec61786_2_2014,,absent,absent,absent,absent,0,0,0,0,0,partial_success,False,True
IS/IEC 62271 (Part 110):2023,IS/IEC 62271 (Part 110):2023,True,True,unknown,iec62271_110_2023,,absent,absent,absent,absent,0,0,0,0,0,partial_success,False,True
IS 1885 (Part 34):2023,IS 1885 (Part 34):2023,True,True,match_version_verified,1885_34_2023,https://standardsbis.bsbedge.com/BIS_Preview.aspx?id=1885_34_2023,present,absent,absent,absent,0,0,0,0,0,success,True,False
IS 10242 (Part 3/Sec 7):2023,IS 10242 (Part 3/Sec 7):2023,True,True,unknown,10242_3_7,,absent,absent,absent,absent,0,0,0,0,0,partial_success,False,True
IS 10242 (Part 3/Sec 26):2023,IS 10242 (Part 3/Sec 26):2023,True,True,unknown,10242_3_26,,absent,absent,absent,absent,0,0,0,0,0,partial_success,False,True
IS 11954:2023,IS 11954:2023,True,True,match_version_verified,11954_2023,https://standardsbis.bsbedge.com/BIS_Preview.aspx?id=11954_2023,present,absent,absent,absent,0,0,0,0,0,success,True,False
IS 10242 (Part 3/Sec 1):2023,IS 10242 (Part 3/Sec 1):2023,True,True,unknown,10242_3_1,,absent,absent,absent,absent,0,0,0,0,0,partial_success,False,True
IS 10242 (Part 3/Sec 2):2023,IS 10242 (Part 3/Sec 2):2023,True,True,unknown,10242_3_2,,absent,absent,absent,absent,0,0,0,0,0,partial_success,False,True
IS 10242 (Part 3/Sec 3):2023,IS 10242 (Part 3/Sec 3):2023,True,True,unknown,10242_3_3,,absent,absent,absent,absent,0,0,0,0,0,partial_success,False,True
IS/IEC 60305:2021,IS/IEC 60305:2021,True,True,unknown,iec60305_2021,,absent,absent,absent,absent,0,0,0,0,0,partial_success,False,True
IS/IEC 60372:2020,IS/IEC 60372:2020,True,True,unknown,iec60372_2020,,absent,absent,absent,absent,0,0,0,0,0,partial_success,False,True
IS 6303 (Part 4):2023,IS 6303 (Part 4):2023,True,True,match_identity_only_version_uncertain,6303_4_2023,,absent,present,absent,absent,0,0,0,0,0,partial_success,False,True
IS/IEC 61558 (Part 2/Sec 6):2021,IS/IEC 61558 (Part 2/Sec 6):2021,True,True,unknown,iec61558_2_6_2021,,absent,absent,absent,absent,0,0,0,0,0,partial_success,False,True
IS 16792 (Part 5/Sec 1):2023,IS 16792 (Part 5/Sec 1):2023,True,True,unknown,16792_5_1,,absent,absent,absent,absent,0,0,0,0,0,partial_success,False,True
IS 6303 (Part 5):2023,IS 6303 (Part 5):2023,True,True,match_version_verified,6303_5_2023,https://standardsbis.bsbedge.com/BIS_Preview.aspx?id=6303_5_2023,absent,present,absent,present,1,0,1,0,0,partial_success,True,False
IS/IEC 62586 (Part 1):2017,IS/IEC 62586 (Part 1):2017,True,True,unknown,iec62586_1_2017,,absent,absent,absent,absent,0,0,0,0,0,partial_success,False,True
IS 10242 (Part 5/Sec 3):2023,IS 10242 (Part 5/Sec 3):2023,True,True,unknown,10242_5_3,,absent,absent,absent,absent,0,0,0,0,0,partial_success,False,True
IS 10242 (Part 3/Sec 4):2023,IS 10242 (Part 3/Sec 4):2023,True,True,unknown,10242_3_4,,absent,absent,absent,absent,0,0,0,0,0,partial_success,False,True
IS 10242 (Part 3/Sec 6):2023,IS 10242 (Part 3/Sec 6):2023,True,True,unknown,10242_3_6,,absent,absent,absent,absent,0,0,0,0,0,partial_success,False,True
IS/IEC 60720:1981,IS/IEC 60720:1981,True,True,unknown,iec60720_1981,,absent,absent,absent,absent,0,0,0,0,0,partial_success,False,True
IS 10242 (Part 2/Sec 2):2023,IS 10242 (Part 2/Sec 2):2023,True,True,match_version_uncertain,10242_2_2,,present,absent,absent,absent,0,0,0,0,0,partial_success,False,True
IS 5613 (Part 3/Sec 2):2023,IS 5613 (Part 3/Sec 2):2023,True,True,match_version_uncertain,5613_3_2,,present,absent,absent,present,12,12,0,0,0,partial_success,False,True
IS 18322 (Part 1):2023,IS 18322 (Part 1):2023,True,True,match_version_verified,18322_1_2023,https://standardsbis.bsbedge.com/BIS_Preview.aspx?id=18322_1_2023,absent,present,absent,absent,0,0,0,0,0,partial_success,True,False
IS 18322 (Part 2):2023,IS 18322 (Part 2):2023,True,True,match_version_verified,18322_2_2023,https://standardsbis.bsbedge.com/BIS_Preview.aspx?id=18322_2_2023,absent,present,absent,absent,0,0,0,0,0,partial_success,True,False
IS 18323:2023,IS 18323:2023,True,True,match_version_verified,18323_2023,https://standardsbis.bsbedge.com/BIS_Preview.aspx?id=18323_2023,absent,present,absent,absent,0,0,0,0,0,partial_success,True,False
IS 18320:2023,IS 18320:2023,True,True,match_version_verified,18320_2023,https://standardsbis.bsbedge.com/BIS_Preview.aspx?id=18320_2023,absent,present,absent,present,1,0,1,0,0,partial_success,True,False
IS/IEC TS 61463:2016,IS/IEC TS 61463:2016,True,False,unknown,,,not_verified,not_verified,not_verified,absent,0,0,0,0,0,failed,False,True
IS 3854:2023,IS 3854:2023,True,True,match_version_verified,3854_2023,https://standardsbis.bsbedge.com/BIS_Preview.aspx?id=3854_2023,present,absent,present,present,8,4,4,0,0,success,True,False
IS 18321:2023,IS 18321:2023,True,True,match_version_verified,18321_2023,https://standardsbis.bsbedge.com/BIS_Preview.aspx?id=18321_2023,absent,present,absent,absent,0,0,0,0,0,partial_success,True,False
IS 18324:2023,IS 18324:2023,True,True,match_version_verified,18324_2023,https://standardsbis.bsbedge.com/BIS_Preview.aspx?id=18324_2023,absent,present,absent,absent,0,0,0,0,0,partial_success,True,False
IS 18345:2023,IS 18345:2023,True,True,match_version_verified,18345_2023,https://standardsbis.bsbedge.com/BIS_Preview.aspx?id=18345_2023,absent,present,absent,absent,0,0,0,0,0,partial_success,True,False
IS 15597:2023,IS 15597:2023,True,True,match_version_verified,15597_2023,https://standardsbis.bsbedge.com/BIS_Preview.aspx?id=15597_2023,absent,present,absent,absent,0,0,0,0,0,partial_success,True,False
IS 18237:2023,IS 18237:2023,True,True,match_version_verified,18237_2023,https://standardsbis.bsbedge.com/BIS_Preview.aspx?id=18237_2023,absent,present,absent,absent,0,0,0,0,0,partial_success,True,False
IS 16631:2023,IS 16631:2023,True,True,match_version_verified,16631_2023,https://standardsbis.bsbedge.com/BIS_Preview.aspx?id=16631_2023,absent,present,absent,absent,0,0,0,0,0,partial_success,True,False
IS 18341:2023,IS 18341:2023,True,True,match_version_verified,18341_2023,https://standardsbis.bsbedge.com/BIS_Preview.aspx?id=18341_2023,absent,present,absent,absent,0,0,0,0,0,partial_success,True,False
IS 16619 (Part 1):2023,IS 16619 (Part 1):2023,True,True,match_version_verified,16619_1_2023,https://standardsbis.bsbedge.com/BIS_Preview.aspx?id=16619_1_2023,absent,present,absent,absent,0,0,0,0,0,partial_success,True,False
IS 16155:2023,IS 16155:2023,True,True,match_version_verified,16155_2023,https://standardsbis.bsbedge.com/BIS_Preview.aspx?id=16155_2023,absent,present,absent,absent,0,0,0,0,0,partial_success,True,False
IS 13771:2023,IS 13771:2023,True,True,match_version_verified,13771_2023,https://standardsbis.bsbedge.com/BIS_Preview.aspx?id=13771_2023,absent,present,absent,absent,0,0,0,0,0,partial_success,True,False
IS 16683 (Part 4):2021,IS 16683 (Part 4):2021,True,True,unknown,16683_4_2021,,absent,absent,absent,absent,0,0,0,0,0,partial_success,False,True
IS 18475:2023,IS 18475:2023,True,True,match_version_verified,18475_2023,https://standardsbis.bsbedge.com/BIS_Preview.aspx?id=18475_2023,present,absent,absent,absent,0,0,0,0,0,success,True,False
IS 14927 (Part 2/Sec 1):2023,IS 14927 (Part 2/Sec 1):2023,True,True,unknown,14927_2_1,,absent,absent,absent,absent,0,0,0,0,0,partial_success,False,True
IS 14927 (Part 1):2023,IS 14927 (Part 1):2023,True,True,match_version_verified,14927_1_2023,https://standardsbis.bsbedge.com/BIS_Preview.aspx?id=14927_1_2023,absent,present,absent,absent,0,0,0,0,0,partial_success,True,False
IS/IEC 60320 (Part 2/Sec 3):2018,IS/IEC 60320 (Part 2/Sec 3):2018,True,True,unknown,iec60320_2_3_2018,,absent,absent,absent,absent,0,0,0,0,0,partial_success,False,True
IS/IEC 62271 (Part 103):2021,IS/IEC 62271 (Part 103):2021,True,True,unknown,iec62271_103_2021,,absent,absent,absent,absent,0,0,0,0,0,partial_success,False,True
IS/IEC/TR 63282:2020,IS/IEC/TR 63282:2020,True,True,unknown,iec63282_2020,,absent,absent,absent,absent,0,0,0,0,0,partial_success,False,True
IS/IEC 62271 (Part 109):2019,IS/IEC 62271 (Part 109):2019,True,True,unknown,iec62271_109_2019,,absent,absent,absent,absent,0,0,0,0,0,partial_success,False,True
IS/IEC 63318:2022,IS/IEC 63318:2022,True,True,unknown,iec63318_2022,,absent,absent,absent,absent,0,0,0,0,0,partial_success,False,True
IS/IEC 62271 (Part 1):2017,IS/IEC 62271 (Part 1):2017,True,True,unknown,iec62271_1_2017,,absent,absent,absent,absent,0,0,0,0,0,partial_success,False,True
IS/IEC 60309 (Part 1):2021,IS/IEC 60309 (Part 1):2021,True,True,unknown,iec60309_1_2021,,absent,absent,absent,absent,0,0,0,0,0,partial_success,False,True
IS/IEC 60309 (Part 2):2021,IS/IEC 60309 (Part 2):2021,True,True,unknown,iec60309_2_2021,,absent,absent,absent,absent,0,0,0,0,0,partial_success,False,True
IS 18732:2023,IS 18732:2023,True,True,match_version_verified,18732_2023,https://standardsbis.bsbedge.com/BIS_Preview.aspx?id=18732_2023,present,absent,present,absent,0,0,0,0,0,success,True,False
IS 14614:2023,IS 14614:2023,True,True,match_version_verified,14614_2023,https://standardsbis.bsbedge.com/BIS_Preview.aspx?id=14614_2023,absent,present,absent,absent,0,0,0,0,0,partial_success,True,False
IS/IEC 60120:2020,IS/IEC 60120:2020,True,True,unknown,iec60120_2020,,absent,absent,absent,absent,0,0,0,0,0,partial_success,False,True
IS/IEC 60433:2021,IS/IEC 60433:2021,True,True,unknown,iec60433_2021,,absent,absent,absent,absent,0,0,0,0,0,partial_success,False,True
IS/IEC 61211:2004,IS/IEC 61211:2004,True,True,unknown,iec61211_2004,,absent,absent,absent,absent,0,0,0,0,0,partial_success,False,True
IS/IEC 61325:1995,IS/IEC 61325:1995,True,True,unknown,iec61325_1995,,absent,absent,absent,absent,0,0,0,0,0,partial_success,False,True
IS/IEC 61439 (Part 1):2020,IS/IEC 61439 (Part 1):2020,True,True,unknown,iec61439_1_2020,,absent,absent,absent,absent,0,0,0,0,0,partial_success,False,True
IS/IEC 62271 (Part 200):2021,IS/IEC 62271 (Part 200):2021,True,True,unknown,iec62271_200_2021,,absent,absent,absent,absent,0,0,0,0,0,partial_success,False,True
IS/IEC TS 62371:2008,IS/IEC TS 62371:2008,True,False,unknown,,,not_verified,not_verified,not_verified,absent,0,0,0,0,0,failed,False,True
IS/IEC 62586 (Part 2):2017,IS/IEC 62586 (Part 2):2017,True,True,unknown,iec62586_2_2017,,absent,absent,absent,absent,0,0,0,0,0,partial_success,False,True
IS/IEC/TR 60575:1977,IS/IEC/TR 60575:1977,True,True,unknown,iec60575_1977,,absent,absent,absent,absent,0,0,0,0,0,partial_success,False,True
IS/IEC 60320 (Part 1):2021,IS/IEC 60320 (Part 1):2021,True,True,unknown,iec60320_1_2021,,absent,absent,absent,absent,0,0,0,0,0,partial_success,False,True
IS/IEC 62271 (Part 100):2021,IS/IEC 62271 (Part 100):2021,True,True,unknown,iec62271_100_2021,,absent,absent,absent,absent,0,0,0,0,0,partial_success,False,True
IS/IEC 62271 (Part 111):2019,IS/IEC 62271 (Part 111):2019,True,True,unknown,iec62271_111_2019,,absent,absent,absent,absent,0,0,0,0,0,partial_success,False,True
IS 14577 (Part 1):2022,IS 14577 (Part 1):2022,True,True,match_version_uncertain,14577_1_2023,,absent,present,absent,absent,0,0,0,0,0,partial_success,False,True
IS/IEC 60669 (Part 2/Sec 1):2021,IS/IEC 60669 (Part 2/Sec 1):2021,True,True,unknown,iec60669_2_1_2021,,absent,absent,absent,absent,0,0,0,0,0,partial_success,False,True
IS/IEC 62271 (Part 203):2022,IS/IEC 62271 (Part 203):2022,True,True,unknown,iec62271_203_2022,,absent,absent,absent,absent,0,0,0,0,0,partial_success,False,True
IS/IEC 62271 (Part 101):2021,IS/IEC 62271 (Part 101):2021,True,True,unknown,iec62271_101_2021,,absent,absent,absent,absent,0,0,0,0,0,partial_success,False,True
IS/IEC/TS 61439 (Part 7):2023,IS/IEC/TS 61439 (Part 7):2023,True,True,unknown,iec61439_7_2023,,absent,absent,absent,absent,0,0,0,0,0,partial_success,False,True
IS/IEC 61439 (Part 2):2020,IS/IEC 61439 (Part 2):2020,True,True,unknown,iec61439_2_2020,,absent,absent,absent,absent,0,0,0,0,0,partial_success,False,True
IS/IEC 60947 (Part 6/Sec 2):2020,IS/IEC 60947 (Part 6/Sec 2):2020,True,True,unknown,iec60947_6_2_2020,,absent,absent,absent,absent,0,0,0,0,0,partial_success,False,True
IS/IEC 60947 (Part 6/Sec 1):2021,IS/IEC 60947 (Part 6/Sec 1):2021,True,True,unknown,iec60947_6_1_2021,,absent,absent,absent,absent,0,0,0,0,0,partial_success,False,True
IS/IEC 60898 (Part 2):2016,IS/IEC 60898 (Part 2):2016,True,True,unknown,iec60898_2_2016,,absent,absent,absent,absent,0,0,0,0,0,partial_success,False,True
IS/IEC 60898 (Part 3):2019,IS/IEC 60898 (Part 3):2019,True,True,unknown,iec60898_3_2019,,absent,absent,absent,absent,0,0,0,0,0,partial_success,False,True
IS/IEC 62271 (Part 105):2021,IS/IEC 62271 (Part 105):2021,True,True,unknown,iec62271_105_2021,,absent,absent,absent,absent,0,0,0,0,0,partial_success,False,True
IS/IEC 62271 (Part 104):2023,IS/IEC 62271 (Part 104):2023,True,True,unknown,iec62271_104_2023,,absent,absent,absent,absent,0,0,0,0,0,partial_success,False,True
IS/IEC 61400 (Part 12/Sec 6):2022,IS/IEC 61400 (Part 12/Sec 6):2022,True,True,unknown,iec61400_12_6_2022,,absent,absent,absent,absent,0,0,0,0,0,partial_success,False,True
IS/IEC 62271 (Part 106):2021,IS/IEC 62271 (Part 106):2021,True,True,unknown,iec62271_106_2021,,absent,absent,absent,absent,0,0,0,0,0,partial_success,False,True
IS/IEC 60947 (Part 5/Sec 2):2019,IS/IEC 60947 (Part 5/Sec 2):2019,True,True,unknown,iec60947_5_2_2019,,absent,absent,absent,absent,0,0,0,0,0,partial_success,False,True
IS/IEC 60947 (Part 3):2020,IS/IEC 60947 (Part 3):2020,True,True,unknown,iec60947_3_2020,,absent,absent,absent,absent,0,0,0,0,0,partial_success,False,True
IS 1885 (Part 14):2023,IS 1885 (Part 14):2023,True,True,match_version_verified,1885_14_2023,https://standardsbis.bsbedge.com/BIS_Preview.aspx?id=1885_14_2023,absent,present,absent,present,3,0,3,0,0,partial_success,True,False
IS 1885 (Part 16):2023,IS 1885 (Part 16):2023,True,True,match_version_verified,1885_16_2023,https://standardsbis.bsbedge.com/BIS_Preview.aspx?id=1885_16_2023,fallback,present,absent,absent,0,0,0,0,0,success,True,False
IS 1885 (Part 30):2023,IS 1885 (Part 30):2023,True,True,match_version_verified,1885_30_2023,https://standardsbis.bsbedge.com/BIS_Preview.aspx?id=1885_30_2023,absent,present,absent,present,3,0,3,0,0,partial_success,True,False
IS 1885 (Part 70):2023,IS 1885 (Part 70):2023,True,True,match_version_verified,1885_70_2023,https://standardsbis.bsbedge.com/BIS_Preview.aspx?id=1885_70_2023,absent,present,absent,absent,0,0,0,0,0,partial_success,True,False
IS 3722 (Part 1):2023,IS 3722 (Part 1):2023,True,True,match_version_verified,3722_1_2023,https://standardsbis.bsbedge.com/BIS_Preview.aspx?id=3722_1_2023,absent,present,absent,absent,0,0,0,0,0,partial_success,True,False
IS 17017 (Part 2/Sec 7):2023,IS 17017 (Part 2/Sec 7):2023,True,True,unknown,17017_2_7,,absent,absent,absent,absent,0,0,0,0,0,partial_success,False,True
IS/IEC 61400 (Part 12/Sec 3):2022,IS/IEC 61400 (Part 12/Sec 3):2022,True,True,unknown,iec61400_12_3_2022,,absent,absent,absent,absent,0,0,0,0,0,partial_success,False,True
IS/IEC 61400 (Part 12/Sec 5):2022,IS/IEC 61400 (Part 12/Sec 5):2022,True,True,unknown,iec61400_12_5_2022,,absent,absent,absent,absent,0,0,0,0,0,partial_success,False,True
IS/IEC/TR 61400 (Part 21/Sec 3):2019,IS/IEC/TR 61400 (Part 21/Sec 3):2019,True,True,unknown,iec61400_21_3_2019,,absent,absent,absent,absent,0,0,0,0,0,partial_success,False,True
IS/IEC 61400 (Part 50):2022,IS/IEC 61400 (Part 50):2022,True,True,unknown,iec61400_50_2022,,absent,absent,absent,absent,0,0,0,0,0,partial_success,False,True
IS 16502 (Part 2):2023,IS 16502 (Part 2):2023,True,True,match_version_verified,16502_2_2023,https://standardsbis.bsbedge.com/BIS_Preview.aspx?id=16502_2_2023,absent,present,absent,absent,0,0,0,0,0,partial_success,True,False
IS 12762 (Part 9):2023,IS 12762 (Part 9):2023,True,True,match_version_verified,12762_9_2023,https://standardsbis.bsbedge.com/BIS_Preview.aspx?id=12762_9_2023,absent,present,absent,absent,0,0,0,0,0,partial_success,True,False
IS 12762 (Part 10):2023,IS 12762 (Part 10):2023,True,True,match_version_verified,12762_10_2023,https://standardsbis.bsbedge.com/BIS_Preview.aspx?id=12762_10_2023,absent,present,absent,absent,0,0,0,0,0,partial_success,True,False
IS 16911:2023,IS 16911:2023,True,True,match_version_verified,16911_2023,https://standardsbis.bsbedge.com/BIS_Preview.aspx?id=16911_2023,absent,present,absent,absent,0,0,0,0,0,partial_success,True,False
IS 18284:2023,IS 18284:2023,True,True,match_version_verified,18284_2023,https://standardsbis.bsbedge.com/BIS_Preview.aspx?id=18284_2023,present,absent,absent,absent,0,0,0,0,0,success,True,False
IS 17050:2023,IS 17050:2023,True,True,match_version_verified,17050_2023,https://standardsbis.bsbedge.com/BIS_Preview.aspx?id=17050_2023,absent,present,absent,present,1,0,1,0,0,partial_success,True,False
IS 15999 (Part 20/Sec 1):2023,IS 15999 (Part 20/Sec 1):2023,True,True,match_version_verified,15999_20_1_2023,https://standardsbis.bsbedge.com/BIS_Preview.aspx?id=15999_20_1_2023,absent,present,absent,absent,0,0,0,0,0,partial_success,True,False
IS/IEC/TR 62713:2013,IS/IEC/TR 62713:2013,True,True,unknown,iec62713_2013,,absent,absent,absent,absent,0,0,0,0,0,partial_success,False,True
IS/IEC 62793:2020,IS/IEC 62793:2020,True,True,unknown,iec62793_2020,,absent,absent,absent,absent,0,0,0,0,0,partial_success,False,True
IS/IEC 62858:2019,IS/IEC 62858:2019,True,True,unknown,iec62858_2019,,absent,absent,absent,absent,0,0,0,0,0,partial_success,False,True
IS 4665 (Part 2/Sec 6):2023,IS 4665 (Part 2/Sec 6):2023,True,True,match_version_verified,4665_2_6_2023,https://standardsbis.bsbedge.com/BIS_Preview.aspx?id=4665_2_6_2023,absent,present,absent,present,1,0,1,0,0,partial_success,True,False
IS 4665 (Part 2/Sec 1):2023,IS 4665 (Part 2/Sec 1):2023,True,True,match_version_verified,4665_2_1_2023,https://standardsbis.bsbedge.com/BIS_Preview.aspx?id=4665_2_1_2023,absent,present,absent,present,1,0,1,0,0,partial_success,True,False
IS 4665 (Part 2/Sec 2):2023,IS 4665 (Part 2/Sec 2):2023,True,True,match_version_verified,4665_2_2_2023,https://standardsbis.bsbedge.com/BIS_Preview.aspx?id=4665_2_2_2023,absent,present,absent,present,1,0,1,0,0,partial_success,True,False
IS 4665 (Part 2/Sec 7):2023,IS 4665 (Part 2/Sec 7):2023,True,True,match_version_verified,4665_2_7_2023,https://standardsbis.bsbedge.com/BIS_Preview.aspx?id=4665_2_7_2023,absent,present,absent,present,1,0,1,0,0,partial_success,True,False
IS 16792 (Part 1/Sec 6):2023,IS 16792 (Part 1/Sec 6):2023,True,True,match_version_verified,16792_1_6_2023,https://standardsbis.bsbedge.com/BIS_Preview.aspx?id=16792_1_6_2023,absent,present,absent,absent,0,0,0,0,0,partial_success,True,False
IS 18160 (Part 1):2023,IS 18160 (Part 1):2023,True,True,match_version_verified,18160_1_2023,https://standardsbis.bsbedge.com/BIS_Preview.aspx?id=18160_1_2023,absent,present,absent,absent,0,0,0,0,0,partial_success,True,False
IS/IEC/IEEE 60079 (Part 30/Sec 2):2015,IS/IEC/IEEE 60079 (Part 30/Sec 2):2015,True,True,match_version_verified,iee60079_30_2_2015,https://standardsbis.bsbedge.com/BIS_Preview.aspx?id=iee60079_30_2_2015,fallback,present,absent,absent,0,0,0,0,0,success,True,False
IS 4665 (Part 2/Sec 5):2023,IS 4665 (Part 2/Sec 5):2023,True,True,match_version_verified,4665_2_5_2023,https://standardsbis.bsbedge.com/BIS_Preview.aspx?id=4665_2_5_2023,absent,present,absent,present,1,0,1,0,0,partial_success,True,False
IS/IEC 60079 (Part 6):2020,IS/IEC 60079 (Part 6):2020,True,True,unknown,iec60079_6_2020,,absent,absent,absent,absent,0,0,0,0,0,partial_success,False,True
IS/IEC 60079 (Part 26):2021,IS/IEC 60079 (Part 26):2021,True,True,unknown,iec60079_26_2021,,absent,absent,absent,absent,0,0,0,0,0,partial_success,False,True
IS 14286 (Part 1):2023,IS 14286 (Part 1):2023,True,True,match_version_verified,14286_1_2023,https://standardsbis.bsbedge.com/BIS_Preview.aspx?id=14286_1_2023,absent,present,absent,absent,0,0,0,0,0,partial_success,True,False
IS 14286 (Part 1/Sec 1):2023,IS 14286 (Part 1/Sec 1):2023,True,True,match_version_verified,14286_1_1_2023,https://standardsbis.bsbedge.com/BIS_Preview.aspx?id=14286_1_1_2023,absent,present,absent,absent,0,0,0,0,0,partial_success,True,False
IS 14286 (Part 1/Sec 2):2023,IS 14286 (Part 1/Sec 2):2023,True,True,match_version_verified,14286_1_2_2023,https://standardsbis.bsbedge.com/BIS_Preview.aspx?id=14286_1_2_2023,absent,present,absent,absent,0,0,0,0,0,partial_success,True,False
IS 14286 (Part 1/Sec 3):2023,IS 14286 (Part 1/Sec 3):2023,True,True,match_version_verified,14286_1_3_2023,https://standardsbis.bsbedge.com/BIS_Preview.aspx?id=14286_1_3_2023,absent,present,absent,absent,0,0,0,0,0,partial_success,True,False
IS 14286 (Part 1/Sec 4):2023,IS 14286 (Part 1/Sec 4):2023,True,True,match_version_verified,14286_1_4_2023,https://standardsbis.bsbedge.com/BIS_Preview.aspx?id=14286_1_4_2023,absent,present,absent,present,3,1,2,0,0,partial_success,True,False
IS 14286 (Part 2):2023,IS 14286 (Part 2):2023,True,True,match_version_verified,14286_2_2023,https://standardsbis.bsbedge.com/BIS_Preview.aspx?id=14286_2_2023,absent,present,absent,absent,0,0,0,0,0,partial_success,True,False
IS 12762 (Part 7):2023,IS 12762 (Part 7):2023,True,True,match_version_verified,12762_7_2023,https://standardsbis.bsbedge.com/BIS_Preview.aspx?id=12762_7_2023,absent,present,absent,absent,0,0,0,0,0,partial_success,True,False
IS 12834:2023,IS 12834:2023,True,True,match_version_verified,12834_2023,https://standardsbis.bsbedge.com/BIS_Preview.aspx?id=12834_2023,absent,present,absent,absent,0,0,0,0,0,partial_success,True,False
IS 13586:2023,IS 13586:2023,True,True,match_version_verified,13586_2023,https://standardsbis.bsbedge.com/BIS_Preview.aspx?id=13586_2023,absent,present,absent,absent,0,0,0,0,0,partial_success,True,False
IS 16792 (Part 1/Sec 4):2023,IS 16792 (Part 1/Sec 4):2023,True,True,unknown,16792_1_4,,absent,absent,absent,absent,0,0,0,0,0,partial_success,False,True
IS 18114:2023,IS 18114:2023,True,True,match_version_verified,18114_2023,https://standardsbis.bsbedge.com/BIS_Preview.aspx?id=18114_2023,absent,present,absent,absent,0,0,0,0,0,partial_success,True,False
IS 12762 (Part 14):2023,IS 12762 (Part 14):2023,True,True,match_version_verified,12762_14_2023,https://standardsbis.bsbedge.com/BIS_Preview.aspx?id=12762_14_2023,absent,present,absent,absent,0,0,0,0,0,partial_success,True,False
IS 18129:2023,IS 18129:2023,True,True,match_version_verified,18129_2023,https://standardsbis.bsbedge.com/BIS_Preview.aspx?id=18129_2023,absent,present,absent,absent,0,0,0,0,0,partial_success,True,False
IS 4665 (Part 2/Sec 3):2023,IS 4665 (Part 2/Sec 3):2023,True,True,match_version_verified,4665_2_3_2023,https://standardsbis.bsbedge.com/BIS_Preview.aspx?id=4665_2_3_2023,absent,present,absent,present,1,0,1,0,0,partial_success,True,False
IS 14197:2023,IS 14197:2023,True,True,match_version_verified,14197_2023,https://standardsbis.bsbedge.com/BIS_Preview.aspx?id=14197_2023,absent,present,absent,present,1,0,1,0,0,partial_success,True,False
IS 15999 (Part 3):2023,IS 15999 (Part 3):2023,True,True,match_version_verified,15999_3_2023,https://standardsbis.bsbedge.com/BIS_Preview.aspx?id=15999_3_2023,absent,present,absent,absent,0,0,0,0,0,partial_success,True,False
IS 15999 (Part 4/Sec 1):2023,IS 15999 (Part 4/Sec 1):2023,True,True,match_version_verified,15999_4_1_2023,https://standardsbis.bsbedge.com/BIS_Preview.aspx?id=15999_4_1_2023,absent,present,absent,absent,0,0,0,0,0,partial_success,True,False
IS 16501:2023,IS 16501:2023,True,True,match_version_verified,16501_2023,https://standardsbis.bsbedge.com/BIS_Preview.aspx?id=16501_2023,absent,present,absent,absent,0,0,0,0,0,partial_success,True,False
IS 16782:2023,IS 16782:2023,True,True,match_version_verified,16782_2023,https://standardsbis.bsbedge.com/BIS_Preview.aspx?id=16782_2023,absent,present,absent,absent,0,0,0,0,0,partial_success,True,False
IS/IEC 60079 (Part 25):2020,IS/IEC 60079 (Part 25):2020,True,True,unknown,iec60079_25_2020,,absent,absent,absent,absent,0,0,0,0,0,partial_success,False,True
IS/IEC 60079 (Part 31):2022,IS/IEC 60079 (Part 31):2022,True,True,unknown,iec60079_31_2022,,absent,absent,absent,absent,0,0,0,0,0,partial_success,False,True
IS 18124 (Part 1):2023,IS 18124 (Part 1):2023,True,True,match_version_verified,18124_1_2023,https://standardsbis.bsbedge.com/BIS_Preview.aspx?id=18124_1_2023,absent,present,absent,absent,0,0,0,0,0,partial_success,True,False
IS 18124 (Part 2):2023,IS 18124 (Part 2):2023,True,True,match_version_verified,18124_2_2023,https://standardsbis.bsbedge.com/BIS_Preview.aspx?id=18124_2_2023,absent,present,absent,absent,0,0,0,0,0,partial_success,True,False
IS 18127:2023,IS 18127:2023,True,True,match_version_verified,18127_2023,https://standardsbis.bsbedge.com/BIS_Preview.aspx?id=18127_2023,absent,present,absent,absent,0,0,0,0,0,partial_success,True,False
IS 18128:2023,IS 18128:2023,True,True,match_version_verified,18128_2023,https://standardsbis.bsbedge.com/BIS_Preview.aspx?id=18128_2023,absent,present,absent,absent,0,0,0,0,0,partial_success,True,False
IS 16960 (Part 2):2023,IS 16960 (Part 2):2023,True,True,match_version_verified,16960_2_2023,https://standardsbis.bsbedge.com/BIS_Preview.aspx?id=16960_2_2023,absent,present,absent,absent,0,0,0,0,0,partial_success,True,False
IS 17956:2023,IS 17956:2023,True,True,match_version_verified,17956_2023,https://standardsbis.bsbedge.com/BIS_Preview.aspx?id=17956_2023,absent,present,absent,absent,0,0,0,0,0,partial_success,True,False
IS 17959:2023,IS 17959:2023,True,True,match_version_verified,17959_2023,https://standardsbis.bsbedge.com/BIS_Preview.aspx?id=17959_2023,absent,present,absent,absent,0,0,0,0,0,partial_success,True,False
IS 16170 (Part 4):2023,IS 16170 (Part 4):2023,True,True,match_version_verified,16170_4_2023,https://standardsbis.bsbedge.com/BIS_Preview.aspx?id=16170_4_2023,absent,present,absent,absent,0,0,0,0,0,partial_success,True,False
IS 16221 (Part 3):2023,IS 16221 (Part 3):2023,True,True,match_version_verified,16221_3_2023,https://standardsbis.bsbedge.com/BIS_Preview.aspx?id=16221_3_2023,absent,present,absent,absent,0,0,0,0,0,partial_success,True,False
IS/IEC 60079 (Part 7):2017,IS/IEC 60079 (Part 7):2017,True,True,unknown,iec60079_7_2017,,absent,absent,absent,absent,0,0,0,0,0,partial_success,False,True
IS/IEC 60079 (Part 19):2019,IS/IEC 60079 (Part 19):2019,True,True,unknown,iec60079_19_2019,,absent,absent,absent,absent,0,0,0,0,0,partial_success,False,True
IS 4665 (Part 1):2023,IS 4665 (Part 1):2023,True,True,match_version_verified,4665_1_2023,https://standardsbis.bsbedge.com/BIS_Preview.aspx?id=4665_1_2023,absent,present,absent,absent,0,0,0,0,0,partial_success,True,False
IS 11354:2023,IS 11354:2023,True,True,match_version_verified,11354_2023,https://standardsbis.bsbedge.com/BIS_Preview.aspx?id=11354_2023,absent,present,absent,absent,0,0,0,0,0,partial_success,True,False
IS 16923 (Part 3):2023,IS 16923 (Part 3):2023,True,True,match_version_verified,16923_3_2023,https://standardsbis.bsbedge.com/BIS_Preview.aspx?id=16923_3_2023,absent,present,absent,absent,0,0,0,0,0,partial_success,True,False
IS/IEC 60519 (Part 6):2022,IS/IEC 60519 (Part 6):2022,True,True,unknown,iec60519_6_2022,,absent,absent,absent,absent,0,0,0,0,0,partial_success,False,True
IS/IEC 60947 (Part 4/Sec 2):2020,IS/IEC 60947 (Part 4/Sec 2):2020,True,True,unknown,iec60947_4_2_2020,,absent,absent,absent,absent,0,0,0,0,0,partial_success,False,True
IS/IEC 60947 (Part 4/Sec 3):2020,IS/IEC 60947 (Part 4/Sec 3):2020,True,True,unknown,iec60947_4_3_2020,,absent,absent,absent,absent,0,0,0,0,0,partial_success,False,True
IS/IEC 61058 (Part 1/Sec 2):2016,IS/IEC 61058 (Part 1/Sec 2):2016,True,True,unknown,iec61058_1_2_2016,,absent,absent,absent,absent,0,0,0,0,0,partial_success,False,True
IS/IEC 61308:2005,IS/IEC 61308:2005,True,True,unknown,iec61308_2005,,absent,absent,absent,absent,0,0,0,0,0,partial_success,False,True
IS/IEC/TS 61400 (Part 14):2005,IS/IEC/TS 61400 (Part 14):2005,True,True,unknown,iec61400_14_2005,,absent,absent,absent,absent,0,0,0,0,0,partial_success,False,True
IS/IEC/TR 62059 (Part 11):2002,IS/IEC/TR 62059 (Part 11):2002,True,True,unknown,iec62059_11_2002,,absent,absent,absent,absent,0,0,0,0,0,partial_success,False,True
IS/IEC/TR 62059 (Part 21):2002,IS/IEC/TR 62059 (Part 21):2002,True,True,unknown,iec62059_21_2002,,absent,absent,absent,absent,0,0,0,0,0,partial_success,False,True
IS/IEC 62059 (Part 31/Sec 1):2008,IS/IEC 62059 (Part 31/Sec 1):2008,True,True,unknown,iec62059_31_1_2008,,absent,absent,absent,absent,0,0,0,0,0,partial_success,False,True
IS/IEC 62059 (Part 32/Sec 1):2011,IS/IEC 62059 (Part 32/Sec 1):2011,True,True,unknown,iec62059_32_1_2011,,absent,absent,absent,absent,0,0,0,0,0,partial_success,False,True
IS/IEC 62059 (Part 41):2006,IS/IEC 62059 (Part 41):2006,True,True,unknown,iec62059_41_2006,,absent,absent,absent,absent,0,0,0,0,0,partial_success,False,True
IS/IEC 60519 (Part 1):2020,IS/IEC 60519 (Part 1):2020,True,True,unknown,iec60519_1_2020,,absent,absent,absent,absent,0,0,0,0,0,partial_success,False,True
IS 9409:2023,IS 9409:2023,True,True,match_version_verified,9409_2023,https://standardsbis.bsbedge.com/BIS_Preview.aspx?id=9409_2023,absent,present,absent,absent,0,0,0,0,0,partial_success,True,False
IS 11353:2023,IS 11353:2023,True,True,match_version_verified,11353_2023,https://standardsbis.bsbedge.com/BIS_Preview.aspx?id=11353_2023,absent,present,absent,absent,0,0,0,0,0,partial_success,True,False
IS/IEC 60519 (Part 3):2005,IS/IEC 60519 (Part 3):2005,True,True,unknown,iec60519_3_2005,,absent,absent,absent,absent,0,0,0,0,0,partial_success,False,True
IS/IEC 60947 (Part 1):2020,IS/IEC 60947 (Part 1):2020,True,True,unknown,iec60947_1_2020,,absent,absent,absent,absent,0,0,0,0,0,partial_success,False,True
IS/IEC 61058 (Part 1):2016,IS/IEC 61058 (Part 1):2016,True,True,unknown,iec61058_1_2016,,absent,absent,absent,absent,0,0,0,0,0,partial_success,False,True
IS/IEC 61058 (Part 1/Sec 1):2016,IS/IEC 61058 (Part 1/Sec 1):2016,True,True,unknown,iec61058_1_1_2016,,absent,absent,absent,absent,0,0,0,0,0,partial_success,False,True
IS 8270 (Part 2):2023,IS 8270 (Part 2):2023,True,True,match_version_verified,8270_2_2023,https://standardsbis.bsbedge.com/BIS_Preview.aspx?id=8270_2_2023,absent,present,absent,absent,0,0,0,0,0,partial_success,True,False
IS 2032 (Part 19):2023,IS 2032 (Part 19):2023,True,True,match_version_verified,2032_19_2023,https://standardsbis.bsbedge.com/BIS_Preview.aspx?id=2032_19_2023,absent,present,absent,absent,0,0,0,0,0,partial_success,True,False
IS 2848:2023,IS 2848:2023,True,True,match_version_verified,2848_2023,https://standardsbis.bsbedge.com/BIS_Preview.aspx?id=2848_2023,absent,present,absent,absent,0,0,0,0,0,partial_success,True,False
IS 7118:2023,IS 7118:2023,True,True,match_version_verified,7118_2023,https://standardsbis.bsbedge.com/BIS_Preview.aspx?id=7118_2023,absent,present,absent,absent,0,0,0,0,0,partial_success,True,False
IS 8270 (Part 1):2023,IS 8270 (Part 1):2023,True,True,match_version_verified,8270_1_2023,https://standardsbis.bsbedge.com/BIS_Preview.aspx?id=8270_1_2023,fallback,present,absent,absent,0,0,0,0,0,success,True,False
IS 16593 (Part 2):2023,IS 16593 (Part 2):2023,True,True,match_version_verified,16593_2_2023,https://standardsbis.bsbedge.com/BIS_Preview.aspx?id=16593_2_2023,absent,present,absent,absent,0,0,0,0,0,partial_success,True,False
IS 16593 (Part 3):2023,IS 16593 (Part 3):2023,True,True,match_version_verified,16593_3_2023,https://standardsbis.bsbedge.com/BIS_Preview.aspx?id=16593_3_2023,absent,present,absent,absent,0,0,0,0,0,partial_success,True,False
IS 16593 (Part 5):2023,IS 16593 (Part 5):2023,True,True,match_version_verified,16593_5_2023,https://standardsbis.bsbedge.com/BIS_Preview.aspx?id=16593_5_2023,absent,present,absent,absent,0,0,0,0,0,partial_success,True,False
IS/ISO/IEC 80079 (Part 20/Sec 1):2017,IS/ISO/IEC 80079 (Part 20/Sec 1):2017,True,True,unknown,isoiec80079_20_1_2017,,absent,absent,absent,absent,0,0,0,0,0,partial_success,False,True
IS 16593 (Part 8):2023,IS 16593 (Part 8):2023,True,True,match_version_verified,16593_8_2023,https://standardsbis.bsbedge.com/BIS_Preview.aspx?id=16593_8_2023,absent,present,absent,absent,0,0,0,0,0,partial_success,True,False
IS 16502 (Part 1):2023,IS 16502 (Part 1):2023,True,True,match_version_verified,16502_1_2023,https://standardsbis.bsbedge.com/BIS_Preview.aspx?id=16502_1_2023,absent,present,absent,present,1,1,0,0,0,partial_success,True,False
IS 16593 (Part 10):2023,IS 16593 (Part 10):2023,True,True,match_version_verified,16593_10_2023,https://standardsbis.bsbedge.com/BIS_Preview.aspx?id=16593_10_2023,absent,present,absent,absent,0,0,0,0,0,partial_success,True,False
IS 16197 (Part 3/Sec 2):2023,IS 16197 (Part 3/Sec 2):2023,True,True,unknown,16197_3_2,,absent,absent,absent,absent,0,0,0,0,0,partial_success,False,True
IS 16170 (Part 3):2022,IS 16170 (Part 3):2022,True,True,match_version_verified,16170_3_2022,https://standardsbis.bsbedge.com/BIS_Preview.aspx?id=16170_3_2022,absent,present,absent,absent,0,0,0,0,0,partial_success,True,False
IS 12422:2023,IS 12422:2023,True,True,match_version_verified,12422_2023,https://standardsbis.bsbedge.com/BIS_Preview.aspx?id=12422_2023,absent,present,absent,absent,0,0,0,0,0,partial_success,True,False
IS 16899:2023,IS 16899:2023,True,True,match_version_verified,16899_2023,https://standardsbis.bsbedge.com/BIS_Preview.aspx?id=16899_2023,fallback,present,absent,absent,0,0,0,0,0,success,True,False
IS 17053:2023,IS 17053:2023,True,True,match_version_verified,17053_2023,https://standardsbis.bsbedge.com/BIS_Preview.aspx?id=17053_2023,absent,present,absent,absent,0,0,0,0,0,partial_success,True,False
IS 6855:2023,IS 6855:2023,True,True,match_version_verified,6855_2023,https://standardsbis.bsbedge.com/BIS_Preview.aspx?id=6855_2023,absent,present,absent,absent,0,0,0,0,0,partial_success,True,False
IS 10593:2023,IS 10593:2023,True,True,match_version_verified,10593_2023,https://standardsbis.bsbedge.com/BIS_Preview.aspx?id=10593_2023,absent,present,absent,absent,0,0,0,0,0,partial_success,True,False
IS 16085:2023,IS 16085:2023,True,True,match_version_verified,16085_2023,https://standardsbis.bsbedge.com/BIS_Preview.aspx?id=16085_2023,absent,present,absent,absent,0,0,0,0,0,partial_success,True,False
IS 17900 (Part 3/Sec 1):2023,IS 17900 (Part 3/Sec 1):2023,True,True,match_version_verified,17900_3_1_2023,https://standardsbis.bsbedge.com/BIS_Preview.aspx?id=17900_3_1_2023,present,absent,absent,present,6,5,0,1,0,success,True,False
IS 6792:2023,IS 6792:2023,True,True,match_version_verified,6792_2023,https://standardsbis.bsbedge.com/BIS_Preview.aspx?id=6792_2023,absent,present,absent,absent,0,0,0,0,0,partial_success,True,False
IS 16593 (Part 11):2023,IS 16593 (Part 11):2023,True,True,match_version_verified,16593_11_2023,https://standardsbis.bsbedge.com/BIS_Preview.aspx?id=16593_11_2023,absent,present,absent,absent,0,0,0,0,0,partial_success,True,False
IS 17977:2023,IS 17977:2023,True,True,match_version_verified,17977_2023,https://standardsbis.bsbedge.com/BIS_Preview.aspx?id=17977_2023,absent,present,absent,absent,0,0,0,0,0,partial_success,True,False
IS 16792 (Part 1/Sec 7):2023,IS 16792 (Part 1/Sec 7):2023,True,True,match_version_verified,16792_1_7_2023,https://standardsbis.bsbedge.com/BIS_Preview.aspx?id=16792_1_7_2023,absent,present,absent,absent,0,0,0,0,0,partial_success,True,False
IS 16792 (Part 6/Sec 2):2023,IS 16792 (Part 6/Sec 2):2023,True,True,match_version_verified,16792_6_2_2023,https://standardsbis.bsbedge.com/BIS_Preview.aspx?id=16792_6_2_2023,absent,present,absent,absent,0,0,0,0,0,partial_success,True,False
IS 17900 (Part 2):2022,IS 17900 (Part 2):2022,True,True,match_version_verified,17900_2_2022,https://standardsbis.bsbedge.com/BIS_Preview.aspx?id=17900_2_2022,present,absent,absent,absent,0,0,0,0,0,success,True,False
IS 17900 (Part 1):2022,IS 17900 (Part 1):2022,True,True,unknown,17900_1,,absent,absent,absent,absent,0,0,0,0,0,partial_success,False,True
IS 19014:2022,IS 19014:2022,True,True,match_version_verified,19014_2022,https://standardsbis.bsbedge.com/BIS_Preview.aspx?id=19014_2022,present,absent,present,present,3,2,1,0,0,success,True,False
SP 30:2023,SP 30:2023,True,True,unknown,30_2023,,absent,absent,absent,absent,0,0,0,0,0,partial_success,False,True
IS 16792 (Part 5/Sec 2):2022,IS 16792 (Part 5/Sec 2):2022,True,True,match_version_verified,16792_5_2_2022,https://standardsbis.bsbedge.com/BIS_Preview.aspx?id=16792_5_2_2022,absent,present,absent,absent,0,0,0,0,0,partial_success,True,False
IS/IEC/TR 63228:2019,IS/IEC/TR 63228:2019,True,True,unknown,iec63228_2019,,absent,absent,absent,absent,0,0,0,0,0,partial_success,False,True
IS 16244:2022,IS 16244:2022,True,True,match_version_verified,16244_2022,https://standardsbis.bsbedge.com/BIS_Preview.aspx?id=16244_2022,absent,present,absent,absent,0,0,0,0,0,partial_success,True,False
IS 17996:2022,IS 17996:2022,True,True,match_version_verified,17996_2022,https://standardsbis.bsbedge.com/BIS_Preview.aspx?id=17996_2022,absent,present,absent,absent,0,0,0,0,0,partial_success,True,False
IS 18051:2022,IS 18051:2022,True,True,match_version_verified,18051_2022,https://standardsbis.bsbedge.com/BIS_Preview.aspx?id=18051_2022,absent,present,absent,absent,0,0,0,0,0,partial_success,True,False
IS 18053:2022,IS 18053:2022,True,True,match_version_verified,18053_2022,https://standardsbis.bsbedge.com/BIS_Preview.aspx?id=18053_2022,absent,present,absent,absent,0,0,0,0,0,partial_success,True,False
IS/IEEE Std1523 Tm:2018,IS/IEEE Std1523 Tm:2018,True,False,unknown,,,not_verified,not_verified,not_verified,absent,0,0,0,0,0,failed,False,True
IS 16593 (Part 13):2022,IS 16593 (Part 13):2022,True,True,match_version_verified,16593_13_2022,https://standardsbis.bsbedge.com/BIS_Preview.aspx?id=16593_13_2022,absent,present,absent,absent,0,0,0,0,0,partial_success,True,False
IS 17816 (Part 2):2022,IS 17816 (Part 2):2022,True,True,match_version_verified,17816_2_2022,https://standardsbis.bsbedge.com/BIS_Preview.aspx?id=17816_2_2022,absent,present,absent,absent,0,0,0,0,0,partial_success,True,False
IS 17995:2022,IS 17995:2022,True,True,match_version_verified,17995_2022,https://standardsbis.bsbedge.com/BIS_Preview.aspx?id=17995_2022,absent,present,absent,absent,0,0,0,0,0,partial_success,True,False
IS/IEC 61400 (Part 2):2013,IS/IEC 61400 (Part 2):2013,True,True,unknown,iec61400_2_2013,,absent,absent,absent,absent,0,0,0,0,0,partial_success,False,True
IS 17978:2022,IS 17978:2022,True,True,match_version_verified,17978_2022,https://standardsbis.bsbedge.com/BIS_Preview.aspx?id=17978_2022,absent,present,absent,absent,0,0,0,0,0,partial_success,True,False
IS 17979:2022,IS 17979:2022,True,True,match_version_verified,17979_2022,https://standardsbis.bsbedge.com/BIS_Preview.aspx?id=17979_2022,absent,present,absent,absent,0,0,0,0,0,partial_success,True,False
IS 17980:2022,IS 17980:2022,True,True,match_version_verified,17980_2022,https://standardsbis.bsbedge.com/BIS_Preview.aspx?id=17980_2022,absent,present,absent,absent,0,0,0,0,0,partial_success,True,False
IS/IEC 61936 (Part 1):2021,IS/IEC 61936 (Part 1):2021,True,True,unknown,iec61936_1_2021,,absent,absent,absent,absent,0,0,0,0,0,partial_success,False,True
IS 15382 (Part 1):2022,IS 15382 (Part 1):2022,True,True,match_version_verified,15382_1_2022,https://standardsbis.bsbedge.com/BIS_Preview.aspx?id=15382_1_2022,absent,present,absent,absent,0,0,0,0,0,partial_success,True,False
IS 14763:2022,IS 14763:2022,True,True,match_version_verified,14763_2022,https://standardsbis.bsbedge.com/BIS_Preview.aspx?id=14763_2022,absent,present,absent,absent,0,0,0,0,0,partial_success,True,False
IS 15638 (Part 3):2022,IS 15638 (Part 3):2022,True,True,match_version_verified,15638_3_2022,https://standardsbis.bsbedge.com/BIS_Preview.aspx?id=15638_3_2022,absent,present,absent,absent,0,0,0,0,0,partial_success,True,False
IS/IEC 61557 (Part 2):2019,IS/IEC 61557 (Part 2):2019,True,True,unknown,iec61557_2_2019,,absent,absent,absent,absent,0,0,0,0,0,partial_success,False,True
IS 16614 (Part 2):2022,IS 16614 (Part 2):2022,True,True,match_version_verified,16614_2_2022,https://standardsbis.bsbedge.com/BIS_Preview.aspx?id=16614_2_2022,present,absent,present,present,12,12,0,0,0,success,True,False
IS 61400 (Part 25/Sec 71):2019,IS 61400 (Part 25/Sec 71):2019,True,True,unknown,61400_25_71_2019,,absent,absent,absent,absent,0,0,0,0,0,partial_success,False,True
IS/IEC 62275:2018,IS/IEC 62275:2018,True,True,unknown,iec62275_2018,,absent,absent,absent,absent,0,0,0,0,0,partial_success,False,True
IS 14902 (Part 1):2022,IS 14902 (Part 1):2022,True,True,match_version_verified,14902_1_2022,https://standardsbis.bsbedge.com/BIS_Preview.aspx?id=14902_1_2022,absent,present,absent,absent,0,0,0,0,0,partial_success,True,False
IS 17900 (Part 6):2022,IS 17900 (Part 6):2022,True,True,match_version_verified,17900_6_2022,https://standardsbis.bsbedge.com/BIS_Preview.aspx?id=17900_6_2022,present,absent,absent,present,9,9,0,0,0,success,True,False
IS 17896 (Part 1):2022,IS 17896 (Part 1):2022,True,True,match_version_verified,17896_1_2022,https://standardsbis.bsbedge.com/BIS_Preview.aspx?id=17896_1_2022,absent,present,absent,absent,0,0,0,0,0,partial_success,True,False
IS 17896 (Part 2):2022,IS 17896 (Part 2):2022,True,True,match_version_verified,17896_2_2022,https://standardsbis.bsbedge.com/BIS_Preview.aspx?id=17896_2_2022,absent,present,absent,absent,0,0,0,0,0,partial_success,True,False
IS 16593 (Part 7):2022,IS 16593 (Part 7):2022,True,True,match_version_verified,16593_7_2022,https://standardsbis.bsbedge.com/BIS_Preview.aspx?id=16593_7_2022,absent,present,absent,absent,0,0,0,0,0,partial_success,True,False
IS/IEC 60358 (Part 1):2012,IS/IEC 60358 (Part 1):2012,True,True,unknown,iec60358_1_2012,,absent,absent,absent,absent,0,0,0,0,0,partial_success,False,True
IS/IEC/TS 63042 (Part 201):2018,IS/IEC/TS 63042 (Part 201):2018,True,True,unknown,iec63042_201_2018,,absent,absent,absent,absent,0,0,0,0,0,partial_success,False,True
IS 4591 (Part 2):2022,IS 4591 (Part 2):2022,True,True,match_version_verified,4591_2_2022,https://standardsbis.bsbedge.com/BIS_Preview.aspx?id=4591_2_2022,present,absent,absent,present,3,3,0,0,0,success,True,False
IS/IEC 60143 (Part 3):2015,IS/IEC 60143 (Part 3):2015,True,True,unknown,iec60143_3_2015,,absent,absent,absent,absent,0,0,0,0,0,partial_success,False,True
IS/IEC 61557 (Part 1):2019,IS/IEC 61557 (Part 1):2019,True,True,unknown,iec61557_1_2019,,absent,absent,absent,absent,0,0,0,0,0,partial_success,False,True
IS/IEC/TS 63042 (Part 101):2019,IS/IEC/TS 63042 (Part 101):2019,True,True,unknown,iec63042_101_2019,,absent,absent,absent,absent,0,0,0,0,0,partial_success,False,True
IS 16593 (Part 4):2022,IS 16593 (Part 4):2022,True,True,match_version_verified,16593_4_2022,https://standardsbis.bsbedge.com/BIS_Preview.aspx?id=16593_4_2022,absent,present,absent,absent,0,0,0,0,0,partial_success,True,False
IS 16593 (Part 6):2022,IS 16593 (Part 6):2022,True,True,match_version_verified,16593_6_2022,https://standardsbis.bsbedge.com/BIS_Preview.aspx?id=16593_6_2022,absent,present,absent,absent,0,0,0,0,0,partial_success,True,False
IS 17106 (Part 2):2022,IS 17106 (Part 2):2022,True,True,match_version_verified,17106_2_2022,https://standardsbis.bsbedge.com/BIS_Preview.aspx?id=17106_2_2022,absent,present,absent,absent,0,0,0,0,0,partial_success,True,False
IS 17106 (Part 3):2022,IS 17106 (Part 3):2022,True,True,match_version_verified,17106_3_2022,https://standardsbis.bsbedge.com/BIS_Preview.aspx?id=17106_3_2022,absent,present,absent,absent,0,0,0,0,0,partial_success,True,False
IS 17805 (Part 1):2022,IS 17805 (Part 1):2022,True,True,match_version_verified,17805_1_2022,https://standardsbis.bsbedge.com/BIS_Preview.aspx?id=17805_1_2022,absent,present,absent,absent,0,0,0,0,0,partial_success,True,False
IS 17805 (Part 2):2022,IS 17805 (Part 2):2022,True,True,match_version_verified,17805_2_2022,https://standardsbis.bsbedge.com/BIS_Preview.aspx?id=17805_2_2022,absent,present,absent,absent,0,0,0,0,0,partial_success,True,False
IS 17816 (Part 1):2022,IS 17816 (Part 1):2022,True,True,match_version_verified,17816_1_2022,https://standardsbis.bsbedge.com/BIS_Preview.aspx?id=17816_1_2022,absent,present,absent,absent,0,0,0,0,0,partial_success,True,False
IS 1885 (Part 60):2022,IS 1885 (Part 60):2022,True,True,match_version_verified,1885_60_2022,https://standardsbis.bsbedge.com/BIS_Preview.aspx?id=1885_60_2022,absent,present,absent,absent,0,0,0,0,0,partial_success,True,False
IS/IEC 60073:2002,IS/IEC 60073:2002,True,True,unknown,iec60073_2002,,absent,absent,absent,absent,0,0,0,0,0,partial_success,False,True
IS/IEC 60143 (Part 4):2010,IS/IEC 60143 (Part 4):2010,True,True,unknown,iec60143_4_2010,,absent,absent,absent,absent,0,0,0,0,0,partial_success,False,True
IS/IEC/TR 63042 (Part 100):2016,IS/IEC/TR 63042 (Part 100):2016,True,True,unknown,iec63042_100_2016,,absent,absent,absent,absent,0,0,0,0,0,partial_success,False,True
IS/IEC/TS 63042 (Part 301):2018,IS/IEC/TS 63042 (Part 301):2018,True,True,unknown,iec63042_301_2018,,absent,absent,absent,absent,0,0,0,0,0,partial_success,False,True
IS 17806:2022,IS 17806:2022,True,True,match_version_verified,17806_2022,https://standardsbis.bsbedge.com/BIS_Preview.aspx?id=17806_2022,absent,present,absent,absent,0,0,0,0,0,partial_success,True,False
IS 1885 (Part 72):2021,IS 1885 (Part 72):2021,True,True,match_version_verified,1885_72_2021,https://standardsbis.bsbedge.com/BIS_Preview.aspx?id=1885_72_2021,absent,present,absent,absent,0,0,0,0,0,partial_success,True,False
IS 1885 (Part 73):2021,IS 1885 (Part 73):2021,True,True,match_version_verified,1885_73_2021,https://standardsbis.bsbedge.com/BIS_Preview.aspx?id=1885_73_2021,absent,present,absent,absent,0,0,0,0,0,partial_success,True,False
IS 1885 (Part 75):2021,IS 1885 (Part 75):2021,True,True,match_version_verified,1885_75_2021,https://standardsbis.bsbedge.com/BIS_Preview.aspx?id=1885_75_2021,absent,present,absent,absent,0,0,0,0,0,partial_success,True,False
IS 17775 (Part 1):2021,IS 17775 (Part 1):2021,True,True,match_version_verified,17775_1_2021,https://standardsbis.bsbedge.com/BIS_Preview.aspx?id=17775_1_2021,absent,present,absent,absent,0,0,0,0,0,partial_success,True,False
IS/IEC 60071 (Part 1):2006,IS/IEC 60071 (Part 1):2006,True,True,unknown,iec60071_1_2006,,absent,absent,absent,absent,0,0,0,0,0,partial_success,False,True
IS 17017 (Part 23):2021,IS 17017 (Part 23):2021,True,True,match_version_verified,17017_23_2021,https://standardsbis.bsbedge.com/BIS_Preview.aspx?id=17017_23_2021,present,absent,present,absent,0,0,0,0,0,success,True,False
IS 17017 : Part 24 : 2021,IS 17017 : Part 24 : 2021,True,False,unknown,,,not_verified,not_verified,not_verified,absent,0,0,0,0,0,failed,False,True
IS 17615 (Part 2):2021,IS 17615 (Part 2):2021,True,True,match_version_verified,17615_2_2021,https://standardsbis.bsbedge.com/BIS_Preview.aspx?id=17615_2_2021,absent,present,absent,absent,0,0,0,0,0,partial_success,True,False
IS 13774:2021,IS 13774:2021,True,True,match_version_verified,13774_2021,https://standardsbis.bsbedge.com/BIS_Preview.aspx?id=13774_2021,absent,present,absent,absent,0,0,0,0,0,partial_success,True,False
IS/IEC 60071 (Part 1):2019,IS/IEC 60071 (Part 1):2019,True,True,unknown,iec60071_1_2019,,absent,absent,absent,absent,0,0,0,0,0,partial_success,False,True
IS/IEC 60110 (Part 1):1998,IS/IEC 60110 (Part 1):1998,True,True,unknown,iec60110_1_1998,,absent,absent,absent,absent,0,0,0,0,0,partial_success,False,True
IS/IEC 60143 (Part 1):2015,IS/IEC 60143 (Part 1):2015,True,True,unknown,iec60143_1_2015,,absent,absent,absent,absent,0,0,0,0,0,partial_success,False,True
IS/IEC 61071:2017,IS/IEC 61071:2017,True,True,unknown,iec61071_2017,,absent,absent,absent,absent,0,0,0,0,0,partial_success,False,True
IS/IEC 60358 (Part 2):2013,IS/IEC 60358 (Part 2):2013,True,True,unknown,iec60358_2_2013,,absent,absent,absent,absent,0,0,0,0,0,partial_success,False,True
IS 14897:2021,IS 14897:2021,True,True,match_version_verified,14897_2021,https://standardsbis.bsbedge.com/BIS_Preview.aspx?id=14897_2021,absent,present,absent,absent,0,0,0,0,0,partial_success,True,False
IS/IEC/TS 60110 (Part 2):2000,IS/IEC/TS 60110 (Part 2):2000,True,True,unknown,iec60110_2_2000,,absent,absent,absent,absent,0,0,0,0,0,partial_success,False,True
IS 1248 (Part 1):2021,IS 1248 (Part 1):2021,True,True,match_version_verified,1248_1_2021,https://standardsbis.bsbedge.com/BIS_Preview.aspx?id=1248_1_2021,absent,present,absent,absent,0,0,0,0,0,partial_success,True,False
IS 1248 (Part 2):2021,IS 1248 (Part 2):2021,True,True,match_version_verified,1248_2_2021,https://standardsbis.bsbedge.com/BIS_Preview.aspx?id=1248_2_2021,absent,present,absent,absent,0,0,0,0,0,partial_success,True,False
IS 1248 (Part 3):2021,IS 1248 (Part 3):2021,True,True,match_version_verified,1248_3_2021,https://standardsbis.bsbedge.com/BIS_Preview.aspx?id=1248_3_2021,absent,present,absent,absent,0,0,0,0,0,partial_success,True,False
IS 1248 (Part 5):2021,IS 1248 (Part 5):2021,True,True,match_version_verified,1248_5_2021,https://standardsbis.bsbedge.com/BIS_Preview.aspx?id=1248_5_2021,absent,present,absent,absent,0,0,0,0,0,partial_success,True,False
IS 1248 (Part 6):2021,IS 1248 (Part 6):2021,True,True,match_version_verified,1248_6_2021,https://standardsbis.bsbedge.com/BIS_Preview.aspx?id=1248_6_2021,absent,present,absent,absent,0,0,0,0,0,partial_success,True,False
IS 1248 (Part 7):2021,IS 1248 (Part 7):2021,True,True,match_version_verified,1248_7_2021,https://standardsbis.bsbedge.com/BIS_Preview.aspx?id=1248_7_2021,absent,present,absent,absent,0,0,0,0,0,partial_success,True,False
IS 1248 (Part 8):2021,IS 1248 (Part 8):2021,True,True,match_version_verified,1248_8_2021,https://standardsbis.bsbedge.com/BIS_Preview.aspx?id=1248_8_2021,absent,present,absent,absent,0,0,0,0,0,partial_success,True,False
IS 13772:2021,IS 13772:2021,True,True,match_version_verified,13772_2021,https://standardsbis.bsbedge.com/BIS_Preview.aspx?id=13772_2021,absent,present,absent,absent,0,0,0,0,0,partial_success,True,False
IS 17067 (Part 5/Sec 2):2021,IS 17067 (Part 5/Sec 2):2021,True,True,match_version_verified,17067_5_2,https://standardsbis.bsbedge.com/BIS_Preview.aspx?id=17067_5_2,absent,present,absent,absent,0,0,0,0,0,partial_success,True,False
IS 1248 (Part 9):2021,IS 1248 (Part 9):2021,True,True,match_version_verified,1248_9_2021,https://standardsbis.bsbedge.com/BIS_Preview.aspx?id=1248_9_2021,absent,present,absent,absent,0,0,0,0,0,partial_success,True,False
IS 1248 (Part 4):2021,IS 1248 (Part 4):2021,True,True,match_version_verified,1248_4_2021,https://standardsbis.bsbedge.com/BIS_Preview.aspx?id=1248_4_2021,absent,present,absent,absent,0,0,0,0,0,partial_success,True,False
IS/IEC 62271 (Part 102):2018,IS/IEC 62271 (Part 102):2018,True,True,unknown,iec62271_102_2018,,absent,absent,absent,absent,0,0,0,0,0,partial_success,False,True
IS 17615 (Part 1):2021,IS 17615 (Part 1):2021,True,True,match_version_verified,17615_1,https://standardsbis.bsbedge.com/BIS_Preview.aspx?id=17615_1,absent,present,absent,absent,0,0,0,0,0,partial_success,True,False
IS 17590 (Part 1):2021,IS 17590 (Part 1):2021,True,True,match_version_verified,17590_1,https://standardsbis.bsbedge.com/BIS_Preview.aspx?id=17590_1,absent,present,absent,absent,0,0,0,0,0,partial_success,True,False
IS 17591:2021,IS 17591:2021,True,True,match_version_verified,17591,https://standardsbis.bsbedge.com/BIS_Preview.aspx?id=17591,absent,present,absent,absent,0,0,0,0,0,partial_success,True,False
IS 16593 (Part 9):2021,IS 16593 (Part 9):2021,True,True,match_version_verified,16593_9,https://standardsbis.bsbedge.com/BIS_Preview.aspx?id=16593_9,absent,present,absent,absent,0,0,0,0,0,partial_success,True,False
IS 8789:2021,IS 8789:2021,True,True,match_version_verified,8789_2021,https://standardsbis.bsbedge.com/BIS_Preview.aspx?id=8789_2021,present,absent,absent,absent,0,0,0,0,0,success,True,False
IS 17674:2021,IS 17674:2021,True,True,match_version_verified,17674,https://standardsbis.bsbedge.com/BIS_Preview.aspx?id=17674,absent,present,absent,absent,0,0,0,0,0,partial_success,True,False
IS 14957:2021,IS 14957:2021,True,True,match_version_verified,14957_2021,https://standardsbis.bsbedge.com/BIS_Preview.aspx?id=14957_2021,absent,present,absent,absent,0,0,0,0,0,partial_success,True,False
IS 17017 (Part 22/Sec 1):2021,IS 17017 (Part 22/Sec 1):2021,True,True,match_version_verified,17017_22_1,https://standardsbis.bsbedge.com/BIS_Preview.aspx?id=17017_22_1,present,absent,absent,present,36,30,6,0,0,success,True,False
IS 17017 (Part 2/Sec 6):2021,IS 17017 (Part 2/Sec 6):2021,True,True,unknown,17017_2_6_2021,,absent,absent,absent,absent,0,0,0,0,0,partial_success,False,True
IS 17017 (Part 25):2021,IS 17017 (Part 25):2021,True,True,match_version_verified,17017_25,https://standardsbis.bsbedge.com/BIS_Preview.aspx?id=17017_25,present,absent,absent,present,13,7,6,0,0,success,True,False
IS 16619 (Part 3):2021,IS 16619 (Part 3):2021,True,True,match_version_verified,16619_3,https://standardsbis.bsbedge.com/BIS_Preview.aspx?id=16619_3,absent,present,absent,absent,0,0,0,0,0,partial_success,True,False
IS 16619 (Part 5):2021,IS 16619 (Part 5):2021,True,True,match_version_verified,16619_5,https://standardsbis.bsbedge.com/BIS_Preview.aspx?id=16619_5,absent,present,absent,absent,0,0,0,0,0,partial_success,True,False
IS 16619 (Part 6):2021,IS 16619 (Part 6):2021,True,True,match_version_verified,16619_6,https://standardsbis.bsbedge.com/BIS_Preview.aspx?id=16619_6,absent,present,absent,absent,0,0,0,0,0,partial_success,True,False
IS 14801:2021,IS 14801:2021,True,True,match_version_verified,14801_2021,https://standardsbis.bsbedge.com/BIS_Preview.aspx?id=14801_2021,absent,present,absent,absent,0,0,0,0,0,partial_success,True,False
IS/ISO 15118 (Part 8):2020,IS/ISO 15118 (Part 8):2020,True,True,unknown,iso15118_8_2020,,absent,absent,absent,absent,0,0,0,0,0,partial_success,False,True
IS 17576:2021,IS 17576:2021,True,True,match_version_verified,17576,https://standardsbis.bsbedge.com/BIS_Preview.aspx?id=17576,absent,present,absent,absent,0,0,0,0,0,partial_success,True,False
IS 17577:2021,IS 17577:2021,True,True,match_version_verified,17577,https://standardsbis.bsbedge.com/BIS_Preview.aspx?id=17577,absent,present,absent,absent,0,0,0,0,0,partial_success,True,False
IS 16071 (Part 2):2021,IS 16071 (Part 2):2021,True,True,match_version_verified,16071_2,https://standardsbis.bsbedge.com/BIS_Preview.aspx?id=16071_2,absent,present,absent,absent,0,0,0,0,0,partial_success,True,False
IS 16071 (Part 3):2021,IS 16071 (Part 3):2021,True,True,match_version_verified,16071_3,https://standardsbis.bsbedge.com/BIS_Preview.aspx?id=16071_3,absent,present,absent,absent,0,0,0,0,0,partial_success,True,False
IS 13529:2021,IS 13529:2021,True,True,match_version_verified,13529_2021,https://standardsbis.bsbedge.com/BIS_Preview.aspx?id=13529_2021,present,absent,absent,absent,0,0,0,0,0,success,True,False
IS 14582:2021,IS 14582:2021,True,True,match_version_verified,14582_2021,https://standardsbis.bsbedge.com/BIS_Preview.aspx?id=14582_2021,present,absent,absent,absent,0,0,0,0,0,success,True,False
IS 4159:2021,IS 4159:2021,True,True,match_version_verified,4159_2021,https://standardsbis.bsbedge.com/BIS_Preview.aspx?id=4159_2021,present,absent,absent,present,3,3,0,0,0,success,True,False
IS 14697:2021,IS 14697:2021,True,True,match_version_verified,14697_2021,https://standardsbis.bsbedge.com/BIS_Preview.aspx?id=14697_2021,present,absent,absent,absent,0,0,0,0,0,success,True,False
IS 1180 (Part 3):2021,IS 1180 (Part 3):2021,True,True,match_version_verified,1180_3,https://standardsbis.bsbedge.com/BIS_Preview.aspx?id=1180_3,present,absent,present,absent,0,0,0,0,0,success,True,False
IS 13673 (Part 1):2021,IS 13673 (Part 1):2021,True,True,match_version_verified,13673_1_2021,https://standardsbis.bsbedge.com/BIS_Preview.aspx?id=13673_1_2021,absent,present,absent,present,1,1,0,0,0,partial_success,True,False
IS/IEC 60479 (Part 1):2018,IS/IEC 60479 (Part 1):2018,True,True,unknown,iec60479_1_2018,,absent,absent,absent,absent,0,0,0,0,0,partial_success,False,True
IS 398 (Part 6):2021,IS 398 (Part 6):2021,True,True,match_version_verified,398_6,https://standardsbis.bsbedge.com/BIS_Preview.aspx?id=398_6,present,absent,absent,absent,0,0,0,0,0,success,True,False
IS 17505 (Part 1):2021,IS 17505 (Part 1):2021,True,True,match_version_verified,17505_1,https://standardsbis.bsbedge.com/BIS_Preview.aspx?id=17505_1,present,absent,present,present,34,33,1,0,1,success,True,False
IS/IEC 62817:2017,IS/IEC 62817:2017,True,True,unknown,iec62817_2017,,absent,absent,absent,absent,0,0,0,0,0,partial_success,False,True
IS 1885 (Part 35):2021,IS 1885 (Part 35):2021,True,True,match_version_verified,1885_35_2021,https://standardsbis.bsbedge.com/BIS_Preview.aspx?id=1885_35_2021,absent,present,absent,absent,0,0,0,0,0,partial_success,True,False
IS 1885 (Part 54):2021,IS 1885 (Part 54):2021,True,True,match_version_verified,1885_54_2021,https://standardsbis.bsbedge.com/BIS_Preview.aspx?id=1885_54_2021,absent,present,absent,absent,0,0,0,0,0,partial_success,True,False
IS 1885 (Part 62):2021,IS 1885 (Part 62):2021,True,True,match_version_verified,1885_62_2021,https://standardsbis.bsbedge.com/BIS_Preview.aspx?id=1885_62_2021,absent,present,absent,absent,0,0,0,0,0,partial_success,True,False
IS 13072:2021,IS 13072:2021,True,True,match_version_verified,13072_2021,https://standardsbis.bsbedge.com/BIS_Preview.aspx?id=13072_2021,absent,present,absent,absent,0,0,0,0,0,partial_success,True,False
IS 17340:2021,IS 17340:2021,True,True,match_version_verified,17340,https://standardsbis.bsbedge.com/BIS_Preview.aspx?id=17340,absent,absent,absent,absent,0,0,0,0,0,partial_success,True,True
IS 17518 (Part 2):2021,IS 17518 (Part 2):2021,True,True,match_version_verified,17518_2,https://standardsbis.bsbedge.com/BIS_Preview.aspx?id=17518_2,absent,present,absent,absent,0,0,0,0,0,partial_success,True,False
IS 17519:2021,IS 17519:2021,True,True,match_version_verified,17519,https://standardsbis.bsbedge.com/BIS_Preview.aspx?id=17519,absent,present,absent,absent,0,0,0,0,0,partial_success,True,False
IS 17520:2021,IS 17520:2021,True,True,match_version_verified,17520,https://standardsbis.bsbedge.com/BIS_Preview.aspx?id=17520,absent,present,absent,absent,0,0,0,0,0,partial_success,True,False
IS 16048 (Part 1):2021,IS 16048 (Part 1):2021,True,True,match_version_verified,16048_1_2021,https://standardsbis.bsbedge.com/BIS_Preview.aspx?id=16048_1_2021,absent,present,absent,absent,0,0,0,0,0,partial_success,True,False
IS 16048 (Part 2):2021,IS 16048 (Part 2):2021,True,True,match_version_verified,16048_2_2021,https://standardsbis.bsbedge.com/BIS_Preview.aspx?id=16048_2_2021,absent,present,absent,absent,0,0,0,0,0,partial_success,True,False
IS 13673 (Part 2):2021,IS 13673 (Part 2):2021,True,True,match_version_verified,13673_2_2021,https://standardsbis.bsbedge.com/BIS_Preview.aspx?id=13673_2_2021,absent,present,absent,present,1,1,0,0,0,partial_success,True,False
IS 13673 (Part 3):2021,IS 13673 (Part 3):2021,True,True,match_version_verified,13673_3_2021,https://standardsbis.bsbedge.com/BIS_Preview.aspx?id=13673_3_2021,absent,present,absent,present,1,1,0,0,0,partial_success,True,False
IS 14254 (Part 2):2021,IS 14254 (Part 2):2021,True,True,match_version_verified,14254_2_2021,https://standardsbis.bsbedge.com/BIS_Preview.aspx?id=14254_2_2021,absent,present,absent,absent,0,0,0,0,0,partial_success,True,False
IS 17512:2021,IS 17512:2021,True,True,match_version_verified,17512,https://standardsbis.bsbedge.com/BIS_Preview.aspx?id=17512,present,absent,present,present,10,5,5,0,0,success,True,False
IS/IEC/TS 60079 (Part 40):2015,IS/IEC/TS 60079 (Part 40):2015,True,True,unknown,iec60079_40_2015,,absent,absent,absent,absent,0,0,0,0,0,partial_success,False,True
IS 17515 (Part 1):2021,IS 17515 (Part 1):2021,True,True,match_version_verified,17515_1,https://standardsbis.bsbedge.com/BIS_Preview.aspx?id=17515_1,absent,absent,absent,absent,0,0,0,0,0,partial_success,True,True
IS 17515 (Part 2):2021,IS 17515 (Part 2):2021,True,True,match_version_verified,17515_2,https://standardsbis.bsbedge.com/BIS_Preview.aspx?id=17515_2,absent,absent,absent,absent,0,0,0,0,0,partial_success,True,True
IS 17515 (Part 3):2021,IS 17515 (Part 3):2021,True,True,match_version_verified,17515_3,https://standardsbis.bsbedge.com/BIS_Preview.aspx?id=17515_3,absent,absent,absent,absent,0,0,0,0,0,partial_success,True,True
IS 2026 (Part 11):2021,IS 2026 (Part 11):2021,True,True,match_version_verified,2026_11,https://standardsbis.bsbedge.com/BIS_Preview.aspx?id=2026_11,fallback,present,absent,absent,0,0,0,0,0,success,True,False
IS/IEC 60479 (Part 2):2019,IS/IEC 60479 (Part 2):2019,True,True,unknown,iec60479_2_2019,,absent,absent,absent,absent,0,0,0,0,0,partial_success,False,True
IS/IEC 62443 (Part 4/Sec 2):2019,IS/IEC 62443 (Part 4/Sec 2):2019,True,True,unknown,iec62443_4_2_2019,,absent,absent,absent,absent,0,0,0,0,0,partial_success,False,True
IS/IEC 60079 (Part 33):2012,IS/IEC 60079 (Part 33):2012,True,True,unknown,iec60079_33_2012,,absent,absent,absent,absent,0,0,0,0,0,partial_success,False,True
IS 4591 (Part 1/Sec 1):2020,IS 4591 (Part 1/Sec 1):2020,True,True,unknown,4591_1_1_2020,,absent,absent,absent,absent,0,0,0,0,0,partial_success,False,True
IS 4591 (Part 1/Sec 2):2020,IS 4591 (Part 1/Sec 2):2020,True,True,unknown,4591_1_2_2020,,absent,absent,absent,absent,0,0,0,0,0,partial_success,False,True
IS 4591 (Part 1/Sec 3):2020,IS 4591 (Part 1/Sec 3):2020,True,True,unknown,4591_1_3_2020,,absent,absent,absent,absent,0,0,0,0,0,partial_success,False,True
IS 16504 (Part 11):2020,IS 16504 (Part 11):2020,True,True,unknown,16504_11_2020,,absent,absent,absent,absent,0,0,0,0,0,partial_success,False,True
IS 17293:2020,IS 17293:2020,True,True,match_version_verified,17293,https://standardsbis.bsbedge.com/BIS_Preview.aspx?id=17293,present,absent,absent,absent,0,0,0,0,0,success,True,False
IS 13779:2020,IS 13779:2020,True,True,match_version_verified,13779_2020,https://standardsbis.bsbedge.com/BIS_Preview.aspx?id=13779_2020,present,absent,absent,absent,0,0,0,0,0,success,True,False
IS 16197 (Part 7/Sec 2):2020,IS 16197 (Part 7/Sec 2):2020,True,True,unknown,16197_7_2_2020,,absent,absent,absent,absent,0,0,0,0,0,partial_success,False,True
IS 17341:2020,IS 17341:2020,True,True,unknown,17341_2020,,absent,absent,absent,absent,0,0,0,0,0,partial_success,False,True
IS/IEC 60079 (Part 13):2017,IS/IEC 60079 (Part 13):2017,True,True,unknown,iec60079_13_2017,,absent,absent,absent,absent,0,0,0,0,0,partial_success,False,True
IS/IEC 60079 (Part 15):2017,IS/IEC 60079 (Part 15):2017,True,True,unknown,iec60079_15_2017,,absent,absent,absent,absent,0,0,0,0,0,partial_success,False,True
IS 16502 (Part 3):):2020,IS 16502 (Part 3):):2020,True,False,unknown,,,not_verified,not_verified,not_verified,absent,0,0,0,0,0,failed,False,True
IS 17332:2020,IS 17332:2020,True,True,match_version_verified,17332,https://standardsbis.bsbedge.com/BIS_Preview.aspx?id=17332,absent,present,absent,absent,0,0,0,0,0,partial_success,True,False
IS/IEC/TS 60079 (Part 46):2017,IS/IEC/TS 60079 (Part 46):2017,True,True,unknown,iec60079_46_2017,,absent,absent,absent,absent,0,0,0,0,0,partial_success,False,True
IS/ISO/IEC 80079 (Part 36):2016,IS/ISO/IEC 80079 (Part 36):2016,True,True,unknown,isoiec80079_36_2016,,absent,absent,absent,absent,0,0,0,0,0,partial_success,False,True
IS/ISO/IEC 80079 (Part 37):2016,IS/ISO/IEC 80079 (Part 37):2016,True,True,unknown,isoiec80079_37_2016,,absent,absent,absent,absent,0,0,0,0,0,partial_success,False,True
IS/ISO/IEC 80079 (Part 38):2016,IS/ISO/IEC 80079 (Part 38):2016,True,True,unknown,isoiec80079_38_2016,,absent,absent,absent,absent,0,0,0,0,0,partial_success,False,True
IS 14772:2020,IS 14772:2020,True,True,unknown,14772_2020,,absent,absent,absent,absent,0,0,0,0,0,partial_success,False,True
IS 12312:2020,IS 12312:2020,True,True,match_version_verified,12312_2020,https://standardsbis.bsbedge.com/BIS_Preview.aspx?id=12312_2020,absent,present,absent,present,1,1,0,0,0,partial_success,True,False
IS 1765:2020,IS 1765:2020,True,True,match_version_verified,1765_2020,https://standardsbis.bsbedge.com/BIS_Preview.aspx?id=1765_2020,absent,present,absent,present,1,1,0,0,0,partial_success,True,False
IS 6236:2020,IS 6236:2020,True,True,match_version_verified,6236_2020,https://standardsbis.bsbedge.com/BIS_Preview.aspx?id=6236_2020,absent,present,absent,present,1,1,0,0,0,partial_success,True,False
IS/IEC 60079 (Part 0):2017,IS/IEC 60079 (Part 0):2017,True,True,unknown,iec60079_0_2017,,absent,absent,absent,absent,0,0,0,0,0,partial_success,False,True
IS 16792 (Part 2):2020,IS 16792 (Part 2):2020,True,True,match_version_verified,16792_2,https://standardsbis.bsbedge.com/BIS_Preview.aspx?id=16792_2,absent,present,absent,absent,0,0,0,0,0,partial_success,True,False
IS 16792 (Part 7/Sec 2):2020,IS 16792 (Part 7/Sec 2):2020,True,True,match_version_verified,16792_7_2,https://standardsbis.bsbedge.com/BIS_Preview.aspx?id=16792_7_2,absent,present,absent,absent,0,0,0,0,0,partial_success,True,False
IS/IEC 61400 (Part 25/Sec 1):2017,IS/IEC 61400 (Part 25/Sec 1):2017,True,True,unknown,iec61400_25_1_2017,,absent,absent,absent,absent,0,0,0,0,0,partial_success,False,True
IS/IEC 61400 (Part 25/Sec 2):2015,IS/IEC 61400 (Part 25/Sec 2):2015,True,True,unknown,iec61400_25_2_2015,,absent,absent,absent,absent,0,0,0,0,0,partial_success,False,True
IS/IEC 61400 (Part 25/Sec 3):2015,IS/IEC 61400 (Part 25/Sec 3):2015,True,True,unknown,iec61400_25_3_2015,,absent,absent,absent,absent,0,0,0,0,0,partial_success,False,True
IS/IEC 61400 (Part 25/Sec 4):2016,IS/IEC 61400 (Part 25/Sec 4):2016,True,True,unknown,iec61400_25_4_2016,,absent,absent,absent,absent,0,0,0,0,0,partial_success,False,True
IS/IEC 61400 (Part 25/Sec 5):2017,IS/IEC 61400 (Part 25/Sec 5):2017,True,True,unknown,iec61400_25_5_2017,,absent,absent,absent,absent,0,0,0,0,0,partial_success,False,True
IS/IEC 61400 (Part 25/Sec 6):2016,IS/IEC 61400 (Part 25/Sec 6):2016,True,True,unknown,iec61400_25_6_2016,,absent,absent,absent,absent,0,0,0,0,0,partial_success,False,True
IS/IEC 62688:2017,IS/IEC 62688:2017,True,True,unknown,iec62688_2017,,absent,absent,absent,absent,0,0,0,0,0,partial_success,False,True
IS/IEC TS 62738:2018,IS/IEC TS 62738:2018,True,False,unknown,,,not_verified,not_verified,not_verified,absent,0,0,0,0,0,failed,False,True
IS/IEC TS 62782:2016,IS/IEC TS 62782:2016,True,False,unknown,,,not_verified,not_verified,not_verified,absent,0,0,0,0,0,failed,False,True
IS/IEC TS 62789:2014,IS/IEC TS 62789:2014,True,False,unknown,,,not_verified,not_verified,not_verified,absent,0,0,0,0,0,failed,False,True
IS/IEC 62920:2017,IS/IEC 62920:2017,True,True,unknown,iec62920_2017,,absent,absent,absent,absent,0,0,0,0,0,partial_success,False,True
IS/IEC 62925:2016,IS/IEC 62925:2016,True,True,unknown,iec62925_2016,,absent,absent,absent,absent,0,0,0,0,0,partial_success,False,True
IS/IEC/TS 62989:2018,IS/IEC/TS 62989:2018,True,True,unknown,iec62989_2018,,absent,absent,absent,absent,0,0,0,0,0,partial_success,False,True
IS/IEC/TS 62994:2019,IS/IEC/TS 62994:2019,True,True,unknown,iec62994_2019,,absent,absent,absent,absent,0,0,0,0,0,partial_success,False,True
IS/IEC 63049:2017,IS/IEC 63049:2017,True,True,unknown,iec63049_2017,,absent,absent,absent,absent,0,0,0,0,0,partial_success,False,True
IS/IEC 63202 (Part 1):2019,IS/IEC 63202 (Part 1):2019,True,True,unknown,iec63202_1_2019,,absent,absent,absent,absent,0,0,0,0,0,partial_success,False,True
IS 17343:2020,IS 17343:2020,True,True,match_version_verified,17343,https://standardsbis.bsbedge.com/BIS_Preview.aspx?id=17343,absent,absent,absent,absent,0,0,0,0,0,partial_success,True,True
IS 12762 (Part 3):2020,IS 12762 (Part 3):2020,True,True,match_version_verified,12762_3_2020,https://standardsbis.bsbedge.com/BIS_Preview.aspx?id=12762_3_2020,absent,present,absent,absent,0,0,0,0,0,partial_success,True,False
IS 17017 (Part 2/Sec 1):2020,IS 17017 (Part 2/Sec 1):2020,True,True,match_version_verified,17017_2_1,https://standardsbis.bsbedge.com/BIS_Preview.aspx?id=17017_2_1,present,absent,absent,present,1,1,0,0,0,success,True,False
IS 17345 (Part 1):2020,IS 17345 (Part 1):2020,True,True,match_version_verified,17345_1,https://standardsbis.bsbedge.com/BIS_Preview.aspx?id=17345_1,present,absent,absent,absent,0,0,0,0,0,success,True,False
IS 17345 (Part 21):2020,IS 17345 (Part 21):2020,True,True,match_version_verified,17345_21,https://standardsbis.bsbedge.com/BIS_Preview.aspx?id=17345_21,present,absent,absent,present,2,2,0,0,0,success,True,False
IS 17387:2020,IS 17387:2020,True,True,match_version_verified,17387,https://standardsbis.bsbedge.com/BIS_Preview.aspx?id=17387,present,absent,absent,absent,0,0,0,0,0,success,True,False
IS 12762 (Part 1/Sec 2):2020,IS 12762 (Part 1/Sec 2):2020,True,True,match_version_verified,12762_1_2,https://standardsbis.bsbedge.com/BIS_Preview.aspx?id=12762_1_2,absent,present,absent,absent,0,0,0,0,0,partial_success,True,False
IS 12762 (Part 13):2020,IS 12762 (Part 13):2020,True,True,match_version_verified,12762_13,https://standardsbis.bsbedge.com/BIS_Preview.aspx?id=12762_13,absent,present,absent,absent,0,0,0,0,0,partial_success,True,False
IS/IEC 61727:2004,IS/IEC 61727:2004,True,True,unknown,iec61727_2004,,absent,absent,absent,absent,0,0,0,0,0,partial_success,False,True
IS 16197 (Part 8):2020,IS 16197 (Part 8):2020,True,True,match_version_verified,16197_8,https://standardsbis.bsbedge.com/BIS_Preview.aspx?id=16197_8,absent,absent,absent,absent,0,0,0,0,0,partial_success,True,True
IS 17017 (Part 2/Sec 3):2020,IS 17017 (Part 2/Sec 3):2020,True,True,match_version_verified,17017_2_3,https://standardsbis.bsbedge.com/BIS_Preview.aspx?id=17017_2_3,present,absent,absent,present,2,2,0,0,0,success,True,False
IS/IEC 60534 (Part 2/Sec 1):2011,IS/IEC 60534 (Part 2/Sec 1):2011,True,True,unknown,iec60534_2_1_2011,,absent,absent,absent,absent,0,0,0,0,0,partial_success,False,True
IS/IEC 60534 (Part 2/Sec 3):2015,IS/IEC 60534 (Part 2/Sec 3):2015,True,True,unknown,iec60534_2_3_2015,,absent,absent,absent,absent,0,0,0,0,0,partial_success,False,True
IS 17017 (Part 2/Sec 2):2020,IS 17017 (Part 2/Sec 2):2020,True,True,match_version_verified,17017_2_2,https://standardsbis.bsbedge.com/BIS_Preview.aspx?id=17017_2_2,present,absent,absent,present,1,1,0,0,0,success,True,False
IS/IEC/TS 62993:2017,IS/IEC/TS 62993:2017,True,True,unknown,iec62993_2017,,absent,absent,absent,absent,0,0,0,0,0,partial_success,False,True
IS 16242 (Part 2):2020,IS 16242 (Part 2):2020,True,True,match_version_verified,16242_2_2020,https://standardsbis.bsbedge.com/BIS_Preview.aspx?id=16242_2_2020,absent,present,absent,absent,0,0,0,0,0,partial_success,True,False
IS/IEC 60079 (Part 35/Sec 1):2011,IS/IEC 60079 (Part 35/Sec 1):2011,True,True,unknown,iec60079_35_1_2011,,absent,absent,absent,absent,0,0,0,0,0,partial_success,False,True
IS/IEC 60034 (Part 27/Sec 4):2018,IS/IEC 60034 (Part 27/Sec 4):2018,True,True,unknown,iec60034_27_4_2018,,absent,absent,absent,absent,0,0,0,0,0,partial_success,False,True
IS 12762 (Part 1/Sec 1):2020,IS 12762 (Part 1/Sec 1):2020,True,True,match_version_verified,12762_1_1,https://standardsbis.bsbedge.com/BIS_Preview.aspx?id=12762_1_1,absent,present,absent,absent,0,0,0,0,0,partial_success,True,False
IS 12762 (Part 8/Sec 1):2020,IS 12762 (Part 8/Sec 1):2020,True,True,match_version_verified,12762_8_1,https://standardsbis.bsbedge.com/BIS_Preview.aspx?id=12762_8_1,absent,present,absent,absent,0,0,0,0,0,partial_success,True,False
IS 16792 (Part 1/Sec 5):2020,IS 16792 (Part 1/Sec 5):2020,True,True,match_version_verified,16792_1_5,https://standardsbis.bsbedge.com/BIS_Preview.aspx?id=16792_1_5,absent,present,absent,absent,0,0,0,0,0,partial_success,True,False
IS 16960 (Part 3):2020,IS 16960 (Part 3):2020,True,True,match_version_verified,16960_3,https://standardsbis.bsbedge.com/BIS_Preview.aspx?id=16960_3,absent,present,absent,absent,0,0,0,0,0,partial_success,True,False
IS/IEC 61800 (Part 5/Sec 2):2020,IS/IEC 61800 (Part 5/Sec 2):2020,True,True,unknown,iec61800_5_2_2020,,absent,absent,absent,absent,0,0,0,0,0,partial_success,False,True
IS/IEC 60255 (Part 24):2013,IS/IEC 60255 (Part 24):2013,True,True,unknown,iec60255_24_2013,,absent,absent,absent,absent,0,0,0,0,0,partial_success,False,True
IS/IEC 60255 (Part 27):2013,IS/IEC 60255 (Part 27):2013,True,True,unknown,iec60255_27_2013,,absent,absent,absent,absent,0,0,0,0,0,partial_success,False,True
IS/IEC 60255 (Part 26):2013,IS/IEC 60255 (Part 26):2013,True,True,unknown,iec60255_26_2013,,absent,absent,absent,absent,0,0,0,0,0,partial_success,False,True
IS/IEC 62246 (Part 1/Sec 1):2018,IS/IEC 62246 (Part 1/Sec 1):2018,True,True,unknown,iec62246_1_1_2018,,absent,absent,absent,absent,0,0,0,0,0,partial_success,False,True
IS/IEC 60269 (Part 2):2016,IS/IEC 60269 (Part 2):2016,True,True,unknown,iec60269_2_2016,,absent,absent,absent,absent,0,0,0,0,0,partial_success,False,True
IS 14911 (Part 1):2020,IS 14911 (Part 1):2020,True,True,match_version_verified,14911_1_2020,https://standardsbis.bsbedge.com/BIS_Preview.aspx?id=14911_1_2020,absent,present,absent,absent,0,0,0,0,0,partial_success,True,False
IS 15086 (Part 5):2020,IS 15086 (Part 5):2020,True,True,match_version_verified,15086_5_2020,https://standardsbis.bsbedge.com/BIS_Preview.aspx?id=15086_5_2020,absent,present,absent,absent,0,0,0,0,0,partial_success,True,False
IS/IEC 61204:2001,IS/IEC 61204:2001,True,True,unknown,iec61204_2001,,absent,absent,absent,absent,0,0,0,0,0,partial_success,False,True
IS 17064 (Part 3):2020,IS 17064 (Part 3):2020,True,True,match_version_verified,17064_3,https://standardsbis.bsbedge.com/BIS_Preview.aspx?id=17064_3,absent,present,absent,absent,0,0,0,0,0,partial_success,True,False
IS/IEC 60255 (Part 21/Sec 2):1988,IS/IEC 60255 (Part 21/Sec 2):1988,True,True,unknown,iec60255_21_2_1988,,absent,absent,absent,absent,0,0,0,0,0,partial_success,False,True
IS/IEC 60255 (Part 149):2013,IS/IEC 60255 (Part 149):2013,True,True,unknown,iec60255_149_2013,,absent,absent,absent,absent,0,0,0,0,0,partial_success,False,True
IS/IEC 60255 (Part 181):2019,IS/IEC 60255 (Part 181):2019,True,True,unknown,iec60255_181_2019,,absent,absent,absent,absent,0,0,0,0,0,partial_success,False,True
IS/IEC/IEEE 60255 (Part 118/Sec 1):2018,IS/IEC/IEEE 60255 (Part 118/Sec 1):2018,True,True,match_version_verified,iee60255_118_1,https://standardsbis.bsbedge.com/BIS_Preview.aspx?id=iee60255_118_1,absent,present,absent,absent,0,0,0,0,0,partial_success,True,False
IS/IEC 61400 (Part 23):2014,IS/IEC 61400 (Part 23):2014,True,True,unknown,iec61400_23_2014,,absent,absent,absent,absent,0,0,0,0,0,partial_success,False,True
IS/IEC/TS 61400 (Part 13):2015,IS/IEC/TS 61400 (Part 13):2015,True,True,unknown,iec61400_13_2015,,absent,absent,absent,absent,0,0,0,0,0,partial_success,False,True
IS 11037:2019,IS 11037:2019,True,True,match_version_verified,11037_2019,https://standardsbis.bsbedge.com/BIS_Preview.aspx?id=11037_2019,absent,absent,absent,absent,0,0,0,0,0,partial_success,True,True
IS 1231:2019,IS 1231:2019,True,True,match_version_verified,1231_2019,https://standardsbis.bsbedge.com/BIS_Preview.aspx?id=1231_2019,present,absent,absent,absent,0,0,0,0,0,success,True,False
IS 900:2019,IS 900:2019,True,True,match_version_verified,900_2019,https://standardsbis.bsbedge.com/BIS_Preview.aspx?id=900_2019,present,absent,absent,absent,0,0,0,0,0,success,True,False
IS/IEC 60034 (Part 8):2014,IS/IEC 60034 (Part 8):2014,True,True,unknown,iec60034_8_2014,,absent,absent,absent,absent,0,0,0,0,0,partial_success,False,True
IS/IEC 61508 (Part 1):2010,IS/IEC 61508 (Part 1):2010,True,True,unknown,iec61508_1_2010,,absent,absent,absent,absent,0,0,0,0,0,partial_success,False,True
IS/IEC 62805 (Part 1):2017,IS/IEC 62805 (Part 1):2017,True,True,unknown,iec62805_1_2017,,absent,absent,absent,absent,0,0,0,0,0,partial_success,False,True
IS/IEC 62805 (Part 2):2017,IS/IEC 62805 (Part 2):2017,True,True,unknown,iec62805_2_2017,,absent,absent,absent,absent,0,0,0,0,0,partial_success,False,True
IS/IEC/TS 62916:2017,IS/IEC/TS 62916:2017,True,True,unknown,iec62916_2017,,absent,absent,absent,absent,0,0,0,0,0,partial_success,False,True
IS/IEC 62979:2017,IS/IEC 62979:2017,True,True,unknown,iec62979_2017,,absent,absent,absent,absent,0,0,0,0,0,partial_success,False,True
IS/IEC 61204 (Part 3):2016,IS/IEC 61204 (Part 3):2016,True,True,unknown,iec61204_3_2016,,absent,absent,absent,absent,0,0,0,0,0,partial_success,False,True
IS 1885 (Part 32):2019,IS 1885 (Part 32):2019,True,True,match_version_verified,1885_32_2019,https://standardsbis.bsbedge.com/BIS_Preview.aspx?id=1885_32_2019,absent,absent,absent,absent,0,0,0,0,0,partial_success,True,True
IS 1885 (Part 9/Sec 1):2019,IS 1885 (Part 9/Sec 1):2019,True,True,match_version_verified,1885_9_1,https://standardsbis.bsbedge.com/BIS_Preview.aspx?id=1885_9_1,absent,absent,absent,absent,0,0,0,0,0,partial_success,True,True
IS 1885 (Part 9/Sec 2):2019,IS 1885 (Part 9/Sec 2):2019,True,True,match_version_verified,1885_9_2,https://standardsbis.bsbedge.com/BIS_Preview.aspx?id=1885_9_2,absent,absent,absent,absent,0,0,0,0,0,partial_success,True,True
IS 1885 (Part 9/Sec 3):2019,IS 1885 (Part 9/Sec 3):2019,True,True,match_version_verified,1885_9_3,https://standardsbis.bsbedge.com/BIS_Preview.aspx?id=1885_9_3,absent,absent,absent,absent,0,0,0,0,0,partial_success,True,True
IS 15382 (Part 3):2019,IS 15382 (Part 3):2019,True,True,match_version_verified,15382_3,https://standardsbis.bsbedge.com/BIS_Preview.aspx?id=15382_3,absent,present,absent,absent,0,0,0,0,0,partial_success,True,False
IS/IEC 61508 (Part 0):2005,IS/IEC 61508 (Part 0):2005,True,True,unknown,iec61508_0_2005,,absent,absent,absent,absent,0,0,0,0,0,partial_success,False,True
IS/IEC 61508 (Part 2):2010,IS/IEC 61508 (Part 2):2010,True,True,unknown,iec61508_2_2010,,absent,absent,absent,absent,0,0,0,0,0,partial_success,False,True
IS/IEC 61508 (Part 3):2010,IS/IEC 61508 (Part 3):2010,True,True,unknown,iec61508_3_2010,,absent,absent,absent,absent,0,0,0,0,0,partial_success,False,True
IS/IEC 61508 (Part 4):2010,IS/IEC 61508 (Part 4):2010,True,True,unknown,iec61508_4_2010,,absent,absent,absent,absent,0,0,0,0,0,partial_success,False,True
IS/IEC 61508 (Part 5):2010,IS/IEC 61508 (Part 5):2010,True,True,unknown,iec61508_5_2010,,absent,absent,absent,absent,0,0,0,0,0,partial_success,False,True
IS/IEC 61508 (Part 6):2010,IS/IEC 61508 (Part 6):2010,True,True,unknown,iec61508_6_2010,,absent,absent,absent,absent,0,0,0,0,0,partial_success,False,True
IS/IEC 61508 (Part 7):2010,IS/IEC 61508 (Part 7):2010,True,True,unknown,iec61508_7_2010,,absent,absent,absent,absent,0,0,0,0,0,partial_success,False,True
IS/IEC 61511 (Part 1):2017,IS/IEC 61511 (Part 1):2017,True,True,unknown,iec61511_1_2017,,absent,absent,absent,absent,0,0,0,0,0,partial_success,False,True
IS/IEC 61511 (Part 2):2016,IS/IEC 61511 (Part 2):2016,True,True,unknown,iec61511_2_2016,,absent,absent,absent,absent,0,0,0,0,0,partial_success,False,True
IS/IEC 61511 (Part 3):2016,IS/IEC 61511 (Part 3):2016,True,True,unknown,iec61511_3_2016,,absent,absent,absent,absent,0,0,0,0,0,partial_success,False,True
IS/IEC 61829:2015,IS/IEC 61829:2015,True,True,unknown,iec61829_2015,,absent,absent,absent,absent,0,0,0,0,0,partial_success,False,True
IS 17017 (Part 21/Sec 1):2019,IS 17017 (Part 21/Sec 1):2019,True,True,match_version_verified,17017_21_1,https://standardsbis.bsbedge.com/BIS_Preview.aspx?id=17017_21_1,absent,present,absent,absent,0,0,0,0,0,partial_success,True,False
IS 17017 (Part 21/Sec 2):2019,IS 17017 (Part 21/Sec 2):2019,True,True,match_version_verified,17017_21_2,https://standardsbis.bsbedge.com/BIS_Preview.aspx?id=17017_21_2,absent,present,absent,absent,0,0,0,0,0,partial_success,True,False
IS 17245:2019,IS 17245:2019,True,True,unknown,17245_2019,,absent,absent,absent,absent,0,0,0,0,0,partial_success,False,True
IS 17244:2019,IS 17244:2019,True,True,match_version_verified,17244,https://standardsbis.bsbedge.com/BIS_Preview.aspx?id=17244,absent,present,absent,absent,0,0,0,0,0,partial_success,True,False
IS/IEC 60079 (Part 1):2014,IS/IEC 60079 (Part 1):2014,True,True,unknown,iec60079_1_2014,,absent,absent,absent,absent,0,0,0,0,0,partial_success,False,True
IS 17210 (Part 1):2019,IS 17210 (Part 1):2019,True,True,match_version_verified,17210_1,https://standardsbis.bsbedge.com/BIS_Preview.aspx?id=17210_1,absent,present,absent,absent,0,0,0,0,0,partial_success,True,False
IS 16504 (Part 33):2019,IS 16504 (Part 33):2019,True,True,unknown,16504_33_2019,,absent,absent,absent,absent,0,0,0,0,0,partial_success,False,True
IS/ISO/IEC 80079 (Part 34):2018,IS/ISO/IEC 80079 (Part 34):2018,True,True,unknown,isoiec80079_34_2018,,absent,absent,absent,absent,0,0,0,0,0,partial_success,False,True
IS 16504 (Part 34):2019,IS 16504 (Part 34):2019,True,True,unknown,16504_34_2019,,absent,absent,absent,absent,0,0,0,0,0,partial_success,False,True
IS 14257:2019,IS 14257:2019,True,True,match_version_verified,14257,https://standardsbis.bsbedge.com/BIS_Preview.aspx?id=14257,present,absent,absent,absent,0,0,0,0,0,success,True,False
IS 9434:2019,IS 9434:2019,True,True,match_version_verified,9434,https://standardsbis.bsbedge.com/BIS_Preview.aspx?id=9434,absent,present,absent,absent,0,0,0,0,0,partial_success,True,False
IS/IEC 61730 (Part 2):2016,IS/IEC 61730 (Part 2):2016,True,True,unknown,iec61730_2_2016,,absent,absent,absent,absent,0,0,0,0,0,partial_success,False,True
IS/IEC 61730 (Part 1):2016,IS/IEC 61730 (Part 1):2016,True,True,unknown,iec61730_1_2016,,absent,absent,absent,absent,0,0,0,0,0,partial_success,False,True
IS/IEC 60079 (Part 29/Sec 1):2016,IS/IEC 60079 (Part 29/Sec 1):2016,True,True,unknown,iec60079_29_1_2016,,absent,absent,absent,absent,0,0,0,0,0,partial_success,False,True
IS 16169:2019,IS 16169:2019,True,True,match_version_verified,16169,https://standardsbis.bsbedge.com/BIS_Preview.aspx?id=16169,absent,present,absent,absent,0,0,0,0,0,partial_success,True,False
IS 16504 (Part 1):2019,IS 16504 (Part 1):2019,True,True,unknown,16504_1_2019,,absent,absent,absent,absent,0,0,0,0,0,partial_success,False,True
IS 17123 (Part 6):2019,IS 17123 (Part 6):2019,True,True,match_version_verified,17123_6,https://standardsbis.bsbedge.com/BIS_Preview.aspx?id=17123_6,absent,present,absent,absent,0,0,0,0,0,partial_success,True,False
IS/IEC 60998 (Part 1):2002,IS/IEC 60998 (Part 1):2002,True,True,unknown,iec60998_1_2002,,absent,absent,absent,absent,0,0,0,0,0,partial_success,False,True
IS 15086 (Part 9):2019,IS 15086 (Part 9):2019,True,True,match_version_verified,15086_9,https://standardsbis.bsbedge.com/BIS_Preview.aspx?id=15086_9,absent,present,absent,absent,0,0,0,0,0,partial_success,True,False
IS/IEC 61010 (Part 2/Sec 020):2016,IS/IEC 61010 (Part 2/Sec 020):2016,True,True,unknown,iec61010_2_020_2016,,absent,absent,absent,absent,0,0,0,0,0,partial_success,False,True
IS/IEC 62056 (Part 5/Sec 3):2017,IS/IEC 62056 (Part 5/Sec 3):2017,True,True,unknown,iec62056_5_3_2017,,absent,absent,absent,absent,0,0,0,0,0,partial_success,False,True
IS 16504 (Part 31):2019,IS 16504 (Part 31):2019,True,True,unknown,16504_31_2019,,absent,absent,absent,absent,0,0,0,0,0,partial_success,False,True
IS/IEC 60669 (Part 2/Sec 2):2006,IS/IEC 60669 (Part 2/Sec 2):2006,True,True,unknown,iec60669_2_2_2006,,absent,absent,absent,absent,0,0,0,0,0,partial_success,False,True
IS/IEC 61730 (Part 1):2004,IS/IEC 61730 (Part 1):2004,True,True,unknown,iec61730_1_2004,,absent,absent,absent,absent,0,0,0,0,0,partial_success,False,True
IS/IEC 61730 (Part 2):2004,IS/IEC 61730 (Part 2):2004,True,True,unknown,iec61730_2_2004,,absent,absent,absent,absent,0,0,0,0,0,partial_success,False,True
IS/IEC 62056 (Part 6/Sec 2):2017,IS/IEC 62056 (Part 6/Sec 2):2017,True,True,unknown,iec62056_6_2_2017,,absent,absent,absent,absent,0,0,0,0,0,partial_success,False,True
IS 17092:2019,IS 17092:2019,True,True,match_version_verified,17092,https://standardsbis.bsbedge.com/BIS_Preview.aspx?id=17092,present,absent,present,absent,0,0,0,0,0,success,True,False
IS 17106 (Part 1):2019,IS 17106 (Part 1):2019,True,True,unknown,17106_1_2019,,absent,absent,absent,absent,0,0,0,0,0,partial_success,False,True
IS 17119:2019,IS 17119:2019,True,True,match_version_verified,17119,https://standardsbis.bsbedge.com/BIS_Preview.aspx?id=17119,absent,present,absent,absent,0,0,0,0,0,partial_success,True,False
IS 17121:2019,IS 17121:2019,True,True,match_version_verified,17121,https://standardsbis.bsbedge.com/BIS_Preview.aspx?id=17121,absent,present,absent,absent,0,0,0,0,0,partial_success,True,False
IS 16855 (Part 100):2019,IS 16855 (Part 100):2019,True,True,match_version_verified,16855_100,https://standardsbis.bsbedge.com/BIS_Preview.aspx?id=16855_100,absent,present,absent,absent,0,0,0,0,0,partial_success,True,False
IS 369:2019,IS 369:2019,True,True,match_version_verified,369,https://standardsbis.bsbedge.com/BIS_Preview.aspx?id=369,present,absent,absent,present,2,2,0,0,0,success,True,False
IS/IEC 60715:2017,IS/IEC 60715:2017,True,True,unknown,iec60715_2017,,absent,absent,absent,absent,0,0,0,0,0,partial_success,False,True
IS 16661:2019,IS 16661:2019,True,True,match_version_uncertain,16661,,absent,present,absent,absent,0,0,0,0,0,partial_success,False,True
IS 17122:2019,IS 17122:2019,True,True,match_version_verified,17122,https://standardsbis.bsbedge.com/BIS_Preview.aspx?id=17122,absent,present,absent,absent,0,0,0,0,0,partial_success,True,False
IS/IEC 60273:1990,IS/IEC 60273:1990,True,True,unknown,iec60273_1990,,absent,absent,absent,absent,0,0,0,0,0,partial_success,False,True
IS/IEC 60947 (Part 5/Sec 5):2016,IS/IEC 60947 (Part 5/Sec 5):2016,True,True,unknown,iec60947_5_5_2016,,absent,absent,absent,absent,0,0,0,0,0,partial_success,False,True
IS/ISO 15118 (Part 3):2015,IS/ISO 15118 (Part 3):2015,True,True,unknown,iso15118_3_2015,,absent,absent,absent,absent,0,0,0,0,0,partial_success,False,True
IS/ISO 15118 (Part 4):2018,IS/ISO 15118 (Part 4):2018,True,True,unknown,iso15118_4_2018,,absent,absent,absent,absent,0,0,0,0,0,partial_success,False,True
IS 16823:2019,IS 16823:2019,True,True,match_version_verified,16823,https://standardsbis.bsbedge.com/BIS_Preview.aspx?id=16823,absent,present,absent,absent,0,0,0,0,0,partial_success,True,False
IS 17064 (Part 2):2019,IS 17064 (Part 2):2019,True,True,unknown,17064_2_2019,,absent,absent,absent,absent,0,0,0,0,0,partial_success,False,True
IS/IEC TS 61245:2015,IS/IEC TS 61245:2015,True,False,unknown,,,not_verified,not_verified,not_verified,absent,0,0,0,0,0,failed,False,True
IS 16822:2019,IS 16822:2019,True,True,match_version_verified,16822,https://standardsbis.bsbedge.com/BIS_Preview.aspx?id=16822,absent,present,absent,absent,0,0,0,0,0,partial_success,True,False
IS/ISO 15118 (Part 2):2014,IS/ISO 15118 (Part 2):2014,True,True,unknown,iso15118_2_2014,,absent,absent,absent,absent,0,0,0,0,0,partial_success,False,True
IS/ISO 15118 (Part 1):2013,IS/ISO 15118 (Part 1):2013,True,True,unknown,iso15118_1_2013,,absent,absent,absent,absent,0,0,0,0,0,partial_success,False,True
IS 732:2019,IS 732:2019,True,True,match_version_verified,732,https://standardsbis.bsbedge.com/BIS_Preview.aspx?id=732,present,absent,present,present,98,41,57,0,6,success,True,False
IS 8504 (Part 8):2019,IS 8504 (Part 8):2019,True,True,match_version_verified,8504_8,https://standardsbis.bsbedge.com/BIS_Preview.aspx?id=8504_8,absent,present,absent,absent,0,0,0,0,0,partial_success,True,False
IS/IEC 61810 (Part 7):2006,IS/IEC 61810 (Part 7):2006,True,True,unknown,iec61810_7_2006,,absent,absent,absent,absent,0,0,0,0,0,partial_success,False,True
IS 16498 (Part 3/Sec 1):2019,IS 16498 (Part 3/Sec 1):2019,True,True,match_version_verified,16498_3_1,https://standardsbis.bsbedge.com/BIS_Preview.aspx?id=16498_3_1,absent,present,absent,absent,0,0,0,0,0,partial_success,True,False
IS 16498 (Part 3/Sec 2):2019,IS 16498 (Part 3/Sec 2):2019,True,True,match_version_verified,16498_3_2,https://standardsbis.bsbedge.com/BIS_Preview.aspx?id=16498_3_2,absent,present,absent,absent,0,0,0,0,0,partial_success,True,False
IS 16499 (Part 3/Sec 1):2019,IS 16499 (Part 3/Sec 1):2019,True,True,match_version_verified,16499_3_1,https://standardsbis.bsbedge.com/BIS_Preview.aspx?id=16499_3_1,absent,present,absent,absent,0,0,0,0,0,partial_success,True,False
IS/IEC 62056 (Part 6/Sec 1):2017,IS/IEC 62056 (Part 6/Sec 1):2017,True,True,unknown,iec62056_6_1_2017,,absent,absent,absent,absent,0,0,0,0,0,partial_success,False,True
IS/IEC 62056 (Part 4/Sec 7):2015,IS/IEC 62056 (Part 4/Sec 7):2015,True,True,unknown,iec62056_4_7_2015,,absent,absent,absent,absent,0,0,0,0,0,partial_success,False,True
IS 13235 (Part 2):2019,IS 13235 (Part 2):2019,True,True,match_version_verified,13235_2,https://standardsbis.bsbedge.com/BIS_Preview.aspx?id=13235_2,absent,present,absent,absent,0,0,0,0,0,partial_success,True,False
IS 13235 (Part 1):2019,IS 13235 (Part 1):2019,True,True,match_version_verified,13235_1,https://standardsbis.bsbedge.com/BIS_Preview.aspx?id=13235_1,absent,present,absent,present,4,0,4,0,0,partial_success,True,False
IS 1293:2019,IS 1293:2019,True,True,match_version_verified,1293,https://standardsbis.bsbedge.com/BIS_Preview.aspx?id=1293,present,absent,present,present,18,17,1,0,0,success,True,False
IS 14494:2019,IS 14494:2019,True,True,unknown,14494_2019,,absent,absent,absent,absent,0,0,0,0,0,partial_success,False,True
IS 374:2019,IS 374:2019,True,True,match_version_verified,374,https://standardsbis.bsbedge.com/BIS_Preview.aspx?id=374,present,absent,present,present,8,8,0,0,0,success,True,False
IS 16622:2019,IS 16622:2019,True,True,match_version_verified,16622,https://standardsbis.bsbedge.com/BIS_Preview.aspx?id=16622,absent,present,absent,absent,0,0,0,0,0,partial_success,True,False
IS 16839:2019,IS 16839:2019,True,True,match_version_verified,16839,https://standardsbis.bsbedge.com/BIS_Preview.aspx?id=16839,absent,present,absent,absent,0,0,0,0,0,partial_success,True,False
IS 17064 (Part 2/Sec 1):2019,IS 17064 (Part 2/Sec 1):2019,True,True,unknown,17064_2_1_2019,,absent,absent,absent,absent,0,0,0,0,0,partial_success,False,True
IS 17067 (Part 2/Sec 1):2019,IS 17067 (Part 2/Sec 1):2019,True,True,match_version_verified,17067_2_1,https://standardsbis.bsbedge.com/BIS_Preview.aspx?id=17067_2_1,absent,present,absent,absent,0,0,0,0,0,partial_success,True,False
IS 17067 (Part 4/Sec 1):2019,IS 17067 (Part 4/Sec 1):2019,True,True,match_version_verified,17067_4_1,https://standardsbis.bsbedge.com/BIS_Preview.aspx?id=17067_4_1,absent,present,absent,absent,0,0,0,0,0,partial_success,True,False
IS/IEC 60079 (Part 35/Sec 2):2011,IS/IEC 60079 (Part 35/Sec 2):2011,True,True,unknown,iec60079_35_2_2011,,absent,absent,absent,absent,0,0,0,0,0,partial_success,False,True
IS/IEC 60137:2017,IS/IEC 60137:2017,True,True,unknown,iec60137_2017,,absent,absent,absent,absent,0,0,0,0,0,partial_success,False,True
IS/IEC TS 62073:2016,IS/IEC TS 62073:2016,True,False,unknown,,,not_verified,not_verified,not_verified,absent,0,0,0,0,0,failed,False,True
IS 16797:2019,IS 16797:2019,True,True,match_version_verified,16797,https://standardsbis.bsbedge.com/BIS_Preview.aspx?id=16797,absent,present,absent,absent,0,0,0,0,0,partial_success,True,False
IS 13730 (Part 4):2018,IS 13730 (Part 4):2018,True,True,match_version_verified,13730_4,https://standardsbis.bsbedge.com/BIS_Preview.aspx?id=13730_4,absent,present,absent,absent,0,0,0,0,0,partial_success,True,False
IS 17066 (Part 1):2018,IS 17066 (Part 1):2018,True,True,unknown,17066_1_2018,,absent,absent,absent,absent,0,0,0,0,0,partial_success,False,True
IS 17067 (Part 1):2018,IS 17067 (Part 1):2018,True,True,match_version_verified,17067_1,https://standardsbis.bsbedge.com/BIS_Preview.aspx?id=17067_1,absent,present,absent,absent,0,0,0,0,0,partial_success,True,False
IS 16792 (Part 1/Sec 2):2018,IS 16792 (Part 1/Sec 2):2018,True,True,match_version_verified,16792_1_2,https://standardsbis.bsbedge.com/BIS_Preview.aspx?id=16792_1_2,absent,present,absent,absent,0,0,0,0,0,partial_success,True,False
IS 17064 (Part 1):2018,IS 17064 (Part 1):2018,True,True,unknown,17064_1_2018,,absent,absent,absent,absent,0,0,0,0,0,partial_success,False,True
IS 17065 (Part 1):2018,IS 17065 (Part 1):2018,True,True,unknown,17065_1_2018,,absent,absent,absent,absent,0,0,0,0,0,partial_success,False,True
IS 3043:2018,IS 3043:2018,True,True,match_version_verified,3043,https://standardsbis.bsbedge.com/BIS_Preview.aspx?id=3043,present,absent,absent,absent,0,0,0,0,0,success,True,False
IS 13730 (Part 0/Sec 1):2018,IS 13730 (Part 0/Sec 1):2018,True,True,match_version_verified,13730_0_1,https://standardsbis.bsbedge.com/BIS_Preview.aspx?id=13730_0_1,absent,present,absent,absent,0,0,0,0,0,partial_success,True,False
IS 16827:2018,IS 16827:2018,True,True,match_version_verified,16827,https://standardsbis.bsbedge.com/BIS_Preview.aspx?id=16827,absent,present,absent,absent,0,0,0,0,0,partial_success,True,False
IS/IEC 60168:2000,IS/IEC 60168:2000,True,True,unknown,iec60168_2000,,absent,absent,absent,absent,0,0,0,0,0,partial_success,False,True
IS 16894 (Part 3):2018,IS 16894 (Part 3):2018,True,True,match_version_verified,16894_3,https://standardsbis.bsbedge.com/BIS_Preview.aspx?id=16894_3,absent,present,absent,absent,0,0,0,0,0,partial_success,True,False
IS 16894 (Part 2):2018,IS 16894 (Part 2):2018,True,True,match_version_verified,16894_2,https://standardsbis.bsbedge.com/BIS_Preview.aspx?id=16894_2,absent,present,absent,absent,0,0,0,0,0,partial_success,True,False
IS 16894 (Part 1):2018,IS 16894 (Part 1):2018,True,True,match_version_verified,16894_1,https://standardsbis.bsbedge.com/BIS_Preview.aspx?id=16894_1,absent,present,absent,absent,0,0,0,0,0,partial_success,True,False
IS/IEC 60255 (Part 121):2014,IS/IEC 60255 (Part 121):2014,True,True,unknown,iec60255_121_2014,,absent,absent,absent,absent,0,0,0,0,0,partial_success,False,True
IS 16893 (Part 2):2018,IS 16893 (Part 2):2018,True,True,match_version_verified,16893_2,https://standardsbis.bsbedge.com/BIS_Preview.aspx?id=16893_2,absent,present,absent,absent,0,0,0,0,0,partial_success,True,False
IS 16893 (Part 1):2018,IS 16893 (Part 1):2018,True,True,match_version_verified,16893_1,https://standardsbis.bsbedge.com/BIS_Preview.aspx?id=16893_1,absent,present,absent,absent,0,0,0,0,0,partial_success,True,False
IS 16862:2018,IS 16862:2018,True,True,match_version_verified,16862,https://standardsbis.bsbedge.com/BIS_Preview.aspx?id=16862,absent,present,absent,absent,0,0,0,0,0,partial_success,True,False
IS 16805:2018,IS 16805:2018,True,True,match_version_verified,16805,https://standardsbis.bsbedge.com/BIS_Preview.aspx?id=16805,absent,present,absent,absent,0,0,0,0,0,partial_success,True,False
IS 16859:2018,IS 16859:2018,True,True,match_version_verified,16859,https://standardsbis.bsbedge.com/BIS_Preview.aspx?id=16859,absent,present,absent,absent,0,0,0,0,0,partial_success,True,False
IS 16498 (Part 1):2018,IS 16498 (Part 1):2018,True,True,match_version_verified,16498_1,https://standardsbis.bsbedge.com/BIS_Preview.aspx?id=16498_1,absent,present,absent,absent,0,0,0,0,0,partial_success,True,False
IS 16838:2018,IS 16838:2018,True,True,match_version_verified,16838,https://standardsbis.bsbedge.com/BIS_Preview.aspx?id=16838,absent,present,absent,absent,0,0,0,0,0,partial_success,True,False
IS 16841:2018,IS 16841:2018,True,True,match_version_verified,16841,https://standardsbis.bsbedge.com/BIS_Preview.aspx?id=16841,absent,present,absent,absent,0,0,0,0,0,partial_success,True,False
IS 16798:2018,IS 16798:2018,True,True,match_version_verified,16798,https://standardsbis.bsbedge.com/BIS_Preview.aspx?id=16798,absent,present,absent,absent,0,0,0,0,0,partial_success,True,False
IS/IEC 60079 (Part 28):2015,IS/IEC 60079 (Part 28):2015,True,True,unknown,iec60079_28_2015,,absent,absent,absent,absent,0,0,0,0,0,partial_success,False,True
IS 17036:2018,IS 17036:2018,True,True,match_version_verified,17036,https://standardsbis.bsbedge.com/BIS_Preview.aspx?id=17036,present,absent,absent,present,4,1,3,0,0,success,True,False
IS 17040:2018,IS 17040:2018,True,True,match_version_verified,17040,https://standardsbis.bsbedge.com/BIS_Preview.aspx?id=17040,absent,present,absent,absent,0,0,0,0,0,partial_success,True,False
IS 17039:2018,IS 17039:2018,True,True,unknown,17039_2018,,absent,absent,absent,absent,0,0,0,0,0,partial_success,False,True
IS 17048:2018,IS 17048:2018,True,True,match_version_verified,17048,https://standardsbis.bsbedge.com/BIS_Preview.aspx?id=17048,present,absent,absent,present,25,25,0,0,0,success,True,False
IS/IEC TS 61724 (Part 2):2016,IS/IEC TS 61724 (Part 2):2016,True,False,unknown,,,not_verified,not_verified,not_verified,absent,0,0,0,0,0,failed,False,True
IS 16589 (Part 11):2018,IS 16589 (Part 11):2018,True,True,match_version_verified,16589_11,https://standardsbis.bsbedge.com/BIS_Preview.aspx?id=16589_11,absent,present,absent,absent,0,0,0,0,0,partial_success,True,False
IS 12640 (Part 4):2018,IS 12640 (Part 4):2018,True,True,match_version_verified,12640_4,https://standardsbis.bsbedge.com/BIS_Preview.aspx?id=12640_4,absent,present,absent,present,1,1,0,0,0,partial_success,True,False
IS/IEC 60269 (Part 3):2010,IS/IEC 60269 (Part 3):2010,True,True,unknown,iec60269_3_2010,,absent,absent,absent,absent,0,0,0,0,0,partial_success,False,True
IS/IEC/TR 60269 (Part 5):2014,IS/IEC/TR 60269 (Part 5):2014,True,True,unknown,iec60269_5_2014,,absent,absent,absent,absent,0,0,0,0,0,partial_success,False,True
IS/IEC 60269 (Part 6):2010,IS/IEC 60269 (Part 6):2010,True,True,unknown,iec60269_6_2010,,absent,absent,absent,absent,0,0,0,0,0,partial_success,False,True
IS/IEC 60269 (Part 1):2014,IS/IEC 60269 (Part 1):2014,True,True,unknown,iec60269_1_2014,,absent,absent,absent,absent,0,0,0,0,0,partial_success,False,True
IS 16840:2018,IS 16840:2018,True,True,match_version_verified,16840,https://standardsbis.bsbedge.com/BIS_Preview.aspx?id=16840,absent,present,absent,absent,0,0,0,0,0,partial_success,True,False
IS/IEC/TS 61724 (Part 3):2016,IS/IEC/TS 61724 (Part 3):2016,True,True,unknown,iec61724_3_2016,,absent,absent,absent,absent,0,0,0,0,0,partial_success,False,True
IS 335:2018,IS 335:2018,True,True,match_version_verified,335,https://standardsbis.bsbedge.com/BIS_Preview.aspx?id=335,present,absent,present,absent,0,0,0,0,0,success,True,False
IS 2418 (Part 2):2018,IS 2418 (Part 2):2018,True,True,match_version_verified,2418_2,https://standardsbis.bsbedge.com/BIS_Preview.aspx?id=2418_2,present,absent,absent,present,13,13,0,0,0,success,True,False
IS 13730 (Part 5):2018,IS 13730 (Part 5):2018,True,True,match_version_verified,13730_5,https://standardsbis.bsbedge.com/BIS_Preview.aspx?id=13730_5,present,absent,present,present,1,1,0,0,0,success,True,False
IS 16279:2018,IS 16279:2018,True,True,match_version_verified,16279,https://standardsbis.bsbedge.com/BIS_Preview.aspx?id=16279,absent,present,absent,absent,0,0,0,0,0,partial_success,True,False
IS/IEC 60383 (Part 2):1993,IS/IEC 60383 (Part 2):1993,True,True,unknown,iec60383_2_1993,,absent,absent,absent,absent,0,0,0,0,0,partial_success,False,True
IS 16227 (Part 102):2018,IS 16227 (Part 102):2018,True,True,match_version_verified,16227_102,https://standardsbis.bsbedge.com/BIS_Preview.aspx?id=16227_102,fallback,present,absent,absent,0,0,0,0,0,success,True,False
IS 16870:2018,IS 16870:2018,True,True,match_version_verified,16870,https://standardsbis.bsbedge.com/BIS_Preview.aspx?id=16870,absent,present,absent,absent,0,0,0,0,0,partial_success,True,False
IS 16868:2018,IS 16868:2018,True,True,match_version_verified,16868,https://standardsbis.bsbedge.com/BIS_Preview.aspx?id=16868,absent,present,absent,absent,0,0,0,0,0,partial_success,True,False
IS 16869:2018,IS 16869:2018,True,True,match_version_verified,16869,https://standardsbis.bsbedge.com/BIS_Preview.aspx?id=16869,absent,present,absent,absent,0,0,0,0,0,partial_success,True,False
IS 16867:2018,IS 16867:2018,True,True,match_version_verified,16867,https://standardsbis.bsbedge.com/BIS_Preview.aspx?id=16867,absent,present,absent,absent,0,0,0,0,0,partial_success,True,False
IS 12615:2018,IS 12615:2018,True,True,unknown,12615_2018,,absent,absent,absent,absent,0,0,0,0,0,partial_success,False,True
IS 13567:2018,IS 13567:2018,True,True,match_version_verified,13567,https://standardsbis.bsbedge.com/BIS_Preview.aspx?id=13567,absent,present,absent,absent,0,0,0,0,0,partial_success,True,False
IS 13773:2018,IS 13773:2018,True,True,unknown,13773_2018,,absent,absent,absent,absent,0,0,0,0,0,partial_success,False,True
IS 16167 (Part 1):2018,IS 16167 (Part 1):2018,True,True,unknown,16167_1_2018,,absent,absent,absent,absent,0,0,0,0,0,partial_success,False,True
IS 302 (Part 2/Sec 75):2018,IS 302 (Part 2/Sec 75):2018,True,True,unknown,302_2_75_2018,,absent,absent,absent,absent,0,0,0,0,0,partial_success,False,True
IS 16863 (Part 2):2018,IS 16863 (Part 2):2018,True,True,match_version_verified,16863_2,https://standardsbis.bsbedge.com/BIS_Preview.aspx?id=16863_2,absent,present,absent,absent,0,0,0,0,0,partial_success,True,False
IS 16781:2018,IS 16781:2018,True,True,unknown,16781_2018,,absent,absent,absent,absent,0,0,0,0,0,partial_success,False,True
IS 16863 (Part 1):2018,IS 16863 (Part 1):2018,True,True,match_version_verified,16863_1,https://standardsbis.bsbedge.com/BIS_Preview.aspx?id=16863_1,absent,present,absent,absent,0,0,0,0,0,partial_success,True,False
IS 16863 (Part 3):2018,IS 16863 (Part 3):2018,True,True,match_version_verified,16863_3,https://standardsbis.bsbedge.com/BIS_Preview.aspx?id=16863_3,absent,present,absent,absent,0,0,0,0,0,partial_success,True,False
IS 16871:2018,IS 16871:2018,True,True,match_version_verified,16871,https://standardsbis.bsbedge.com/BIS_Preview.aspx?id=16871,absent,present,absent,absent,0,0,0,0,0,partial_success,True,False
IS 10027:2018,IS 10027:2018,True,True,match_version_verified,10027,https://standardsbis.bsbedge.com/BIS_Preview.aspx?id=10027,present,absent,present,present,5,5,0,0,0,success,True,False
IS 13730 (Part 49):2018,IS 13730 (Part 49):2018,True,True,match_version_verified,13730_49,https://standardsbis.bsbedge.com/BIS_Preview.aspx?id=13730_49,absent,present,absent,absent,0,0,0,0,0,partial_success,True,False
IS 13730 (Part 50):2018,IS 13730 (Part 50):2018,True,True,match_version_verified,13730_50,https://standardsbis.bsbedge.com/BIS_Preview.aspx?id=13730_50,absent,present,absent,absent,0,0,0,0,0,partial_success,True,False
IS 13730 (Part 53):2018,IS 13730 (Part 53):2018,True,True,match_version_verified,13730_53,https://standardsbis.bsbedge.com/BIS_Preview.aspx?id=13730_53,absent,present,absent,absent,0,0,0,0,0,partial_success,True,False
IS 13778 (Part 4):2018,IS 13778 (Part 4):2018,True,True,match_version_verified,13778_4,https://standardsbis.bsbedge.com/BIS_Preview.aspx?id=13778_4,absent,present,absent,absent,0,0,0,0,0,partial_success,True,False
IS 13778 (Part 6):2018,IS 13778 (Part 6):2018,True,True,match_version_verified,13778_6,https://standardsbis.bsbedge.com/BIS_Preview.aspx?id=13778_6,absent,present,absent,absent,0,0,0,0,0,partial_success,True,False
IS 2418 (Part 1):2018,IS 2418 (Part 1):2018,True,True,match_version_verified,2418_1,https://standardsbis.bsbedge.com/BIS_Preview.aspx?id=2418_1,present,absent,present,present,9,9,0,0,0,success,True,False
IS/IEC 60730 (Part 2/Sec 9):2011,IS/IEC 60730 (Part 2/Sec 9):2011,True,True,unknown,iec60730_2_9_2011,,absent,absent,absent,absent,0,0,0,0,0,partial_success,False,True
IS/IEC/IEEE 60079 (Part 30/Sec 1):2015,IS/IEC/IEEE 60079 (Part 30/Sec 1):2015,True,True,unknown,iee60079_30_1_2015,,absent,absent,absent,absent,0,0,0,0,0,partial_success,False,True
IS 17017 (Part 1):2018,IS 17017 (Part 1):2018,True,True,match_version_verified,17017_1,https://standardsbis.bsbedge.com/BIS_Preview.aspx?id=17017_1,present,absent,absent,absent,0,0,0,0,0,success,True,False
IS 16046 (Part 1):2018,IS 16046 (Part 1):2018,True,True,match_version_verified,16046_1,https://standardsbis.bsbedge.com/BIS_Preview.aspx?id=16046_1,absent,present,absent,present,2,0,2,0,0,partial_success,True,False
IS 16046 (Part 2):2018,IS 16046 (Part 2):2018,True,True,match_version_verified,16046_2,https://standardsbis.bsbedge.com/BIS_Preview.aspx?id=16046_2,absent,present,absent,present,2,0,2,0,0,partial_success,True,False
IS 16047 (Part 3):2018,IS 16047 (Part 3):2018,True,True,match_version_verified,16047_3,https://standardsbis.bsbedge.com/BIS_Preview.aspx?id=16047_3,absent,present,absent,absent,0,0,0,0,0,partial_success,True,False
IS 13730 (Part 28):2018,IS 13730 (Part 28):2018,True,True,match_version_verified,13730_28,https://standardsbis.bsbedge.com/BIS_Preview.aspx?id=13730_28,absent,present,absent,present,1,0,1,0,0,partial_success,True,False
IS 13730 (Part 31):2018,IS 13730 (Part 31):2018,True,True,match_version_verified,13730_31,https://standardsbis.bsbedge.com/BIS_Preview.aspx?id=13730_31,absent,present,absent,present,1,0,1,0,0,partial_success,True,False
IS 13730 (Part 32):2018,IS 13730 (Part 32):2018,True,True,match_version_verified,13730_32,https://standardsbis.bsbedge.com/BIS_Preview.aspx?id=13730_32,absent,present,absent,present,1,0,1,0,0,partial_success,True,False
IS 13730 (Part 20):2018,IS 13730 (Part 20):2018,True,True,match_version_verified,13730_20,https://standardsbis.bsbedge.com/BIS_Preview.aspx?id=13730_20,absent,present,absent,present,1,0,1,0,0,partial_success,True,False
IS 13730 (Part 33):2018,IS 13730 (Part 33):2018,True,True,match_version_verified,13730_33,https://standardsbis.bsbedge.com/BIS_Preview.aspx?id=13730_33,absent,present,absent,present,1,0,1,0,0,partial_success,True,False
IS 13730 (Part 39):2018,IS 13730 (Part 39):2018,True,True,match_version_verified,13730_39,https://standardsbis.bsbedge.com/BIS_Preview.aspx?id=13730_39,absent,present,absent,present,1,0,1,0,0,partial_success,True,False
IS 13730 (Part 48):2018,IS 13730 (Part 48):2018,True,True,match_version_verified,13730_48,https://standardsbis.bsbedge.com/BIS_Preview.aspx?id=13730_48,absent,present,absent,present,1,0,1,0,0,partial_success,True,False
IS 9385 (Part 2):2018,IS 9385 (Part 2):2018,True,True,unknown,9385_2_2018,,absent,absent,absent,absent,0,0,0,0,0,partial_success,False,True
IS/IEC 60947 (Part 2):2016,IS/IEC 60947 (Part 2):2016,True,True,unknown,iec60947_2_2016,,absent,absent,absent,absent,0,0,0,0,0,partial_success,False,True
IS/IEC 62271 (Part 300):2006,IS/IEC 62271 (Part 300):2006,True,True,unknown,iec62271_300_2006,,absent,absent,absent,absent,0,0,0,0,0,partial_success,False,True
IS 16227 (Part 103):2018,IS 16227 (Part 103):2018,True,True,match_version_verified,16227_103,https://standardsbis.bsbedge.com/BIS_Preview.aspx?id=16227_103,fallback,present,absent,absent,0,0,0,0,0,success,True,False
IS 16855 (Part 2):2018,IS 16855 (Part 2):2018,True,True,match_version_verified,16855_2,https://standardsbis.bsbedge.com/BIS_Preview.aspx?id=16855_2,absent,present,absent,absent,0,0,0,0,0,partial_success,True,False
IS 16197 (Part 7/Sec 1):2018,IS 16197 (Part 7/Sec 1):2018,True,True,unknown,16197_7_1_2018,,absent,absent,absent,absent,0,0,0,0,0,partial_success,False,True
IS 16197 (Part 6):2018,IS 16197 (Part 6):2018,True,True,unknown,16197_6_2018,,absent,absent,absent,absent,0,0,0,0,0,partial_success,False,True
IS 16936:2018,IS 16936:2018,True,True,unknown,16936_2018,,absent,absent,absent,absent,0,0,0,0,0,partial_success,False,True
IS 16996:2018,IS 16996:2018,True,True,match_version_verified,16996,https://standardsbis.bsbedge.com/BIS_Preview.aspx?id=16996,fallback,present,absent,absent,0,0,0,0,0,success,True,False
IS 16997:2018,IS 16997:2018,True,True,match_version_verified,16997,https://standardsbis.bsbedge.com/BIS_Preview.aspx?id=16997,fallback,present,absent,absent,0,0,0,0,0,success,True,False
IS 16724:2018,IS 16724:2018,True,True,unknown,16724_2018,,absent,absent,absent,absent,0,0,0,0,0,partial_success,False,True
IS 16893 (Part 3):2018,IS 16893 (Part 3):2018,True,True,match_version_verified,16893_3,https://standardsbis.bsbedge.com/BIS_Preview.aspx?id=16893_3,absent,present,absent,absent,0,0,0,0,0,partial_success,True,False
IS 16894 (Part 4):2018,IS 16894 (Part 4):2018,True,True,match_version_verified,16894_4,https://standardsbis.bsbedge.com/BIS_Preview.aspx?id=16894_4,absent,present,absent,absent,0,0,0,0,0,partial_success,True,False
IS 16683 (Part 3):2018,IS 16683 (Part 3):2018,True,True,match_version_verified,16683_3,https://standardsbis.bsbedge.com/BIS_Preview.aspx?id=16683_3,absent,present,absent,absent,0,0,0,0,0,partial_success,True,False
IS 16960 (Part 1):2018,IS 16960 (Part 1):2018,True,True,match_version_verified,16960_1,https://standardsbis.bsbedge.com/BIS_Preview.aspx?id=16960_1,absent,present,absent,absent,0,0,0,0,0,partial_success,True,False
IS 16662 (Part 3):2018,IS 16662 (Part 3):2018,True,True,match_version_verified,16662_3,https://standardsbis.bsbedge.com/BIS_Preview.aspx?id=16662_3,absent,present,absent,absent,0,0,0,0,0,partial_success,True,False
IS 16662 (Part 2):2018,IS 16662 (Part 2):2018,True,True,match_version_verified,16662_2,https://standardsbis.bsbedge.com/BIS_Preview.aspx?id=16662_2,absent,present,absent,absent,0,0,0,0,0,partial_success,True,False
IS 16170 (Part 2):2018,IS 16170 (Part 2):2018,True,True,match_version_verified,16170_2,https://standardsbis.bsbedge.com/BIS_Preview.aspx?id=16170_2,absent,present,absent,absent,0,0,0,0,0,partial_success,True,False
IS 16684:2018,IS 16684:2018,True,True,match_version_verified,16684,https://standardsbis.bsbedge.com/BIS_Preview.aspx?id=16684,absent,present,absent,absent,0,0,0,0,0,partial_success,True,False
IS/IEC 61400 (Part 22):2010,IS/IEC 61400 (Part 22):2010,True,True,unknown,iec61400_22_2010,,absent,absent,absent,absent,0,0,0,0,0,partial_success,False,True
IS/IEC 62155:2003,IS/IEC 62155:2003,True,True,unknown,iec62155_2003,,absent,absent,absent,absent,0,0,0,0,0,partial_success,False,True
IS/IEC/IEEE 65700 (Part 19/Sec 3):2014,IS/IEC/IEEE 65700 (Part 19/Sec 3):2014,True,True,unknown,iee65700_19_3_2014,,absent,absent,absent,absent,0,0,0,0,0,partial_success,False,True
IS 13961 (Part 1):2018,IS 13961 (Part 1):2018,True,True,unknown,13961_1_2018,,absent,absent,absent,absent,0,0,0,0,0,partial_success,False,True
IS 2026 (Part 3):2018,IS 2026 (Part 3):2018,True,True,unknown,2026_3_2018,,absent,absent,absent,absent,0,0,0,0,0,partial_success,False,True
IS/IEC 60898 (Part 1):2015,IS/IEC 60898 (Part 1):2015,True,True,unknown,iec60898_1_2015,,absent,absent,absent,absent,0,0,0,0,0,partial_success,False,True
IS/IEC 62271 (Part 201):2014,IS/IEC 62271 (Part 201):2014,True,True,unknown,iec62271_201_2014,,absent,absent,absent,absent,0,0,0,0,0,partial_success,False,True
IS 16619 (Part 2):2018,IS 16619 (Part 2):2018,True,True,match_version_verified,16619_2,https://standardsbis.bsbedge.com/BIS_Preview.aspx?id=16619_2,absent,present,absent,absent,0,0,0,0,0,partial_success,True,False
IS 12640 (Part 3):2018,IS 12640 (Part 3):2018,True,True,match_version_verified,12640_3,https://standardsbis.bsbedge.com/BIS_Preview.aspx?id=12640_3,absent,present,absent,absent,0,0,0,0,0,partial_success,True,False
IS 16855 (Part 1):2018,IS 16855 (Part 1):2018,True,True,match_version_verified,16855_1,https://standardsbis.bsbedge.com/BIS_Preview.aspx?id=16855_1,absent,present,absent,absent,0,0,0,0,0,partial_success,True,False
IS/IEC 61439 (Part 6):2012,IS/IEC 61439 (Part 6):2012,True,True,unknown,iec61439_6_2012,,absent,absent,absent,absent,0,0,0,0,0,partial_success,False,True
IS 16828:2018,IS 16828:2018,True,True,unknown,16828_2018,,absent,absent,absent,absent,0,0,0,0,0,partial_success,False,True
IS 16826:2018,IS 16826:2018,True,True,unknown,16826_2018,,absent,absent,absent,absent,0,0,0,0,0,partial_success,False,True
IS 16803:2018,IS 16803:2018,True,True,match_version_verified,16803,https://standardsbis.bsbedge.com/BIS_Preview.aspx?id=16803,absent,present,absent,absent,0,0,0,0,0,partial_success,True,False
IS 16923 (Part 1):2018,IS 16923 (Part 1):2018,True,True,unknown,16923_1_2018,,absent,absent,absent,absent,0,0,0,0,0,partial_success,False,True
IS 16269:2018,IS 16269:2018,True,True,unknown,16269_2018,,absent,absent,absent,absent,0,0,0,0,0,partial_success,False,True
IS/IEC 61204 (Part 7):2016,IS/IEC 61204 (Part 7):2016,True,True,unknown,iec61204_7_2016,,absent,absent,absent,absent,0,0,0,0,0,partial_success,False,True
IS 16783:2018,IS 16783:2018,True,True,unknown,16783_2018,,absent,absent,absent,absent,0,0,0,0,0,partial_success,False,True
IS 15382 (Part 2/Sec 2):2018,IS 15382 (Part 2/Sec 2):2018,True,True,match_version_verified,15382_2_2_2018,https://standardsbis.bsbedge.com/BIS_Preview.aspx?id=15382_2_2_2018,absent,present,absent,absent,0,0,0,0,0,partial_success,True,False
IS 6303:2018,IS 6303:2018,True,True,match_version_verified,6303,https://standardsbis.bsbedge.com/BIS_Preview.aspx?id=6303,present,absent,present,present,5,5,0,0,0,success,True,False
IS 2082:2018,IS 2082:2018,True,True,match_version_verified,2082,https://standardsbis.bsbedge.com/BIS_Preview.aspx?id=2082,present,absent,present,absent,0,0,0,0,0,success,True,False
IS 15638 (Part 2):2018,IS 15638 (Part 2):2018,True,True,match_version_verified,15638_2,https://standardsbis.bsbedge.com/BIS_Preview.aspx?id=15638_2,absent,present,absent,absent,0,0,0,0,0,partial_success,True,False
IS 5561:2018,IS 5561:2018,True,True,match_version_verified,5561,https://standardsbis.bsbedge.com/BIS_Preview.aspx?id=5561,present,absent,absent,absent,0,0,0,0,0,success,True,False
IS 16664:2018,IS 16664:2018,True,True,match_version_verified,16664,https://standardsbis.bsbedge.com/BIS_Preview.aspx?id=16664,absent,present,absent,absent,0,0,0,0,0,partial_success,True,False
IS 2026 (Part 10/Sec 1):2018,IS 2026 (Part 10/Sec 1):2018,True,True,unknown,2026_10_1_2018,,absent,absent,absent,absent,0,0,0,0,0,partial_success,False,True
IS 2026 (Part 12):2018,IS 2026 (Part 12):2018,True,True,unknown,2026_12_2018,,absent,absent,absent,absent,0,0,0,0,0,partial_success,False,True
IS 2026 (Part 14):2018,IS 2026 (Part 14):2018,True,True,unknown,2026_14_2018,,absent,absent,absent,absent,0,0,0,0,0,partial_success,False,True
IS 2026 (Part 15):2018,IS 2026 (Part 15):2018,True,True,unknown,2026_15_2018,,absent,absent,absent,absent,0,0,0,0,0,partial_success,False,True
IS 2026 (Part 18):2018,IS 2026 (Part 18):2018,True,True,match_version_verified,2026_18,https://standardsbis.bsbedge.com/BIS_Preview.aspx?id=2026_18,absent,present,absent,absent,0,0,0,0,0,partial_success,True,False
IS 2026 (Part 21):2018,IS 2026 (Part 21):2018,True,True,match_version_verified,2026_21,https://standardsbis.bsbedge.com/BIS_Preview.aspx?id=2026_21,absent,present,absent,absent,0,0,0,0,0,partial_success,True,False
IS 16227 (Part 6):2018,IS 16227 (Part 6):2018,True,True,unknown,16227_6_2018,,absent,absent,absent,absent,0,0,0,0,0,partial_success,False,True
IS 16227 (Part 9):2018,IS 16227 (Part 9):2018,True,True,unknown,16227_9_2018,,absent,absent,absent,absent,0,0,0,0,0,partial_success,False,True
IS 16227 (Part 100):2018,IS 16227 (Part 100):2018,True,True,match_version_verified,16227_100,https://standardsbis.bsbedge.com/BIS_Preview.aspx?id=16227_100,absent,present,absent,absent,0,0,0,0,0,partial_success,True,False
IS 13514 (Part 4):2018,IS 13514 (Part 4):2018,True,True,match_version_verified,13514_4,https://standardsbis.bsbedge.com/BIS_Preview.aspx?id=13514_4,absent,present,absent,absent,0,0,0,0,0,partial_success,True,False
IS/IEC 62271 (Part 301):2009,IS/IEC 62271 (Part 301):2009,True,True,unknown,iec62271_301_2009,,absent,absent,absent,absent,0,0,0,0,0,partial_success,False,True
IS/ISO 15118 (Part 5):2018,IS/ISO 15118 (Part 5):2018,True,True,unknown,iso15118_5_2018,,absent,absent,absent,absent,0,0,0,0,0,partial_success,False,True
IS 8704:2018,IS 8704:2018,True,True,match_version_verified,8704,https://standardsbis.bsbedge.com/BIS_Preview.aspx?id=8704,absent,present,absent,absent,0,0,0,0,0,partial_success,True,False
IS 12762 (Part 8):2018,IS 12762 (Part 8):2018,True,True,match_version_verified,12762_8,https://standardsbis.bsbedge.com/BIS_Preview.aspx?id=12762_8,absent,present,absent,absent,0,0,0,0,0,partial_success,True,False
IS 16683 (Part 1):2018,IS 16683 (Part 1):2018,True,True,match_version_verified,16683_1,https://standardsbis.bsbedge.com/BIS_Preview.aspx?id=16683_1,absent,present,absent,absent,0,0,0,0,0,partial_success,True,False
IS 16683 (Part 2):2018,IS 16683 (Part 2):2018,True,True,match_version_verified,16683_2,https://standardsbis.bsbedge.com/BIS_Preview.aspx?id=16683_2,absent,present,absent,absent,0,0,0,0,0,partial_success,True,False
IS 16685:2018,IS 16685:2018,True,True,match_version_verified,16685,https://standardsbis.bsbedge.com/BIS_Preview.aspx?id=16685,absent,present,absent,absent,0,0,0,0,0,partial_success,True,False
IS 16686:2018,IS 16686:2018,True,True,match_version_verified,16686,https://standardsbis.bsbedge.com/BIS_Preview.aspx?id=16686,absent,present,absent,absent,0,0,0,0,0,partial_success,True,False
IS 16687:2018,IS 16687:2018,True,True,match_version_verified,16687,https://standardsbis.bsbedge.com/BIS_Preview.aspx?id=16687,absent,present,absent,absent,0,0,0,0,0,partial_success,True,False
IS 13730 (Part 38):2018,IS 13730 (Part 38):2018,True,True,match_version_verified,13730_38,https://standardsbis.bsbedge.com/BIS_Preview.aspx?id=13730_38,absent,present,absent,absent,0,0,0,0,0,partial_success,True,False
IS 16108 (Part 2):2018,IS 16108 (Part 2):2018,True,True,match_version_verified,16108_2,https://standardsbis.bsbedge.com/BIS_Preview.aspx?id=16108_2,absent,present,absent,absent,0,0,0,0,0,partial_success,True,False
IS 16108 (Part 3):2018,IS 16108 (Part 3):2018,True,True,match_version_verified,16108_3,https://standardsbis.bsbedge.com/BIS_Preview.aspx?id=16108_3,absent,present,absent,absent,0,0,0,0,0,partial_success,True,False
IS 16663:2018,IS 16663:2018,True,True,match_version_verified,16663,https://standardsbis.bsbedge.com/BIS_Preview.aspx?id=16663,absent,present,absent,absent,0,0,0,0,0,partial_success,True,False
IS 14993:2017,IS 14993:2017,True,True,unknown,14993_2017,,absent,absent,absent,absent,0,0,0,0,0,partial_success,False,True
IS 15416:2017,IS 15416:2017,True,True,match_version_verified,15416,https://standardsbis.bsbedge.com/BIS_Preview.aspx?id=15416,absent,present,absent,absent,0,0,0,0,0,partial_success,True,False
IS 1866:2017,IS 1866:2017,True,True,match_version_verified,1866,https://standardsbis.bsbedge.com/BIS_Preview.aspx?id=1866,absent,present,absent,absent,0,0,0,0,0,partial_success,True,False
IS 302 (Part 2/Sec 35):2017,IS 302 (Part 2/Sec 35):2017,True,True,match_version_verified,302_2_35,https://standardsbis.bsbedge.com/BIS_Preview.aspx?id=302_2_35,present,absent,present,absent,0,0,0,0,0,success,True,False
IS/IEC 60079 (Part 18):2014,IS/IEC 60079 (Part 18):2014,True,True,unknown,iec60079_18_2014,,absent,absent,absent,absent,0,0,0,0,0,partial_success,False,True
IS/IEC 60079 (Part 29/Sec 2):2015,IS/IEC 60079 (Part 29/Sec 2):2015,True,True,unknown,iec60079_29_2_2015,,absent,absent,absent,absent,0,0,0,0,0,partial_success,False,True
IS/IEC 60079 (Part 10/Sec 2):2015,IS/IEC 60079 (Part 10/Sec 2):2015,True,True,unknown,iec60079_10_2_2015,,absent,absent,absent,absent,0,0,0,0,0,partial_success,False,True
IS 13234 (Part 1):2017,IS 13234 (Part 1):2017,True,True,unknown,13234_1_2017,,absent,absent,absent,absent,0,0,0,0,0,partial_success,False,True
IS 1885 (Part 300):2017,IS 1885 (Part 300):2017,True,True,unknown,1885_300_2017,,absent,absent,absent,absent,0,0,0,0,0,partial_success,False,True
IS 16666:2017,IS 16666:2017,True,True,unknown,16666_2017,,absent,absent,absent,absent,0,0,0,0,0,partial_success,False,True
IS 16665:2017,IS 16665:2017,True,True,unknown,16665_2017,,absent,absent,absent,absent,0,0,0,0,0,partial_success,False,True
IS 16503 (Part 1):2017,IS 16503 (Part 1):2017,True,True,unknown,16503_1_2017,,absent,absent,absent,absent,0,0,0,0,0,partial_success,False,True
IS 16503 (Part 3):2017,IS 16503 (Part 3):2017,True,True,match_version_verified,16503_3,https://standardsbis.bsbedge.com/BIS_Preview.aspx?id=16503_3,absent,present,absent,absent,0,0,0,0,0,partial_success,True,False
IS 16624:2017,IS 16624:2017,True,True,unknown,16624_2017,,absent,absent,absent,absent,0,0,0,0,0,partial_success,False,True
IS 16662 (Part 1):2017,IS 16662 (Part 1):2017,True,True,match_version_verified,16662_1,https://standardsbis.bsbedge.com/BIS_Preview.aspx?id=16662_1,present,absent,absent,absent,0,0,0,0,0,success,True,False
IS 16205 (Part 24):2017,IS 16205 (Part 24):2017,True,True,match_version_uncertain,16205_24,,present,absent,absent,present,3,2,1,0,0,partial_success,False,True
IS 13234 (Part 0):2017,IS 13234 (Part 0):2017,True,True,unknown,13234_0_2017,,absent,absent,absent,absent,0,0,0,0,0,partial_success,False,True
IS 16107 (Part 2/Sec 2):2017,IS 16107 (Part 2/Sec 2):2017,True,True,match_version_verified,16107_2_2,https://standardsbis.bsbedge.com/BIS_Preview.aspx?id=16107_2_2,present,absent,present,present,10,9,0,1,0,success,True,False
IS/IEC 60044 (Part 8):2002,IS/IEC 60044 (Part 8):2002,True,True,unknown,iec60044_8_2002,,absent,absent,absent,absent,0,0,0,0,0,partial_success,False,True
IS/ISO/IEC 80079 (Part 20/Sec 2):2016,IS/ISO/IEC 80079 (Part 20/Sec 2):2016,True,True,unknown,isoiec80079_20_2_2016,,absent,absent,absent,absent,0,0,0,0,0,partial_success,False,True
IS/IEC 60079 (Part 2):2014,IS/IEC 60079 (Part 2):2014,True,True,unknown,iec60079_2_2014,,absent,absent,absent,absent,0,0,0,0,0,partial_success,False,True
IS 10322 (Part 5/Sec 9):2017,IS 10322 (Part 5/Sec 9):2017,True,True,match_version_verified,10322_5_9,https://standardsbis.bsbedge.com/BIS_Preview.aspx?id=10322_5_9,absent,present,absent,absent,0,0,0,0,0,partial_success,True,False
IS 13234 (Part 4):2017,IS 13234 (Part 4):2017,True,True,match_version_verified,13234_4,https://standardsbis.bsbedge.com/BIS_Preview.aspx?id=13234_4,absent,present,absent,present,4,2,2,0,0,partial_success,True,False
IS 16205 (Part 21):2017,IS 16205 (Part 21):2017,True,True,match_version_verified,16205_21,https://standardsbis.bsbedge.com/BIS_Preview.aspx?id=16205_21,present,absent,absent,absent,0,0,0,0,0,success,True,False
IS 16205 (Part 22):2017,IS 16205 (Part 22):2017,True,True,match_version_verified,16205_22,https://standardsbis.bsbedge.com/BIS_Preview.aspx?id=16205_22,present,absent,absent,present,1,1,0,0,0,success,True,False
IS 16205 (Part 23):2017,IS 16205 (Part 23):2017,True,True,match_version_verified,16205_23,https://standardsbis.bsbedge.com/BIS_Preview.aspx?id=16205_23,present,absent,absent,present,1,1,0,0,0,success,True,False
IS 13961 (Part 2):2017,IS 13961 (Part 2):2017,True,True,unknown,13961_2_2017,,absent,absent,absent,absent,0,0,0,0,0,partial_success,False,True
IS 13234 (Part 2):2017,IS 13234 (Part 2):2017,True,True,match_version_verified,13234_2,https://standardsbis.bsbedge.com/BIS_Preview.aspx?id=13234_2,absent,present,absent,present,4,2,2,0,0,partial_success,True,False
IS/IEC 60884 (Part 2/Sec 5):1995,IS/IEC 60884 (Part 2/Sec 5):1995,True,True,unknown,iec60884_2_5_1995,,absent,absent,absent,absent,0,0,0,0,0,partial_success,False,True
IS 302 (Part 2/Sec 80):2017,IS 302 (Part 2/Sec 80):2017,True,True,unknown,302_2_80_2017,,absent,absent,absent,absent,0,0,0,0,0,partial_success,False,True
IS 3724:2017,IS 3724:2017,True,True,unknown,3724_2017,,absent,absent,absent,absent,0,0,0,0,0,partial_success,False,True
IS 16499 (Part 1):2017,IS 16499 (Part 1):2017,True,True,match_version_verified,16499_1,https://standardsbis.bsbedge.com/BIS_Preview.aspx?id=16499_1,absent,present,absent,absent,0,0,0,0,0,partial_success,True,False
IS 10322 (Part 5/Sec 7):2017,IS 10322 (Part 5/Sec 7):2017,True,True,unknown,10322_5_7_2017,,absent,absent,absent,absent,0,0,0,0,0,partial_success,False,True
IS 15382 (Part 4):2017,IS 15382 (Part 4):2017,True,True,match_version_verified,15382_4,https://standardsbis.bsbedge.com/BIS_Preview.aspx?id=15382_4,absent,present,absent,absent,0,0,0,0,0,partial_success,True,False
IS 16243:2017,IS 16243:2017,True,True,unknown,16243_2017,,absent,absent,absent,absent,0,0,0,0,0,partial_success,False,True
IS 16659:2017,IS 16659:2017,True,True,match_version_verified,16659,https://standardsbis.bsbedge.com/BIS_Preview.aspx?id=16659,absent,present,absent,absent,0,0,0,0,0,partial_success,True,False
IS 2026 (Part 6):2017,IS 2026 (Part 6):2017,True,True,match_version_verified,2026_6,https://standardsbis.bsbedge.com/BIS_Preview.aspx?id=2026_6,fallback,present,absent,absent,0,0,0,0,0,success,True,False
IS 3961 (Part 7):2017,IS 3961 (Part 7):2017,True,True,unknown,3961_7_2017,,absent,absent,absent,absent,0,0,0,0,0,partial_success,False,True
IS/IEC 60255 (Part 21/Sec 3):1993,IS/IEC 60255 (Part 21/Sec 3):1993,True,True,unknown,iec60255_21_3_1993,,absent,absent,absent,absent,0,0,0,0,0,partial_success,False,True
IS 3961 (Part 2):2017,IS 3961 (Part 2):2017,True,True,unknown,3961_2_2017,,absent,absent,absent,absent,0,0,0,0,0,partial_success,False,True
IS 16444 (Part 2):2017,IS 16444 (Part 2):2017,True,True,match_version_verified,16444_2,https://standardsbis.bsbedge.com/BIS_Preview.aspx?id=16444_2,present,absent,absent,absent,0,0,0,0,0,success,True,False
IS 15959 (Part 3):2017,IS 15959 (Part 3):2017,True,True,unknown,15959_3_2017,,absent,absent,absent,absent,0,0,0,0,0,partial_success,False,True
IS 16230:2017,IS 16230:2017,True,True,match_version_verified,16230,https://standardsbis.bsbedge.com/BIS_Preview.aspx?id=16230,absent,present,absent,absent,0,0,0,0,0,partial_success,True,False
IS 16220 (Part 2):2017,IS 16220 (Part 2):2017,True,True,match_version_verified,16220_2,https://standardsbis.bsbedge.com/BIS_Preview.aspx?id=16220_2,absent,present,absent,absent,0,0,0,0,0,partial_success,True,False
IS 16584:2017,IS 16584:2017,True,True,unknown,16584_2017,,absent,absent,absent,absent,0,0,0,0,0,partial_success,False,True
IS 10189 (Part 1):2017,IS 10189 (Part 1):2017,True,True,unknown,10189_1_2017,,absent,absent,absent,absent,0,0,0,0,0,partial_success,False,True
IS 13730 (Part 23):2017,IS 13730 (Part 23):2017,True,True,unknown,13730_23_2017,,absent,absent,absent,absent,0,0,0,0,0,partial_success,False,True
IS 13730 (Part 46):2017,IS 13730 (Part 46):2017,True,True,unknown,13730_46_2017,,absent,absent,absent,absent,0,0,0,0,0,partial_success,False,True
IS 15086 (Part 4):2017,IS 15086 (Part 4):2017,True,True,unknown,15086_4_2017,,absent,absent,absent,absent,0,0,0,0,0,partial_success,False,True
IS 15999 (Part 15):2017,IS 15999 (Part 15):2017,True,True,unknown,15999_15_2017,,absent,absent,absent,absent,0,0,0,0,0,partial_success,False,True
IS 16589 (Part 4):2017,IS 16589 (Part 4):2017,True,True,unknown,16589_4_2017,,absent,absent,absent,absent,0,0,0,0,0,partial_success,False,True
IS 13730 (Part 21):2017,IS 13730 (Part 21):2017,True,True,unknown,13730_21_2017,,absent,absent,absent,absent,0,0,0,0,0,partial_success,False,True
IS 16497 (Part 1):2017,IS 16497 (Part 1):2017,True,True,unknown,16497_1_2017,,absent,absent,absent,absent,0,0,0,0,0,partial_success,False,True
IS 13234 (Part 3):2017,IS 13234 (Part 3):2017,True,True,unknown,13234_3_2017,,absent,absent,absent,absent,0,0,0,0,0,partial_success,False,True
IS 16636:2017,IS 16636:2017,True,True,match_version_verified,16636,https://standardsbis.bsbedge.com/BIS_Preview.aspx?id=16636,present,absent,absent,absent,0,0,0,0,0,success,True,False
IS 16498 (Part 2):2017,IS 16498 (Part 2):2017,True,True,unknown,16498_2_2017,,absent,absent,absent,absent,0,0,0,0,0,partial_success,False,True
IS 13631:2017,IS 13631:2017,True,True,match_version_verified,13631,https://standardsbis.bsbedge.com/BIS_Preview.aspx?id=13631,absent,present,absent,absent,0,0,0,0,0,partial_success,True,False
IS 16503 (Part 2):2017,IS 16503 (Part 2):2017,True,True,unknown,16503_2_2017,,absent,absent,absent,absent,0,0,0,0,0,partial_success,False,True
IS 16587:2016,IS 16587:2016,True,True,match_version_uncertain,16587,,absent,present,absent,absent,0,0,0,0,0,partial_success,False,True
IS 13730 (Part 35):2017,IS 13730 (Part 35):2017,True,True,unknown,13730_35_2017,,absent,absent,absent,absent,0,0,0,0,0,partial_success,False,True
IS 13730 (Part 36):2017,IS 13730 (Part 36):2017,True,True,unknown,13730_36_2017,,absent,absent,absent,absent,0,0,0,0,0,partial_success,False,True
IS 13730 (Part 37):2017,IS 13730 (Part 37):2017,True,True,unknown,13730_37_2017,,absent,absent,absent,absent,0,0,0,0,0,partial_success,False,True
IS/IEC 60255 (Part 151):2009,IS/IEC 60255 (Part 151):2009,True,True,unknown,iec60255_151_2009,,absent,absent,absent,absent,0,0,0,0,0,partial_success,False,True
IS/IEC 60255 (Part 127):2010,IS/IEC 60255 (Part 127):2010,True,True,unknown,iec60255_127_2010,,absent,absent,absent,absent,0,0,0,0,0,partial_success,False,True
IS 16227 (Part 1):2016,IS 16227 (Part 1):2016,True,True,unknown,16227_1_2016,,absent,absent,absent,absent,0,0,0,0,0,partial_success,False,True
IS 16588:2017,IS 16588:2017,True,True,match_version_verified,16588,https://standardsbis.bsbedge.com/BIS_Preview.aspx?id=16588,absent,present,absent,absent,0,0,0,0,0,partial_success,True,False
IS/IEC 61537:2006,IS/IEC 61537:2006,True,True,unknown,iec61537_2006,,absent,absent,absent,absent,0,0,0,0,0,partial_success,False,True
IS 10189 (Part 4):2016,IS 10189 (Part 4):2016,True,True,unknown,10189_4_2016,,absent,absent,absent,absent,0,0,0,0,0,partial_success,False,True
IS 12640 (Part 2):2016,IS 12640 (Part 2):2016,True,True,match_version_verified,12640_2,https://standardsbis.bsbedge.com/BIS_Preview.aspx?id=12640_2,absent,present,absent,absent,0,0,0,0,0,partial_success,True,False
IS 2071 (Part 1):2016,IS 2071 (Part 1):2016,True,True,match_version_verified,2071_1,https://standardsbis.bsbedge.com/BIS_Preview.aspx?id=2071_1,absent,present,absent,absent,0,0,0,0,0,partial_success,True,False
IS 3961 (Part 6):2016,IS 3961 (Part 6):2016,True,True,match_version_verified,3961_6,https://standardsbis.bsbedge.com/BIS_Preview.aspx?id=3961_6,present,absent,absent,absent,0,0,0,0,0,success,True,False
IS 16221 (Part 1):2016,IS 16221 (Part 1):2016,True,True,unknown,16221_1_2016,,absent,absent,absent,absent,0,0,0,0,0,partial_success,False,True
IS 16227 (Part 2):2016,IS 16227 (Part 2):2016,True,True,unknown,16227_2_2016,,absent,absent,absent,absent,0,0,0,0,0,partial_success,False,True
IS 16463 (Part 11):2016,IS 16463 (Part 11):2016,True,True,unknown,16463_11_2016,,absent,absent,absent,absent,0,0,0,0,0,partial_success,False,True
IS 15959 (Part 2):2016,IS 15959 (Part 2):2016,True,True,unknown,15959_2_2016,,absent,absent,absent,absent,0,0,0,0,0,partial_success,False,True
IS 12747 (Part 3):2015,IS 12747 (Part 3):2015,True,True,unknown,12747_3_2015,,absent,absent,absent,absent,0,0,0,0,0,partial_success,False,True
IS/IEC 60255 (Part 1):2009,IS/IEC 60255 (Part 1):2009,True,True,unknown,iec60255_1_2009,,absent,absent,absent,absent,0,0,0,0,0,partial_success,False,True
IS/IEC 60255 (Part 12):1980,IS/IEC 60255 (Part 12):1980,True,True,unknown,iec60255_12_1980,,absent,absent,absent,absent,0,0,0,0,0,partial_success,False,True
IS/IEC 60255 (Part 13):1980,IS/IEC 60255 (Part 13):1980,True,True,unknown,iec60255_13_1980,,absent,absent,absent,absent,0,0,0,0,0,partial_success,False,True
IS/IEC 60255 (Part 21/Sec 1):1988,IS/IEC 60255 (Part 21/Sec 1):1988,True,True,unknown,iec60255_21_1_1988,,absent,absent,absent,absent,0,0,0,0,0,partial_success,False,True
IS 16227 (Part 4):2015,IS 16227 (Part 4):2015,True,True,match_version_verified,16227_4,https://standardsbis.bsbedge.com/BIS_Preview.aspx?id=16227_4,absent,absent,absent,absent,0,0,0,0,0,partial_success,True,True
IS 12021:2015,IS 12021:2015,True,True,match_version_verified,12021,https://standardsbis.bsbedge.com/BIS_Preview.aspx?id=12021,absent,absent,absent,absent,0,0,0,0,0,partial_success,True,True
IS 16246:2015,IS 16246:2015,True,True,unknown,16246_2015,,absent,absent,absent,absent,0,0,0,0,0,partial_success,False,True
IS 13514:2015,IS 13514:2015,True,True,match_version_verified,13514,https://standardsbis.bsbedge.com/BIS_Preview.aspx?id=13514,absent,present,absent,absent,0,0,0,0,0,partial_success,True,False
IS 16444 (Part 1):2015,IS 16444 (Part 1):2015,True,True,unknown,16444_1_2015,,absent,absent,absent,absent,0,0,0,0,0,partial_success,False,True
IS 16220 (Part 1):2015,IS 16220 (Part 1):2015,True,True,unknown,16220_1_2015,,absent,absent,absent,absent,0,0,0,0,0,partial_success,False,True
IS 16221 (Part 2):2015,IS 16221 (Part 2):2015,True,True,unknown,16221_2_2015,,absent,absent,absent,absent,0,0,0,0,0,partial_success,False,True
IS 16227 (Part 3):2015,IS 16227 (Part 3):2015,True,True,unknown,16227_3_2015,,absent,absent,absent,absent,0,0,0,0,0,partial_success,False,True
IS 16227 (Part 5):2015,IS 16227 (Part 5):2015,True,True,unknown,16227_5_2015,,absent,absent,absent,absent,0,0,0,0,0,partial_success,False,True
IS 16373:2015,IS 16373:2015,True,True,unknown,16373_2015,,absent,absent,absent,absent,0,0,0,0,0,partial_success,False,True
IS/IEC 62305 (Part 4):2010,IS/IEC 62305 (Part 4):2010,True,True,unknown,iec62305_4_2010,,absent,absent,absent,absent,0,0,0,0,0,partial_success,False,True
IS/IEC/TR 61341:2010,IS/IEC/TR 61341:2010,True,True,unknown,iec61341_2010,,absent,absent,absent,absent,0,0,0,0,0,partial_success,False,True
IS/IEC 62305 (Part 3):2010,IS/IEC 62305 (Part 3):2010,True,True,unknown,iec62305_3_2010,,absent,absent,absent,absent,0,0,0,0,0,partial_success,False,True
IS 62305 (Part 1):2010,IS 62305 (Part 1):2010,True,True,unknown,62305_1_2010,,absent,absent,absent,absent,0,0,0,0,0,partial_success,False,True
IS/IEC 60079 (Part 29/Sec 4):2009,IS/IEC 60079 (Part 29/Sec 4):2009,True,True,unknown,iec60079_29_4_2009,,absent,absent,absent,absent,0,0,0,0,0,partial_success,False,True
IS/IEC 62305 (Part 2):2010,IS/IEC 62305 (Part 2):2010,True,True,unknown,iec62305_2_2010,,absent,absent,absent,absent,0,0,0,0,0,partial_success,False,True
IS/IEC 60044 (Part 7):1999,IS/IEC 60044 (Part 7):1999,True,True,unknown,iec60044_7_1999,,absent,absent,absent,absent,0,0,0,0,0,partial_success,False,True
IS 13730 (Part 8):2014,IS 13730 (Part 8):2014,True,True,unknown,13730_8_2014,,absent,absent,absent,absent,0,0,0,0,0,partial_success,False,True
IS 12762 (Part 5):2014,IS 12762 (Part 5):2014,True,True,match_version_verified,12762_5,https://standardsbis.bsbedge.com/BIS_Preview.aspx?id=12762_5,absent,absent,absent,absent,0,0,0,0,0,partial_success,True,True
IS 16197 (Part 1):2014,IS 16197 (Part 1):2014,True,True,match_version_verified,16197_1,https://standardsbis.bsbedge.com/BIS_Preview.aspx?id=16197_1,absent,absent,absent,absent,0,0,0,0,0,partial_success,True,True
IS 16197 (Part 2):2014,IS 16197 (Part 2):2014,True,True,match_version_verified,16197_2,https://standardsbis.bsbedge.com/BIS_Preview.aspx?id=16197_2,absent,absent,absent,absent,0,0,0,0,0,partial_success,True,True
IS 16197 (Part 3/Sec 1):2014,IS 16197 (Part 3/Sec 1):2014,True,True,match_version_verified,16197_3_1,https://standardsbis.bsbedge.com/BIS_Preview.aspx?id=16197_3_1,absent,absent,absent,absent,0,0,0,0,0,partial_success,True,True
IS 16197 (Part 4):2014,IS 16197 (Part 4):2014,True,True,match_version_verified,16197_4,https://standardsbis.bsbedge.com/BIS_Preview.aspx?id=16197_4,absent,absent,absent,absent,0,0,0,0,0,partial_success,True,True
IS 16197 (Part 5):2014,IS 16197 (Part 5):2014,True,True,match_version_verified,16197_5,https://standardsbis.bsbedge.com/BIS_Preview.aspx?id=16197_5,absent,absent,absent,absent,0,0,0,0,0,partial_success,True,True
IS 16242 (Part 1):2014,IS 16242 (Part 1):2014,True,True,unknown,16242_1_2014,,absent,absent,absent,absent,0,0,0,0,0,partial_success,False,True
IS 13730 (Part 13):2014,IS 13730 (Part 13):2014,True,True,match_version_verified,13730_13,https://standardsbis.bsbedge.com/BIS_Preview.aspx?id=13730_13,absent,present,absent,absent,0,0,0,0,0,partial_success,True,False
IS 15382 (Part 2/Sec 1):2014,IS 15382 (Part 2/Sec 1):2014,True,True,unknown,15382_2_1_2014,,absent,absent,absent,absent,0,0,0,0,0,partial_success,False,True
IS 1180 (Part 1):2014,IS 1180 (Part 1):2014,True,True,match_version_verified,1180_1,https://standardsbis.bsbedge.com/BIS_Preview.aspx?id=1180_1,present,absent,absent,absent,0,0,0,0,0,success,True,False
IS/IEC 60479-3:1998,IS/IEC 60479-3:1998,True,True,unknown,iec60479-3_1998,,absent,absent,absent,absent,0,0,0,0,0,partial_success,False,True
IS 10322 (Part 1):2014,IS 10322 (Part 1):2014,True,True,match_version_verified,10322_1,https://standardsbis.bsbedge.com/BIS_Preview.aspx?id=10322_1,absent,absent,absent,absent,0,0,0,0,0,partial_success,True,True
IS 302 (Part 2/Sec 25):2014,IS 302 (Part 2/Sec 25):2014,True,True,match_version_verified,302_2_25,https://standardsbis.bsbedge.com/BIS_Preview.aspx?id=302_2_25,present,absent,absent,absent,0,0,0,0,0,success,True,False
IS 302 (Part 2/Sec 26):2014,IS 302 (Part 2/Sec 26):2014,True,True,unknown,302_2_26_2014,,absent,absent,absent,absent,0,0,0,0,0,partial_success,False,True
IS 368:2014,IS 368:2014,True,True,match_version_verified,368,https://standardsbis.bsbedge.com/BIS_Preview.aspx?id=368,present,absent,absent,absent,0,0,0,0,0,success,True,False
IS 16170 (Part 1):2014,IS 16170 (Part 1):2014,True,True,unknown,16170_1_2014,,absent,absent,absent,absent,0,0,0,0,0,partial_success,False,True
IS/IEC 60479 (Part 5):2007,IS/IEC 60479 (Part 5):2007,True,True,unknown,iec60479_5_2007,,absent,absent,absent,absent,0,0,0,0,0,partial_success,False,True
IS 16148:2014,IS 16148:2014,True,True,match_version_verified,16148,https://standardsbis.bsbedge.com/BIS_Preview.aspx?id=16148,absent,present,absent,absent,0,0,0,0,0,partial_success,True,False
IS 16166:2014,IS 16166:2014,True,True,match_version_verified,16166,https://standardsbis.bsbedge.com/BIS_Preview.aspx?id=16166,absent,present,absent,absent,0,0,0,0,0,partial_success,True,False
IS/IEC 60479 (Part 4):2004,IS/IEC 60479 (Part 4):2004,True,True,unknown,iec60479_4_2004,,absent,absent,absent,absent,0,0,0,0,0,partial_success,False,True
IS 13730 (Part 43):2013,IS 13730 (Part 43):2013,True,True,match_version_verified,13730_43,https://standardsbis.bsbedge.com/BIS_Preview.aspx?id=13730_43,absent,present,absent,absent,0,0,0,0,0,partial_success,True,False
IS 13730 (Part 44):2013,IS 13730 (Part 44):2013,True,True,match_version_verified,13730_44,https://standardsbis.bsbedge.com/BIS_Preview.aspx?id=13730_44,absent,present,absent,absent,0,0,0,0,0,partial_success,True,False
IS 1651:2013,IS 1651 : 2013,True,True,match_version_verified,1651,https://standardsbis.bsbedge.com/BIS_Preview.aspx?id=1651,present,absent,absent,absent,0,0,0,0,0,success,True,False
IS 15974:2013,IS 15974:2013,True,True,match_version_verified,15974,https://standardsbis.bsbedge.com/BIS_Preview.aspx?id=15974,present,absent,present,present,7,7,0,0,0,success,True,False
IS 14841 (Part 4/Sec 1):2013,IS 14841 (Part 4/Sec 1):2013,True,True,match_version_verified,14841_4_1,https://standardsbis.bsbedge.com/BIS_Preview.aspx?id=14841_4_1,absent,present,absent,absent,0,0,0,0,0,partial_success,True,False
IS 1652:2013,IS 1652:2013,True,True,match_version_verified,1652,https://standardsbis.bsbedge.com/BIS_Preview.aspx?id=1652,present,absent,absent,absent,0,0,0,0,0,success,True,False
IS 8130:2013,IS 8130:2013,True,True,match_version_verified,8130,https://standardsbis.bsbedge.com/BIS_Preview.aspx?id=8130,present,absent,absent,present,8,7,1,0,1,success,True,False
IS 10322 (Part 5/Sec 5):2013,IS 10322 (Part 5/Sec 5):2013,True,True,match_version_verified,10322_5_5,https://standardsbis.bsbedge.com/BIS_Preview.aspx?id=10322_5_5,present,absent,absent,present,2,2,0,0,0,success,True,False
IS 10322 (Part 5/Sec 6):2013,IS 10322 (Part 5/Sec 6):2013,True,True,match_version_verified,10322_5_6,https://standardsbis.bsbedge.com/BIS_Preview.aspx?id=10322_5_6,present,absent,absent,present,2,2,0,0,0,success,True,False
IS 10322 (Part 5/Sec 8):2013,IS 10322 (Part 5/Sec 8):2013,True,True,match_version_verified,10322_5_8,https://standardsbis.bsbedge.com/BIS_Preview.aspx?id=10322_5_8,present,absent,absent,present,10,9,0,1,0,success,True,False
IS 15976:2013,IS 15976:2013,True,True,match_version_verified,15976,https://standardsbis.bsbedge.com/BIS_Preview.aspx?id=15976,present,absent,absent,absent,0,0,0,0,0,success,True,False
IS 15967 (Part 1):2013,IS 15967 (Part 1):2013,True,True,match_version_verified,15967_1,https://standardsbis.bsbedge.com/BIS_Preview.aspx?id=15967_1,present,absent,present,present,5,5,0,0,0,success,True,False
IS 16084:2013,IS 16084:2013,True,True,match_version_verified,16084,https://standardsbis.bsbedge.com/BIS_Preview.aspx?id=16084,absent,present,absent,absent,0,0,0,0,0,partial_success,True,False
IS 16086:2013,IS 16086:2013,True,True,match_version_verified,16086,https://standardsbis.bsbedge.com/BIS_Preview.aspx?id=16086,absent,present,absent,absent,0,0,0,0,0,partial_success,True,False
IS 16099:2013,IS 16099:2013,True,True,match_version_verified,16099,https://standardsbis.bsbedge.com/BIS_Preview.aspx?id=16099,absent,present,absent,absent,0,0,0,0,0,partial_success,True,False
IS 5154 (Part 1):2013,IS 5154 (Part 1):2013,True,True,match_version_verified,5154_1,https://standardsbis.bsbedge.com/BIS_Preview.aspx?id=5154_1,absent,present,absent,present,2,0,2,0,0,partial_success,True,False
IS 5154 (Part 2):2013,IS 5154 (Part 2):2013,True,True,match_version_verified,5154_2,https://standardsbis.bsbedge.com/BIS_Preview.aspx?id=5154_2,absent,present,absent,present,2,0,2,0,0,partial_success,True,False
IS 13236:2013,IS 13236:2013,True,True,match_version_verified,13236,https://standardsbis.bsbedge.com/BIS_Preview.aspx?id=13236,absent,present,absent,absent,0,0,0,0,0,partial_success,True,False
IS 15967 (Part 2):2013,IS 15967 (Part 2):2013,True,True,match_version_verified,15967_2,https://standardsbis.bsbedge.com/BIS_Preview.aspx?id=15967_2,present,absent,present,present,3,3,0,0,0,success,True,False
IS 15968:2013,IS 15968:2013,True,True,match_version_verified,15968,https://standardsbis.bsbedge.com/BIS_Preview.aspx?id=15968,present,absent,absent,present,5,5,0,0,0,success,True,False
IS 16082:2013,IS 16082:2013,True,True,match_version_verified,16082,https://standardsbis.bsbedge.com/BIS_Preview.aspx?id=16082,absent,present,absent,absent,0,0,0,0,0,partial_success,True,False
IS 16083:2013,IS 16083:2013,True,True,match_version_verified,16083,https://standardsbis.bsbedge.com/BIS_Preview.aspx?id=16083,absent,present,absent,absent,0,0,0,0,0,partial_success,True,False
IS 13778 (Part 2):2013,IS 13778 (Part 2):2013,True,True,unknown,13778_2_2013,,absent,absent,absent,absent,0,0,0,0,0,partial_success,False,True
IS 14902 (Part 2):2013,IS 14902 (Part 2):2013,True,True,match_version_verified,14902_2,https://standardsbis.bsbedge.com/BIS_Preview.aspx?id=14902_2,absent,present,absent,absent,0,0,0,0,0,partial_success,True,False
IS 14902 (Part 3):2013,IS 14902 (Part 3):2013,True,True,match_version_verified,14902_3,https://standardsbis.bsbedge.com/BIS_Preview.aspx?id=14902_3,absent,present,absent,absent,0,0,0,0,0,partial_success,True,False
IS 16049:2013,IS 16049:2013,True,True,unknown,16049_2013,,absent,absent,absent,absent,0,0,0,0,0,partial_success,False,True
IS 16076:2013,IS 16076:2013,True,True,match_version_verified,16076,https://standardsbis.bsbedge.com/BIS_Preview.aspx?id=16076,absent,present,absent,absent,0,0,0,0,0,partial_success,True,False
IS 16081:2013,IS 16081:2013,True,True,match_version_verified,16081,https://standardsbis.bsbedge.com/BIS_Preview.aspx?id=16081,absent,present,absent,absent,0,0,0,0,0,partial_success,True,False
IS 13503:2013,IS 13503:2013,True,True,match_version_verified,13503,https://standardsbis.bsbedge.com/BIS_Preview.aspx?id=13503,absent,present,absent,absent,0,0,0,0,0,partial_success,True,False
IS 13585 (Part 2):2013,IS 13585 (Part 2):2013,True,True,unknown,13585_2_2013,,absent,absent,absent,absent,0,0,0,0,0,partial_success,False,True
IS 13585 (Part 3):2013,IS 13585 (Part 3):2013,True,True,unknown,13585_3_2013,,absent,absent,absent,absent,0,0,0,0,0,partial_success,False,True
IS 8504 (Part 2):2013,IS 8504 (Part 2):2013,True,True,unknown,8504_2_2013,,absent,absent,absent,absent,0,0,0,0,0,partial_success,False,True
IS 8504 (Part 4):2013,IS 8504 (Part 4):2013,True,True,match_version_verified,8504_4,https://standardsbis.bsbedge.com/BIS_Preview.aspx?id=8504_4,absent,present,absent,absent,0,0,0,0,0,partial_success,True,False
IS 8504 (Part 5/Sec 1):2012,IS 8504 (Part 5/Sec 1):2012,True,True,match_version_verified,8504_5_1,https://standardsbis.bsbedge.com/BIS_Preview.aspx?id=8504_5_1,absent,present,absent,absent,0,0,0,0,0,partial_success,True,False
IS 8504 (Part 5/Sec 2):2012,IS 8504 (Part 5/Sec 2):2012,True,True,match_version_verified,8504_5_2,https://standardsbis.bsbedge.com/BIS_Preview.aspx?id=8504_5_2,absent,present,absent,absent,0,0,0,0,0,partial_success,True,False
IS 8504 (Part 5/Sec 3):2012,IS 8504 (Part 5/Sec 3):2012,True,True,match_version_verified,8504_5_3,https://standardsbis.bsbedge.com/BIS_Preview.aspx?id=8504_5_3,absent,present,absent,absent,0,0,0,0,0,partial_success,True,False
IS 8504 (Part 6):2012,IS 8504 (Part 6):2012,True,True,match_version_verified,8504_6,https://standardsbis.bsbedge.com/BIS_Preview.aspx?id=8504_6,absent,present,absent,absent,0,0,0,0,0,partial_success,True,False
IS 8504 (Part 7):2012,IS 8504 (Part 7):2012,True,True,match_version_verified,8504_7,https://standardsbis.bsbedge.com/BIS_Preview.aspx?id=8504_7,absent,present,absent,absent,0,0,0,0,0,partial_success,True,False
IS 8504 (Part 1):2012,IS 8504 (Part 1):2012,True,True,match_version_verified,8504_1,https://standardsbis.bsbedge.com/BIS_Preview.aspx?id=8504_1,absent,present,absent,absent,0,0,0,0,0,partial_success,True,False
IS/IEC 60060 (Part 2):2010,IS/IEC 60060 (Part 2):2010,True,True,unknown,iec60060_2_2010,,absent,absent,absent,absent,0,0,0,0,0,partial_success,False,True
IS 13778 (Part 5):2012,IS 13778 (Part 5):2012,True,True,match_version_verified,13778_5,https://standardsbis.bsbedge.com/BIS_Preview.aspx?id=13778_5,absent,present,absent,absent,0,0,0,0,0,partial_success,True,False
IS 13730 (Part 0/Sec 3):2012,IS 13730 (Part 0/Sec 3):2012,True,True,match_version_verified,13730_0_3,https://standardsbis.bsbedge.com/BIS_Preview.aspx?id=13730_0_3,absent,present,absent,present,2,0,2,0,0,partial_success,True,False
IS/IEC 62056-46:2007,IS/IEC 62056-46:2007,True,True,unknown,iec62056-46_2007,,absent,absent,absent,absent,0,0,0,0,0,partial_success,False,True
IS/IEC 60371 (Part 1):2003,IS/IEC 60371 (Part 1):2003,True,True,unknown,iec60371_1_2003,,absent,absent,absent,absent,0,0,0,0,0,partial_success,False,True
IS/IEC 60371 (Part 2):2004,IS/IEC 60371 (Part 2):2004,True,True,unknown,iec60371_2_2004,,absent,absent,absent,absent,0,0,0,0,0,partial_success,False,True
IS/IEC 60371 (Part 3/Sec 2):2005,IS/IEC 60371 (Part 3/Sec 2):2005,True,True,unknown,iec60371_3_2_2005,,absent,absent,absent,absent,0,0,0,0,0,partial_success,False,True
IS/IEC 60371 (Part 3/Sec 3):1983,IS/IEC 60371 (Part 3/Sec 3):1983,True,True,unknown,iec60371_3_3_1983,,absent,absent,absent,absent,0,0,0,0,0,partial_success,False,True
IS/IEC 60371 (Part 3/Sec 5):2005,IS/IEC 60371 (Part 3/Sec 5):2005,True,True,unknown,iec60371_3_5_2005,,absent,absent,absent,absent,0,0,0,0,0,partial_success,False,True
IS/IEC 60371_3_9:1995,IS/IEC 60371_3_9:1995,True,True,unknown,iec60371_3_9_1995,,absent,absent,absent,absent,0,0,0,0,0,partial_success,False,True
IS/IEC/TR 62051:Part 1 : 2004,IS/IEC/TR 62051:Part 1 : 2004,True,False,unknown,,,not_verified,not_verified,not_verified,absent,0,0,0,0,0,failed,False,True
IS/IEC 62056 (Part 21):2002,IS/IEC 62056 (Part 21):2002,True,True,unknown,iec62056_21_2002,,absent,absent,absent,absent,0,0,0,0,0,partial_success,False,True
IS/IEC 62056 (Part 42):2002,IS/IEC 62056 (Part 42):2002,True,True,unknown,iec62056_42_2002,,absent,absent,absent,absent,0,0,0,0,0,partial_success,False,True
IS 1271:2012,IS 1271:2012,True,True,match_version_verified,1271,https://standardsbis.bsbedge.com/BIS_Preview.aspx?id=1271,absent,present,absent,absent,0,0,0,0,0,partial_success,True,False
IS 12747 (Part 2):2012,IS 12747 (Part 2):2012,True,True,match_version_verified,12747_2,https://standardsbis.bsbedge.com/BIS_Preview.aspx?id=12747_2,absent,present,absent,absent,0,0,0,0,0,partial_success,True,False
IS 13585 (Part 1):2012,IS 13585 (Part 1):2012,True,True,match_version_verified,13585_1,https://standardsbis.bsbedge.com/BIS_Preview.aspx?id=13585_1,absent,present,absent,absent,0,0,0,0,0,partial_success,True,False
IS 13730 (Part 0/Sec 5):2012,IS 13730 (Part 0/Sec 5):2012,True,True,unknown,13730_0_5_2012,,absent,absent,absent,absent,0,0,0,0,0,partial_success,False,True
IS 1885 (Part 51):2012,IS 1885 (Part 51):2012,True,True,match_version_verified,1885_51,https://standardsbis.bsbedge.com/BIS_Preview.aspx?id=1885_51,absent,present,absent,absent,0,0,0,0,0,partial_success,True,False
IS 1885 (Part 74):2012,IS 1885 (Part 74):2012,True,True,match_version_verified,1885_74,https://standardsbis.bsbedge.com/BIS_Preview.aspx?id=1885_74,absent,present,absent,present,2,0,2,0,0,partial_success,True,False
IS 2419:2012,IS 2419:2012,True,True,unknown,2419_2012,,absent,absent,absent,absent,0,0,0,0,0,partial_success,False,True
IS/IEC 60371 (Part 3/Sec 7):1995,IS/IEC 60371 (Part 3/Sec 7):1995,True,True,unknown,iec60371_3_7_1995,,absent,absent,absent,absent,0,0,0,0,0,partial_success,False,True
IS/IEC 60371 (Part 3/Sec 8):1995,IS/IEC 60371 (Part 3/Sec 8):1995,True,True,unknown,iec60371_3_8_1995,,absent,absent,absent,absent,0,0,0,0,0,partial_success,False,True
IS 10322 (Part 5/Sec 1):2012,IS 10322 (Part 5/Sec 1):2012,True,True,unknown,10322_5_1_2012,,absent,absent,absent,absent,0,0,0,0,0,partial_success,False,True
IS 10322 (Part 5/Sec 2):2012,IS 10322 (Part 5/Sec 2):2012,True,True,unknown,10322_5_2_2012,,absent,absent,absent,absent,0,0,0,0,0,partial_success,False,True
IS 10322 (Part 5/Sec 3):2012,IS 10322 (Part 5/Sec 3):2012,True,True,unknown,10322_5_3_2012,,absent,absent,absent,absent,0,0,0,0,0,partial_success,False,True
IS 13730 (Part 3):2012,IS 13730 (Part 3):2012,True,True,match_version_verified,13730_3,https://standardsbis.bsbedge.com/BIS_Preview.aspx?id=13730_3,absent,present,absent,absent,0,0,0,0,0,partial_success,True,False
IS 16107 (Part 1):2012,IS 16107 (Part 1):2012,True,True,unknown,16107_1_2012,,absent,absent,absent,absent,0,0,0,0,0,partial_success,False,True
IS 16107 (Part 2/Sec 1):2012,IS 16107 (Part 2/Sec 1):2012,True,True,unknown,16107_2_1_2012,,absent,absent,absent,absent,0,0,0,0,0,partial_success,False,True
IS/IEC 60371 (Part 3/Sec 4):1992,IS/IEC 60371 (Part 3/Sec 4):1992,True,True,unknown,iec60371_3_4_1992,,absent,absent,absent,absent,0,0,0,0,0,partial_success,False,True
IS/IEC 60371 (Part 3/Sec 6):1992,IS/IEC 60371 (Part 3/Sec 6):1992,True,True,unknown,iec60371_3_6_1992,,absent,absent,absent,absent,0,0,0,0,0,partial_success,False,True
IS 15885 (Part 2/Sec 13):2012,IS 15885 (Part 2/Sec 13):2012,True,True,unknown,15885_2_13_2012,,absent,absent,absent,absent,0,0,0,0,0,partial_success,False,True
IS 16101:2012,IS 16101:2012,True,True,match_version_verified,16101,https://standardsbis.bsbedge.com/BIS_Preview.aspx?id=16101,absent,present,absent,absent,0,0,0,0,0,partial_success,True,False
IS 16102 (Part 1):2012,IS 16102 (Part 1):2012,True,True,match_version_verified,16102_1,https://standardsbis.bsbedge.com/BIS_Preview.aspx?id=16102_1,present,absent,absent,absent,0,0,0,0,0,success,True,False
IS 16104:2012,IS 16104:2012,True,True,match_version_verified,16104,https://standardsbis.bsbedge.com/BIS_Preview.aspx?id=16104,present,absent,present,absent,0,0,0,0,0,success,True,False
IS 16105:2012,IS 16105:2012,True,True,match_version_verified,16105,https://standardsbis.bsbedge.com/BIS_Preview.aspx?id=16105,present,absent,present,absent,0,0,0,0,0,success,True,False
IS 16106:2012,IS 16106:2012,True,True,match_version_verified,16106,https://standardsbis.bsbedge.com/BIS_Preview.aspx?id=16106,present,absent,absent,absent,0,0,0,0,0,success,True,False
IS 16108:2012,IS 16108:2012,True,True,unknown,16108_2012,,absent,absent,absent,absent,0,0,0,0,0,partial_success,False,True
IS 2026 (Part 1):2011,IS 2026 (Part 1):2011,True,True,unknown,2026_1_2011,,absent,absent,absent,absent,0,0,0,0,0,partial_success,False,True
IS 2026 (Part 5):2011,IS 2026 (Part 5):2011,True,True,match_version_verified,2026_5,https://standardsbis.bsbedge.com/BIS_Preview.aspx?id=2026_5,absent,absent,absent,absent,0,0,0,0,0,partial_success,True,True
IS 7098 (Part 2):2011,IS 7098 (Part 2):2011,True,True,unknown,7098_2_2011,,absent,absent,absent,absent,0,0,0,0,0,partial_success,False,True
IS 13573 (Part 1):2011,IS 13573 (Part 1):2011,True,True,match_version_verified,13573_1,https://standardsbis.bsbedge.com/BIS_Preview.aspx?id=13573_1,absent,absent,absent,absent,0,0,0,0,0,partial_success,True,True
IS 13573 (Part 2):2011,IS 13573 (Part 2):2011,True,True,unknown,13573_2_2011,,absent,absent,absent,absent,0,0,0,0,0,partial_success,False,True
IS 13573 (Part 3):2011,IS 13573 (Part 3):2011,True,True,match_version_verified,13573_3,https://standardsbis.bsbedge.com/BIS_Preview.aspx?id=13573_3,absent,absent,absent,absent,0,0,0,0,0,partial_success,True,True
IS/IEC 60270:2000,IS/IEC 60270:2000,True,True,unknown,iec60270_2000,,absent,absent,absent,absent,0,0,0,0,0,partial_success,False,True
IS/IEC 60060 (Part 3):2006,IS/IEC 60060 (Part 3):2006,True,True,unknown,iec60060_3_2006,,absent,absent,absent,absent,0,0,0,0,0,partial_success,False,True
IS 12747 (Part 1):2011,IS 12747 (Part 1):2011,True,True,match_version_verified,12747_1,https://standardsbis.bsbedge.com/BIS_Preview.aspx?id=12747_1,absent,absent,absent,absent,0,0,0,0,0,partial_success,True,True
IS 8516:2011,IS 8516:2011,True,True,match_version_verified,8516,https://standardsbis.bsbedge.com/BIS_Preview.aspx?id=8516,absent,present,absent,absent,0,0,0,0,0,partial_success,True,False
IS 9947:2011,IS 9947:2011,True,True,match_version_verified,9947,https://standardsbis.bsbedge.com/BIS_Preview.aspx?id=9947,absent,present,absent,absent,0,0,0,0,0,partial_success,True,False
IS/IEC 60371 (Part 3/Sec 1):2006,IS/IEC 60371 (Part 3/Sec 1):2006,True,True,unknown,iec60371_3_1_2006,,absent,absent,absent,absent,0,0,0,0,0,partial_success,False,True
IS/IEC 61558 (Part 2/Sec 7):2007,IS/IEC 61558 (Part 2/Sec 7):2007,True,True,unknown,iec61558_2_7_2007,,absent,absent,absent,absent,0,0,0,0,0,partial_success,False,True
IS 4029:2010,IS 4029:2010,True,True,match_version_verified,4029,https://standardsbis.bsbedge.com/BIS_Preview.aspx?id=4029,absent,absent,absent,absent,0,0,0,0,0,partial_success,True,True
IS 694:2010,IS 694:2010,True,True,unknown,694_2010,,absent,absent,absent,absent,0,0,0,0,0,partial_success,False,True
IS 15882:2009,IS 15882:2009,True,True,match_version_verified,15882,https://standardsbis.bsbedge.com/BIS_Preview.aspx?id=15882,present,absent,present,present,7,7,0,0,0,success,True,False
IS 15885 (Part 1):2011,IS 15885 (Part 1):2011,True,True,unknown,15885_1_2011,,absent,absent,absent,absent,0,0,0,0,0,partial_success,False,True
IS 15885 (Part 2/Sec 1):2011,IS 15885 (Part 2/Sec 1):2011,True,True,match_version_verified,15885_2_1,https://standardsbis.bsbedge.com/BIS_Preview.aspx?id=15885_2_1,present,absent,present,absent,0,0,0,0,0,success,True,False
IS 15885 (Part 2/Sec 3):2011,IS 15885 (Part 2/Sec 3):2011,True,True,match_version_verified,15885_2_3,https://standardsbis.bsbedge.com/BIS_Preview.aspx?id=15885_2_3,present,absent,absent,present,3,3,0,0,0,success,True,False
IS 15885 (Part 2/Sec 8):2011,IS 15885 (Part 2/Sec 8):2011,True,True,match_version_verified,15885_2_8,https://standardsbis.bsbedge.com/BIS_Preview.aspx?id=15885_2_8,present,absent,absent,present,4,4,0,0,0,success,True,False
IS 15885 (Part 2/Sec 9):2011,IS 15885 (Part 2/Sec 9):2011,True,True,match_version_verified,15885_2_9,https://standardsbis.bsbedge.com/BIS_Preview.aspx?id=15885_2_9,absent,absent,absent,absent,0,0,0,0,0,partial_success,True,True
IS 15959:2011,IS 15959:2011,True,True,unknown,15959_2011,,absent,absent,absent,absent,0,0,0,0,0,partial_success,False,True
IS 302 (Part 2/Sec 31):2009,IS 302 (Part 2/Sec 31):2009,True,True,match_version_verified,302_2_31,https://standardsbis.bsbedge.com/BIS_Preview.aspx?id=302_2_31,absent,absent,absent,absent,0,0,0,0,0,partial_success,True,True
IS 15906:2010,IS 15906:2010,True,True,unknown,15906_2010,,absent,absent,absent,absent,0,0,0,0,0,partial_success,False,True
IS 2026 (Part 2):2010,IS 2026 (Part 2):2010,True,True,unknown,2026_2_2010,,absent,absent,absent,absent,0,0,0,0,0,partial_success,False,True
IS/IEC 61683:1999,IS/IEC 61683:1999,True,True,unknown,iec61683_1999,,absent,absent,absent,absent,0,0,0,0,0,partial_success,False,True
IS/IEC 61701:2011,IS/IEC 61701:2011,True,True,unknown,iec61701_2011,,absent,absent,absent,absent,0,0,0,0,0,partial_success,False,True
IS 302 (Part 2/Sec 14):2009,IS 302 (Part 2/Sec 14):2009,True,True,match_version_verified,302_2_14,https://standardsbis.bsbedge.com/BIS_Preview.aspx?id=302_2_14,absent,absent,absent,absent,0,0,0,0,0,partial_success,True,True
IS 302 (Part 2/Sec 15):2009,IS 302 (Part 2/Sec 15):2009,True,True,match_version_verified,302_2_15,https://standardsbis.bsbedge.com/BIS_Preview.aspx?id=302_2_15,absent,absent,absent,absent,0,0,0,0,0,partial_success,True,True
IS 302 (Part 2/Sec 23):2009,IS 302 (Part 2/Sec 23):2009,True,True,match_version_verified,302_2_23,https://standardsbis.bsbedge.com/BIS_Preview.aspx?id=302_2_23,absent,absent,absent,absent,0,0,0,0,0,partial_success,True,True
IS 302 (Part 2/Sec 59):1999,IS 302 (Part 2/Sec 59):1999,True,True,unknown,302_2_59_1999,,absent,absent,absent,absent,0,0,0,0,0,partial_success,False,True
IS 302 (Part 2/Sec 6):2009,IS 302 (Part 2/Sec 6):2009,True,True,match_version_verified,302_2_6,https://standardsbis.bsbedge.com/BIS_Preview.aspx?id=302_2_6,absent,absent,absent,absent,0,0,0,0,0,partial_success,True,True
IS 302 (Part 2/Sec 9):2009,IS 302 (Part 2/Sec 9):2009,True,True,match_version_verified,302_2_9,https://standardsbis.bsbedge.com/BIS_Preview.aspx?id=302_2_9,absent,absent,absent,absent,0,0,0,0,0,partial_success,True,True
IS 2026 (Part 7):2009,IS 2026 (Part 7):2009,True,True,match_version_verified,2026_7,https://standardsbis.bsbedge.com/BIS_Preview.aspx?id=2026_7,absent,absent,absent,absent,0,0,0,0,0,partial_success,True,True
IS/IEC 60529:2001,IS/IEC 60529:2001,True,True,unknown,iec60529_2001,,absent,absent,absent,absent,0,0,0,0,0,partial_success,False,True
IS 2026 (Part 8):2009,IS 2026 (Part 8):2009,True,True,match_version_verified,2026_8,https://standardsbis.bsbedge.com/BIS_Preview.aspx?id=2026_8,absent,present,absent,absent,0,0,0,0,0,partial_success,True,False
IS/IEC 60127 (Part 4):2005,IS/IEC 60127 (Part 4):2005,True,True,unknown,iec60127_4_2005,,absent,absent,absent,absent,0,0,0,0,0,partial_success,False,True
IS 5572:2009,IS 5572:2009,True,True,match_version_verified,5572,https://standardsbis.bsbedge.com/BIS_Preview.aspx?id=5572,present,absent,present,present,1,1,0,0,0,success,True,False
IS 8603:2008,IS 8603:2008,True,True,match_version_verified,8603,https://standardsbis.bsbedge.com/BIS_Preview.aspx?id=8603,present,absent,absent,present,1,1,0,0,0,success,True,False
IS 1885 (Part 10):2008,IS 1885 (Part 10):2008,True,True,match_version_verified,1885_10,https://standardsbis.bsbedge.com/BIS_Preview.aspx?id=1885_10,absent,present,absent,absent,0,0,0,0,0,partial_success,True,False
IS 1885 (Part 15):2008,IS 1885 (Part 15):2008,True,True,match_version_verified,1885_15,https://standardsbis.bsbedge.com/BIS_Preview.aspx?id=1885_15,absent,present,absent,absent,0,0,0,0,0,partial_success,True,False
IS 1885 (Part 27):2008,IS 1885 (Part 27):2008,True,True,match_version_verified,1885_27,https://standardsbis.bsbedge.com/BIS_Preview.aspx?id=1885_27,absent,present,absent,absent,0,0,0,0,0,partial_success,True,False
IS 1885 (Part 57):2008,IS 1885 (Part 57):2008,True,True,match_version_verified,1885_57,https://standardsbis.bsbedge.com/BIS_Preview.aspx?id=1885_57,absent,present,absent,present,6,2,4,0,0,partial_success,True,False
IS/IEC 60730 (Part 1):1999,IS/IEC 60730 (Part 1):1999,True,True,unknown,iec60730_1_1999,,absent,absent,absent,absent,0,0,0,0,0,partial_success,False,True
IS 1401:2008,IS 1401:2008,True,True,match_version_verified,1401,https://standardsbis.bsbedge.com/BIS_Preview.aspx?id=1401,absent,present,absent,absent,0,0,0,0,0,partial_success,True,False
IS 15767:2008,IS 15767:2008,True,True,match_version_verified,15767,https://standardsbis.bsbedge.com/BIS_Preview.aspx?id=15767,absent,present,absent,absent,0,0,0,0,0,partial_success,True,False
IS/IEC 60079 (Part 16):1990,IS/IEC 60079 (Part 16):1990,True,True,unknown,iec60079_16_1990,,absent,absent,absent,absent,0,0,0,0,0,partial_success,False,True
IS 2824:2007,IS 2824:2007,True,True,match_version_verified,2824,https://standardsbis.bsbedge.com/BIS_Preview.aspx?id=2824,absent,present,absent,absent,0,0,0,0,0,partial_success,True,False
IS 302 (Part 2/Sec 30):2007,IS 302 (Part 2/Sec 30):2007,True,True,match_version_verified,302_2_30,https://standardsbis.bsbedge.com/BIS_Preview.aspx?id=302_2_30,present,absent,present,present,2,2,0,0,0,success,True,False
IS 15687 (Part 1):2006,IS 15687 (Part 1):2006,True,True,match_version_verified,15687_1,https://standardsbis.bsbedge.com/BIS_Preview.aspx?id=15687_1,present,absent,present,present,1,1,0,0,0,success,True,False
IS 15707:2006,IS 15707:2006,True,True,match_version_verified,15707,https://standardsbis.bsbedge.com/BIS_Preview.aspx?id=15707,present,absent,present,present,15,14,1,0,0,success,True,False
IS 2215:2006,IS 2215:2006,True,True,unknown,2215_2006,,absent,absent,absent,absent,0,0,0,0,0,partial_success,False,True
IS 13465 (Part 3/Sec 6):2006,IS 13465 (Part 3/Sec 6):2006,True,True,unknown,13465_3_6_2006,,absent,absent,absent,absent,0,0,0,0,0,partial_success,False,True
IS 15668:2006,IS 15668:2006,True,True,unknown,15668_2006,,absent,absent,absent,absent,0,0,0,0,0,partial_success,False,True
IS 13465 (Part 3/Sec 4):2006,IS 13465 (Part 3/Sec 4):2006,True,True,match_version_verified,13465_3_4,https://standardsbis.bsbedge.com/BIS_Preview.aspx?id=13465_3_4,absent,absent,absent,absent,0,0,0,0,0,partial_success,True,True
IS 11426 (Part 1):2006,IS 11426 (Part 1):2006,True,True,match_version_verified,11426_1,https://standardsbis.bsbedge.com/BIS_Preview.aspx?id=11426_1,present,absent,absent,absent,0,0,0,0,0,success,True,False
IS 13465 (Part 3/Sec 1):2006,IS 13465 (Part 3/Sec 1):2006,True,True,match_version_verified,13465_3_1,https://standardsbis.bsbedge.com/BIS_Preview.aspx?id=13465_3_1,absent,absent,absent,absent,0,0,0,0,0,partial_success,True,True
IS 13465 (Part 3/Sec 2):2006,IS 13465 (Part 3/Sec 2):2006,True,True,match_version_verified,13465_3_2,https://standardsbis.bsbedge.com/BIS_Preview.aspx?id=13465_3_2,absent,absent,absent,absent,0,0,0,0,0,partial_success,True,True
IS 13465 (Part 3/Sec 3):2006,IS 13465 (Part 3/Sec 3):2006,True,True,match_version_verified,13465_3_3,https://standardsbis.bsbedge.com/BIS_Preview.aspx?id=13465_3_3,absent,absent,absent,absent,0,0,0,0,0,partial_success,True,True
IS 15652:2006,IS 15652:2006,True,True,match_version_verified,15652,https://standardsbis.bsbedge.com/BIS_Preview.aspx?id=15652,present,absent,absent,present,3,3,0,0,0,success,True,False
IS 14254 (Part 1):2006,IS 14254 (Part 1):2006,True,True,match_version_verified,14254_1,https://standardsbis.bsbedge.com/BIS_Preview.aspx?id=14254_1,absent,present,absent,absent,0,0,0,0,0,partial_success,True,False
IS 15644:2006,IS 15644:2006,True,True,match_version_verified,15644,https://standardsbis.bsbedge.com/BIS_Preview.aspx?id=15644,absent,present,absent,absent,0,0,0,0,0,partial_success,True,False
IS 1876:2005,IS 1876:2005,True,True,unknown,1876_2005,,absent,absent,absent,absent,0,0,0,0,0,partial_success,False,True
IS 13465 (Part 2):2005,IS 13465 (Part 2):2005,True,True,unknown,13465_2_2005,,absent,absent,absent,absent,0,0,0,0,0,partial_success,False,True
IS 4160:2005,IS 4160:2005,True,True,unknown,4160_2005,,absent,absent,absent,absent,0,0,0,0,0,partial_success,False,True
IS 15549:2005,IS 15549:2005,True,True,unknown,15549_2005,,absent,absent,absent,absent,0,0,0,0,0,partial_success,False,True
IS 13465 (Part 1):2005,IS 13465 (Part 1):2005,True,True,unknown,13465_1_2005,,absent,absent,absent,absent,0,0,0,0,0,partial_success,False,True
IS 2596:2004,IS 2596:2004,True,True,unknown,2596_2004,,absent,absent,absent,absent,0,0,0,0,0,partial_success,False,True
IS 15518 (Part 1):2004,IS 15518 (Part 1):2004,True,True,unknown,15518_1_2004,,absent,absent,absent,absent,0,0,0,0,0,partial_success,False,True
IS 418:2004,IS 418:2004,True,True,match_version_verified,418,https://standardsbis.bsbedge.com/BIS_Preview.aspx?id=418,present,absent,present,present,1,1,0,0,0,success,True,False
IS 15405 (Part 1):2003,IS 15405 (Part 1):2003,True,True,match_version_verified,15405_1,https://standardsbis.bsbedge.com/BIS_Preview.aspx?id=15405_1,absent,present,absent,absent,0,0,0,0,0,partial_success,True,False
IS 10810 (Part 64):2003,IS 10810 (Part 64):2003,True,True,unknown,10810_64_2003,,absent,absent,absent,absent,0,0,0,0,0,partial_success,False,True
IS 15395:2003,IS 15395:2003,True,True,unknown,15395_2003,,absent,absent,absent,absent,0,0,0,0,0,partial_success,False,True
IS 15406 (Part 1):2003,IS 15406 (Part 1):2003,True,True,unknown,15406_1_2003,,absent,absent,absent,absent,0,0,0,0,0,partial_success,False,True
IS 8603 (Part 4):2003,IS 8603 (Part 4):2003,True,True,match_version_verified,8603_4,https://standardsbis.bsbedge.com/BIS_Preview.aspx?id=8603_4,present,absent,absent,present,2,2,0,0,0,success,True,False
IS 15368:2003,IS 15368:2003,True,True,match_version_verified,15368,https://standardsbis.bsbedge.com/BIS_Preview.aspx?id=15368,present,absent,absent,present,9,9,0,0,0,success,True,False
IS 9537 (Part 8):2003,IS 9537 (Part 8):2003,True,True,unknown,9537_8_2003,,absent,absent,absent,absent,0,0,0,0,0,partial_success,False,True
IS 14768 (Part 2):2003,IS 14768 (Part 2):2003,True,True,unknown,14768_2_2003,,absent,absent,absent,absent,0,0,0,0,0,partial_success,False,True
IS 15259:2002,IS 15259:2002,True,True,match_version_verified,15259,https://standardsbis.bsbedge.com/BIS_Preview.aspx?id=15259,present,absent,absent,present,1,1,0,0,0,success,True,False
IS 15218 (Part 1):2002,IS 15218 (Part 1):2002,True,True,match_version_verified,15218_1,https://standardsbis.bsbedge.com/BIS_Preview.aspx?id=15218_1,absent,present,absent,absent,0,0,0,0,0,partial_success,True,False
IS 13010:2002,IS 13010:2002,True,True,match_version_verified,13010,https://standardsbis.bsbedge.com/BIS_Preview.aspx?id=13010,present,absent,present,absent,0,0,0,0,0,success,True,False
IS 15199 (Part 2):2002,IS 15199 (Part 2):2002,True,True,unknown,15199_2_2002,,absent,absent,absent,absent,0,0,0,0,0,partial_success,False,True
IS 15208:2002,IS 15208:2002,True,True,unknown,15208_2002,,absent,absent,absent,absent,0,0,0,0,0,partial_success,False,True
IS 9968 (Part 2):2002,IS 9968 (Part 2):2002,True,True,match_version_verified,9968_2,https://standardsbis.bsbedge.com/BIS_Preview.aspx?id=9968_2,present,absent,present,present,8,8,0,0,0,success,True,False
IS 15137:2002,IS 15137:2002,True,True,match_version_verified,15137,https://standardsbis.bsbedge.com/BIS_Preview.aspx?id=15137,present,absent,absent,absent,0,0,0,0,0,success,True,False
IS 15111 (Part 2):2002,IS 15111 (Part 2):2002,True,True,match_version_verified,15111_2,https://standardsbis.bsbedge.com/BIS_Preview.aspx?id=15111_2,present,absent,absent,present,2,2,0,0,0,success,True,False
IS 15111 (Part 1):2002,IS 15111 (Part 1):2002,True,True,match_version_verified,15111_1,https://standardsbis.bsbedge.com/BIS_Preview.aspx?id=15111_1,present,absent,absent,present,7,7,0,0,0,success,True,False
IS 15063:2001,IS 15063:2001,True,True,unknown,15063_2001,,absent,absent,absent,absent,0,0,0,0,0,partial_success,False,True
IS 14981:2001,IS 14981:2001,True,True,unknown,14981_2001,,absent,absent,absent,absent,0,0,0,0,0,partial_success,False,True
IS 12897:2001,IS 12897:2001,True,True,match_version_verified,12897,https://standardsbis.bsbedge.com/BIS_Preview.aspx?id=12897,present,absent,absent,present,3,3,0,0,0,success,True,False
IS 14889:2000,IS 14889:2000,True,True,match_version_verified,14889,https://standardsbis.bsbedge.com/BIS_Preview.aspx?id=14889,present,absent,absent,present,7,7,0,0,0,success,True,False
IS 4289 (Part 2):2000,IS 4289 (Part 2):2000,True,True,unknown,4289_2_2000,,absent,absent,absent,absent,0,0,0,0,0,partial_success,False,True
IS 14841 (Part 2/Sec 1):2000,IS 14841 (Part 2/Sec 1):2000,True,True,unknown,14841_2_1_2000,,absent,absent,absent,absent,0,0,0,0,0,partial_success,False,True
IS 14841 (Part 3/Sec 3):2000,IS 14841 (Part 3/Sec 3):2000,True,True,unknown,14841_3_3_2000,,absent,absent,absent,absent,0,0,0,0,0,partial_success,False,True
IS 13730 (Part 34):2000,IS 13730 (Part 34):2000,True,True,unknown,13730_34_2000,,absent,absent,absent,absent,0,0,0,0,0,partial_success,False,True
IS 11448:2000,IS 11448:2000,True,True,unknown,11448_2000,,absent,absent,absent,absent,0,0,0,0,0,partial_success,False,True
IS 14841 (Part 2/Sec 2):2000,IS 14841 (Part 2/Sec 2):2000,True,True,unknown,14841_2_2_2000,,absent,absent,absent,absent,0,0,0,0,0,partial_success,False,True
IS 14841 (Part 3/Sec 1):2000,IS 14841 (Part 3/Sec 1):2000,True,True,unknown,14841_3_1_2000,,absent,absent,absent,absent,0,0,0,0,0,partial_success,False,True
IS 14841 (Part 3/Sec 2):2000,IS 14841 (Part 3/Sec 2):2000,True,True,unknown,14841_3_2_2000,,absent,absent,absent,absent,0,0,0,0,0,partial_success,False,True
IS 14841 (Part 3/Sec 4):2000,IS 14841 (Part 3/Sec 4):2000,True,True,unknown,14841_3_4_2000,,absent,absent,absent,absent,0,0,0,0,0,partial_success,False,True
IS 8320:2000,IS 8320:2000,True,True,unknown,8320_2000,,absent,absent,absent,absent,0,0,0,0,0,partial_success,False,True
IS 9537 (Part 5):2000,IS 9537 (Part 5):2000,True,True,unknown,9537_5_2000,,absent,absent,absent,absent,0,0,0,0,0,partial_success,False,True
IS 14782:2000,IS 14782:2000,True,True,unknown,14782_2000,,absent,absent,absent,absent,0,0,0,0,0,partial_success,False,True
IS 14768 (Part 1):2000,IS 14768 (Part 1):2000,True,True,match_version_verified,14768_1,https://standardsbis.bsbedge.com/BIS_Preview.aspx?id=14768_1,present,absent,present,present,4,4,0,0,0,success,True,False
IS 9537 (Part 6):2000,IS 9537 (Part 6):2000,True,True,unknown,9537_6_2000,,absent,absent,absent,absent,0,0,0,0,0,partial_success,False,True
IS 302 (Part 2/Sec 76):1999,IS 302 (Part 2/Sec 76):1999,True,True,match_version_verified,302_2_76,https://standardsbis.bsbedge.com/BIS_Preview.aspx?id=302_2_76,present,absent,present,present,7,5,2,0,0,success,True,False
IS 371:1999,IS 371:1999,True,True,unknown,371_1999,,absent,absent,absent,absent,0,0,0,0,0,partial_success,False,True
IS 12554 (Part 2):1999,IS 12554 (Part 2):1999,True,True,match_version_verified,12554_2,https://standardsbis.bsbedge.com/BIS_Preview.aspx?id=12554_2,present,absent,absent,absent,0,0,0,0,0,success,True,False
IS 10026 (Part 2):1999,IS 10026 (Part 2):1999,True,True,unknown,10026_2_1999,,absent,absent,absent,absent,0,0,0,0,0,partial_success,False,True
IS 12346:1999,IS 12346:1999,True,True,match_version_verified,12346,https://standardsbis.bsbedge.com/BIS_Preview.aspx?id=12346,present,absent,absent,absent,0,0,0,0,0,success,True,False
IS 13730 (Part 45):1999,IS 13730 (Part 45):1999,True,True,match_version_verified,13730_45,https://standardsbis.bsbedge.com/BIS_Preview.aspx?id=13730_45,absent,present,absent,absent,0,0,0,0,0,partial_success,True,False
IS 14672:1999,IS 14672:1999,True,True,unknown,14672_1999,,absent,absent,absent,absent,0,0,0,0,0,partial_success,False,True
IS 8223:1999,IS 8223:1999,True,True,unknown,8223_1999,,absent,absent,absent,absent,0,0,0,0,0,partial_success,False,True
IS 9919:1999,IS 9919:1999,True,True,match_version_verified,9919,https://standardsbis.bsbedge.com/BIS_Preview.aspx?id=9919,present,absent,absent,present,5,5,0,0,0,success,True,False
IS 10026 (Part 3/Sec 1):1999,IS 10026 (Part 3/Sec 1):1999,True,True,unknown,10026_3_1_1999,,absent,absent,absent,absent,0,0,0,0,0,partial_success,False,True
IS 13673 (Part 5):1999,IS 13673 (Part 5):1999,True,True,match_version_verified,13673_5,https://standardsbis.bsbedge.com/BIS_Preview.aspx?id=13673_5,present,absent,absent,absent,0,0,0,0,0,success,True,False
IS 14569:1999,IS 14569:1999,True,True,match_version_verified,14569,https://standardsbis.bsbedge.com/BIS_Preview.aspx?id=14569,present,absent,absent,present,4,4,0,0,0,success,True,False
IS 10026 (Part 3/Sec 2):1999,IS 10026 (Part 3/Sec 2):1999,True,True,match_version_verified,10026_3_2,https://standardsbis.bsbedge.com/BIS_Preview.aspx?id=10026_3_2,present,absent,absent,absent,0,0,0,0,0,success,True,False
IS 10810 (Part 58):1998,IS 10810 (Part 58):1998,True,True,unknown,10810_58_1998,,absent,absent,absent,absent,0,0,0,0,0,partial_success,False,True
IS 1766:1998,IS 1766:1998,True,True,match_version_verified,1766,https://standardsbis.bsbedge.com/BIS_Preview.aspx?id=1766,present,absent,absent,absent,0,0,0,0,0,success,True,False
IS 11298 (Part 3/Sec 4):1998,IS 11298 (Part 3/Sec 4):1998,True,True,match_version_verified,11298_3_4,https://standardsbis.bsbedge.com/BIS_Preview.aspx?id=11298_3_4,absent,present,absent,absent,0,0,0,0,0,partial_success,True,False
IS 11298 (Part 3/Sec 8):1998,IS 11298 (Part 3/Sec 8):1998,True,True,match_version_verified,11298_3_8,https://standardsbis.bsbedge.com/BIS_Preview.aspx?id=11298_3_8,absent,present,absent,absent,0,0,0,0,0,partial_success,True,False
IS 2993:1998,IS 2993:1998,True,True,unknown,2993_1998,,absent,absent,absent,absent,0,0,0,0,0,partial_success,False,True
IS 10026 (Part 1):1998,IS 10026 (Part 1):1998,True,True,match_version_verified,10026_1,https://standardsbis.bsbedge.com/BIS_Preview.aspx?id=10026_1,present,absent,absent,present,2,2,0,0,0,success,True,False
IS 13465 (Part 3/Sec 5):1998,IS 13465 (Part 3/Sec 5):1998,True,True,match_version_verified,13465_3_5,https://standardsbis.bsbedge.com/BIS_Preview.aspx?id=13465_3_5,present,absent,absent,absent,0,0,0,0,0,success,True,False
IS 14479:1998,IS 14479:1998,True,True,match_version_verified,14479,https://standardsbis.bsbedge.com/BIS_Preview.aspx?id=14479,present,absent,absent,absent,0,0,0,0,0,success,True,False
IS 302 (Part 2/Sec 2):1997,IS 302 (Part 2/Sec 2):1997,True,True,match_version_verified,302_2_2,https://standardsbis.bsbedge.com/BIS_Preview.aspx?id=302_2_2,present,absent,absent,present,4,4,0,0,0,success,True,False
IS 398 (Part 1):1996,IS 398 (Part 1):1996,True,True,match_version_verified,398_1,https://standardsbis.bsbedge.com/BIS_Preview.aspx?id=398_1,present,absent,absent,present,4,4,0,0,0,success,True,False
IS 14376:1996,IS 14376:1996,True,True,match_version_verified,14376,https://standardsbis.bsbedge.com/BIS_Preview.aspx?id=14376,present,absent,absent,present,8,6,2,0,0,success,True,False
IS 11182 (Part 3/Sec 2):1996,IS 11182 (Part 3/Sec 2):1996,True,True,unknown,11182_3_2_1996,,absent,absent,absent,absent,0,0,0,0,0,partial_success,False,True
IS 13730 (Part 16):1996,IS 13730 (Part 16):1996,True,True,match_version_verified,13730_16,https://standardsbis.bsbedge.com/BIS_Preview.aspx?id=13730_16,absent,present,absent,present,1,0,1,0,0,partial_success,True,False
IS 14353:1996,IS 14353:1996,True,True,unknown,14353_1996,,absent,absent,absent,absent,0,0,0,0,0,partial_success,False,True
IS 8783 (Part 1):1995,IS 8783 (Part 1):1995,True,True,unknown,8783_1_1995,,absent,absent,absent,absent,0,0,0,0,0,partial_success,False,True
IS 8783 (Part 4/Sec 2):1995,IS 8783 (Part 4/Sec 2):1995,True,True,unknown,8783_4_2_1995,,absent,absent,absent,absent,0,0,0,0,0,partial_success,False,True
IS 11676:1995,IS 11676:1995,True,True,match_version_verified,11676,https://standardsbis.bsbedge.com/BIS_Preview.aspx?id=11676,present,absent,absent,present,1,1,0,0,0,success,True,False
IS 8783 (Part 2):1995,IS 8783 (Part 2):1995,True,True,unknown,8783_2_1995,,absent,absent,absent,absent,0,0,0,0,0,partial_success,False,True
IS 8783 (Part 4/Sec 3):1995,IS 8783 (Part 4/Sec 3):1995,True,True,unknown,8783_4_3_1995,,absent,absent,absent,absent,0,0,0,0,0,partial_success,False,True
IS 6362:1995,IS 6362:1995,True,True,unknown,6362_1995,,absent,absent,absent,absent,0,0,0,0,0,partial_success,False,True
IS 8783 (Part 3):1995,IS 8783 (Part 3):1995,True,True,unknown,8783_3_1995,,absent,absent,absent,absent,0,0,0,0,0,partial_success,False,True
IS 8783 (Part 4/Sec 1):1995,IS 8783 (Part 4/Sec 1):1995,True,True,unknown,8783_4_1_1995,,absent,absent,absent,absent,0,0,0,0,0,partial_success,False,True
IS 14255:1995,IS 14255:1995,True,True,unknown,14255_1995,,absent,absent,absent,absent,0,0,0,0,0,partial_success,False,True
IS 13730 (Part 15):1994,IS 13730 (Part 15):1994,True,True,unknown,13730_15_1994,,absent,absent,absent,absent,0,0,0,0,0,partial_success,False,True
IS 14214:1994,IS 14214:1994,True,True,unknown,14214_1994,,absent,absent,absent,absent,0,0,0,0,0,partial_success,False,True
IS 14217:1994,IS 14217:1994,True,True,match_version_verified,14217,https://standardsbis.bsbedge.com/BIS_Preview.aspx?id=14217,present,absent,absent,present,4,4,0,0,0,success,True,False
IS 14196:1994,IS 14196:1994,True,True,match_version_verified,14196,https://standardsbis.bsbedge.com/BIS_Preview.aspx?id=14196,absent,present,absent,absent,0,0,0,0,0,partial_success,True,False
IS 14218:1994,IS 14218:1994,True,True,match_version_verified,14218,https://standardsbis.bsbedge.com/BIS_Preview.aspx?id=14218,present,absent,absent,present,6,6,0,0,0,success,True,False
IS 13730 (Part 6):1994,IS 13730 (Part 6):1994,True,True,unknown,13730_6_1994,,absent,absent,absent,absent,0,0,0,0,0,partial_success,False,True
IS 13730 (Part 9):1994,IS 13730 (Part 9):1994,True,True,unknown,13730_9_1994,,absent,absent,absent,absent,0,0,0,0,0,partial_success,False,True
IS 14153:1994,IS 14153:1994,True,True,unknown,14153_1994,,absent,absent,absent,absent,0,0,0,0,0,partial_success,False,True
IS 14195:1994,IS 14195:1994,True,True,match_version_verified,14195,https://standardsbis.bsbedge.com/BIS_Preview.aspx?id=14195,absent,present,absent,absent,0,0,0,0,0,partial_success,True,False
IS 398 (Part 4):1994,IS 398 (Part 4):1994,True,True,unknown,398_4_1994,,absent,absent,absent,absent,0,0,0,0,0,partial_success,False,True
IS 14122:1994,IS 14122:1994,True,True,match_version_verified,14122,https://standardsbis.bsbedge.com/BIS_Preview.aspx?id=14122,present,absent,absent,absent,0,0,0,0,0,success,True,False
IS 302 (Part 2/Sec 45):1994,IS 302 (Part 2/Sec 45):1994,True,True,match_version_verified,302_2_45,https://standardsbis.bsbedge.com/BIS_Preview.aspx?id=302_2_45,present,absent,absent,present,4,4,0,0,0,success,True,False
IS 959:1994,IS 959:1994,True,True,match_version_verified,959,https://standardsbis.bsbedge.com/BIS_Preview.aspx?id=959,present,absent,absent,present,2,2,0,0,0,success,True,False
IS 13937 (Part 1):1994,IS 13937 (Part 1):1994,True,True,unknown,13937_1_1994,,absent,absent,absent,absent,0,0,0,0,0,partial_success,False,True
IS 14144:1994,IS 14144:1994,True,True,match_version_verified,14144,https://standardsbis.bsbedge.com/BIS_Preview.aspx?id=14144,present,absent,absent,present,1,1,0,0,0,success,True,False
IS 14145:1994,IS 14145:1994,True,True,match_version_verified,14145,https://standardsbis.bsbedge.com/BIS_Preview.aspx?id=14145,present,absent,absent,present,1,1,0,0,0,success,True,False
IS 2268:1994,IS 2268:1994,True,True,match_version_verified,2268,https://standardsbis.bsbedge.com/BIS_Preview.aspx?id=2268,present,absent,absent,present,1,1,0,0,0,success,True,False
IS 302 (Part 2/Sec 203):1994,IS 302 (Part 2/Sec 203):1994,True,True,match_version_verified,302_2_203,https://standardsbis.bsbedge.com/BIS_Preview.aspx?id=302_2_203,present,absent,absent,absent,0,0,0,0,0,success,True,False
IS 302 (Part 2/Sec 208):1994,IS 302 (Part 2/Sec 208):1994,True,True,match_version_verified,302_2_208,https://standardsbis.bsbedge.com/BIS_Preview.aspx?id=302_2_208,present,absent,absent,absent,0,0,0,0,0,success,True,False
IS 302 (Part 2/Sec 209):1994,IS 302 (Part 2/Sec 209):1994,True,True,unknown,302_2_209_1994,,absent,absent,absent,absent,0,0,0,0,0,partial_success,False,True
IS 302 (Part 2/Sec 32):1994,IS 302 (Part 2/Sec 32):1994,True,True,match_version_verified,302_2_32,https://standardsbis.bsbedge.com/BIS_Preview.aspx?id=302_2_32,present,absent,absent,present,5,5,0,0,0,success,True,False
IS 5834 (Part 1):1994,IS 5834 (Part 1):1994,True,True,match_version_verified,5834_1,https://standardsbis.bsbedge.com/BIS_Preview.aspx?id=5834_1,present,absent,absent,present,1,1,0,0,0,success,True,False
IS 7154:1994,IS 7154:1994,True,True,match_version_verified,7154,https://standardsbis.bsbedge.com/BIS_Preview.aspx?id=7154,present,absent,absent,present,1,1,0,0,0,success,True,False
IS 13937 (Part 2):1994,IS 13937 (Part 2):1994,True,True,match_version_verified,13937_2,https://standardsbis.bsbedge.com/BIS_Preview.aspx?id=13937_2,absent,present,absent,present,3,0,3,0,0,partial_success,True,False
IS 13937 (Part 3):1994,IS 13937 (Part 3):1994,True,True,unknown,13937_3_1994,,absent,absent,absent,absent,0,0,0,0,0,partial_success,False,True
IS 13937 (Part 4):1994,IS 13937 (Part 4):1994,True,True,unknown,13937_4_1994,,absent,absent,absent,absent,0,0,0,0,0,partial_success,False,True
IS 1885 (Part 80):1994,IS 1885 (Part 80):1994,True,True,match_version_verified,1885_80,https://standardsbis.bsbedge.com/BIS_Preview.aspx?id=1885_80,absent,present,absent,present,1,0,1,0,0,partial_success,True,False
IS 302 (Part 2/Sec 11):1994,IS 302 (Part 2/Sec 11):1994,True,True,match_version_verified,302_2_11,https://standardsbis.bsbedge.com/BIS_Preview.aspx?id=302_2_11,present,absent,absent,present,2,2,0,0,0,success,True,False
IS 302 (Part 2/Sec 13):1994,IS 302 (Part 2/Sec 13):1994,True,True,unknown,302_2_13_1994,,absent,absent,absent,absent,0,0,0,0,0,partial_success,False,True
IS 3412:1994,IS 3412:1994,True,True,match_version_verified,3412,https://standardsbis.bsbedge.com/BIS_Preview.aspx?id=3412,present,absent,absent,present,1,1,0,0,0,success,True,False
IS 302 (Part 2/Sec 204):1994,IS 302 (Part 2/Sec 204):1994,True,True,match_version_verified,302_2_204,https://standardsbis.bsbedge.com/BIS_Preview.aspx?id=302_2_204,present,absent,absent,absent,0,0,0,0,0,success,True,False
IS 13956:1994,IS 13956:1994,True,True,unknown,13956_1994,,absent,absent,absent,absent,0,0,0,0,0,partial_success,False,True
IS 8504 (Part 3):1994,IS 8504 (Part 3):1994,True,True,unknown,8504_3_1994,,absent,absent,absent,absent,0,0,0,0,0,partial_success,False,True
IS 13884:1993,IS 13884:1993,True,True,match_version_verified,13884,https://standardsbis.bsbedge.com/BIS_Preview.aspx?id=13884,present,absent,absent,absent,0,0,0,0,0,success,True,False
IS 1885 (Part 81):1993,IS 1885 (Part 81):1993,True,True,match_version_verified,1885_81,https://standardsbis.bsbedge.com/BIS_Preview.aspx?id=1885_81,absent,present,absent,absent,0,0,0,0,0,partial_success,True,False
IS 302 (Part 2/Sec 12):1993,IS 302 (Part 2/Sec 12):1993,True,True,match_version_verified,302_2_12,https://standardsbis.bsbedge.com/BIS_Preview.aspx?id=302_2_12,present,absent,absent,present,4,4,0,0,0,success,True,False
IS 1287:1993,IS 1287:1993,True,True,match_version_verified,1287,https://standardsbis.bsbedge.com/BIS_Preview.aspx?id=1287,present,absent,present,present,1,1,0,0,0,success,True,False
IS 367:1993,IS 367:1993,True,True,match_version_verified,367,https://standardsbis.bsbedge.com/BIS_Preview.aspx?id=367,present,absent,present,present,2,2,0,0,0,success,True,False
IS 10189 (Part 2/Sec 2):1993,IS 10189 (Part 2/Sec 2):1993,True,True,match_version_verified,10189_2_2,https://standardsbis.bsbedge.com/BIS_Preview.aspx?id=10189_2_2,absent,absent,absent,absent,0,0,0,0,0,partial_success,True,True
IS 13886:1993,IS 13886:1993,True,True,match_version_verified,13886,https://standardsbis.bsbedge.com/BIS_Preview.aspx?id=13886,present,absent,absent,absent,0,0,0,0,0,success,True,False
IS 302 (Part 2/Sec 4):1993,IS 302 (Part 2/Sec 4):1993,True,True,match_version_verified,302_2_4,https://standardsbis.bsbedge.com/BIS_Preview.aspx?id=302_2_4,present,absent,absent,absent,0,0,0,0,0,success,True,False
IS 302 (Part 2/Sec 46):1993,IS 302 (Part 2/Sec 46):1993,True,True,match_version_verified,302_2_46,https://standardsbis.bsbedge.com/BIS_Preview.aspx?id=302_2_46,present,absent,absent,absent,0,0,0,0,0,success,True,False
IS 13850:1993,IS 13850:1993,True,True,unknown,13850_1993,,absent,absent,absent,absent,0,0,0,0,0,partial_success,False,True
IS 10810 (Part 62):1993,IS 10810 (Part 62):1993,True,True,unknown,10810_62_1993,,absent,absent,absent,absent,0,0,0,0,0,partial_success,False,True
IS 10810 (Part 63):1993,IS 10810 (Part 63):1993,True,True,unknown,10810_63_1993,,absent,absent,absent,absent,0,0,0,0,0,partial_success,False,True
IS 13836:1993,IS 13836:1993,True,True,match_version_verified,13836,https://standardsbis.bsbedge.com/BIS_Preview.aspx?id=13836,present,absent,absent,present,4,4,0,0,0,success,True,False
IS 8308:1993,IS 8308:1993,True,True,match_version_verified,8308,https://standardsbis.bsbedge.com/BIS_Preview.aspx?id=8308,present,absent,absent,absent,0,0,0,0,0,success,True,False
IS 8309:1993,IS 8309:1993,True,True,match_version_verified,8309,https://standardsbis.bsbedge.com/BIS_Preview.aspx?id=8309,present,absent,absent,absent,0,0,0,0,0,success,True,False
IS 13122 (Part 1):1993,IS 13122 (Part 1):1993,True,True,unknown,13122_1_1993,,absent,absent,absent,absent,0,0,0,0,0,partial_success,False,True
IS 13555:1993,IS 13555:1993,True,True,match_version_verified,13555,https://standardsbis.bsbedge.com/BIS_Preview.aspx?id=13555,present,absent,absent,absent,0,0,0,0,0,success,True,False
IS 13666:1993,IS 13666:1993,True,True,match_version_verified,13666,https://standardsbis.bsbedge.com/BIS_Preview.aspx?id=13666,present,absent,absent,present,2,2,0,0,0,success,True,False
IS 13705:1993,IS 13705:1993,True,True,unknown,13705_1993,,absent,absent,absent,absent,0,0,0,0,0,partial_success,False,True
IS 1885 (Part 28):1993,IS 1885 (Part 28):1993,True,True,unknown,1885_28_1993,,absent,absent,absent,absent,0,0,0,0,0,partial_success,False,True
IS 1885 (Part 37):1993,IS 1885 (Part 37):1993,True,True,match_version_verified,1885_37,https://standardsbis.bsbedge.com/BIS_Preview.aspx?id=1885_37,absent,present,absent,absent,0,0,0,0,0,partial_success,True,False
IS 1885 (Part 38):1993,IS 1885 (Part 38):1993,True,True,match_version_verified,1885_38,https://standardsbis.bsbedge.com/BIS_Preview.aspx?id=1885_38,absent,present,absent,absent,0,0,0,0,0,partial_success,True,False
IS 1885 (Part 42):1993,IS 1885 (Part 42):1993,True,True,match_version_verified,1885_42,https://standardsbis.bsbedge.com/BIS_Preview.aspx?id=1885_42,absent,present,absent,absent,0,0,0,0,0,partial_success,True,False
IS 1885 (Part 69):1993,IS 1885 (Part 69):1993,True,True,match_version_verified,1885_69,https://standardsbis.bsbedge.com/BIS_Preview.aspx?id=1885_69,absent,present,absent,absent,0,0,0,0,0,partial_success,True,False
IS 1885 (Part 71):1993,IS 1885 (Part 71):1993,True,True,match_version_verified,1885_71,https://standardsbis.bsbedge.com/BIS_Preview.aspx?id=1885_71,absent,present,absent,absent,0,0,0,0,0,partial_success,True,False
IS 1885 (Part 76):1993,IS 1885 (Part 76):1993,True,True,unknown,1885_76_1993,,absent,absent,absent,absent,0,0,0,0,0,partial_success,False,True
IS 1885 (Part 77):1993,IS 1885 (Part 77):1993,True,True,unknown,1885_77_1993,,absent,absent,absent,absent,0,0,0,0,0,partial_success,False,True
IS 1885 (Part 78):1993,IS 1885 (Part 78):1993,True,True,unknown,1885_78_1993,,absent,absent,absent,absent,0,0,0,0,0,partial_success,False,True
IS 1885 (Part 79):1993,IS 1885 (Part 79):1993,True,True,unknown,1885_79_1993,,absent,absent,absent,absent,0,0,0,0,0,partial_success,False,True
IS 2086:1993,IS 2086:1993,True,True,unknown,2086_1993,,absent,absent,absent,absent,0,0,0,0,0,partial_success,False,True
IS 2486 (Part 1):1993,IS 2486 (Part 1):1993,True,True,match_version_verified,2486_1,https://standardsbis.bsbedge.com/BIS_Preview.aspx?id=2486_1,present,absent,absent,present,23,23,0,0,0,success,True,False
IS 5834 (Part 2):1993,IS 5834 (Part 2):1993,True,True,match_version_verified,5834_2,https://standardsbis.bsbedge.com/BIS_Preview.aspx?id=5834_2,present,absent,absent,present,3,3,0,0,0,success,True,False
IS 7098 (Part 3):1993,IS 7098 (Part 3):1993,True,True,unknown,7098_3_1993,,absent,absent,absent,absent,0,0,0,0,0,partial_success,False,True
IS 8572:1993,IS 8572:1993,True,True,unknown,8572_1993,,absent,absent,absent,absent,0,0,0,0,0,partial_success,False,True
IS 13584:1993,IS 13584:1993,True,True,match_version_verified,13584,https://standardsbis.bsbedge.com/BIS_Preview.aspx?id=13584,present,absent,absent,present,5,5,0,0,0,success,True,False
IS 11182 (Part 5):1993,IS 11182 (Part 5):1993,True,True,unknown,11182_5_1993,,absent,absent,absent,absent,0,0,0,0,0,partial_success,False,True
IS 13588:1993,IS 13588:1993,True,True,match_version_verified,13588,https://standardsbis.bsbedge.com/BIS_Preview.aspx?id=13588,absent,present,absent,absent,0,0,0,0,0,partial_success,True,False
IS 13466:1992,IS 13466:1992,True,True,match_version_verified,13466,https://standardsbis.bsbedge.com/BIS_Preview.aspx?id=13466,present,absent,absent,present,7,7,0,0,0,success,True,False
IS 13525:1992,IS 13525:1992,True,True,match_version_verified,13525,https://standardsbis.bsbedge.com/BIS_Preview.aspx?id=13525,present,absent,absent,present,4,4,0,0,0,success,True,False
IS 13595:1992,IS 13595:1992,True,True,match_version_verified,13595,https://standardsbis.bsbedge.com/BIS_Preview.aspx?id=13595,present,absent,absent,present,3,3,0,0,0,success,True,False
IS 8978:1992,IS 8978:1992,True,True,match_version_verified,8978,https://standardsbis.bsbedge.com/BIS_Preview.aspx?id=8978,present,absent,absent,absent,0,0,0,0,0,success,True,False
IS 13368:1992,IS 13368:1992,True,True,unknown,13368_1992,,absent,absent,absent,absent,0,0,0,0,0,partial_success,False,True
IS 13568:1992,IS 13568:1992,True,True,match_version_verified,13568,https://standardsbis.bsbedge.com/BIS_Preview.aspx?id=13568,present,absent,absent,absent,0,0,0,0,0,success,True,False
IS 6680:1992,IS 6680:1992,True,True,match_version_verified,6680,https://standardsbis.bsbedge.com/BIS_Preview.aspx?id=6680,present,absent,absent,present,36,36,0,0,0,success,True,False
IS 13508:1992,IS 13508:1992,True,True,match_version_verified,13508,https://standardsbis.bsbedge.com/BIS_Preview.aspx?id=13508,present,absent,absent,present,2,2,0,0,0,success,True,False
IS 13383 (Part 1):1992,IS 13383 (Part 1):1992,True,True,unknown,13383_1_1992,,absent,absent,absent,absent,0,0,0,0,0,partial_success,False,True
IS 2994:1992,IS 2994:1992,True,True,unknown,2994_1992,,absent,absent,absent,absent,0,0,0,0,0,partial_success,False,True
IS 13383 (Part 2):1992,IS 13383 (Part 2):1992,True,True,unknown,13383_2_1992,,absent,absent,absent,absent,0,0,0,0,0,partial_success,False,True
IS 13383 (Part 3):1992,IS 13383 (Part 3):1992,True,True,unknown,13383_3_1992,,absent,absent,absent,absent,0,0,0,0,0,partial_success,False,True
IS 2121 (Part 3):1992,IS 2121 (Part 3):1992,True,True,match_version_verified,2121_3,https://standardsbis.bsbedge.com/BIS_Preview.aspx?id=2121_3,present,absent,absent,present,7,7,0,0,0,success,True,False
IS 13305:1992,IS 13305:1992,True,True,match_version_verified,13305,https://standardsbis.bsbedge.com/BIS_Preview.aspx?id=13305,present,absent,absent,absent,0,0,0,0,0,success,True,False
IS 13315:1992,IS 13315:1992,True,True,match_version_verified,13315,https://standardsbis.bsbedge.com/BIS_Preview.aspx?id=13315,present,absent,absent,present,5,5,0,0,0,success,True,False
IS 13357:1992,IS 13357:1992,True,True,match_version_verified,13357,https://standardsbis.bsbedge.com/BIS_Preview.aspx?id=13357,present,absent,absent,present,1,1,0,0,0,success,True,False
IS 13364 (Part 1):1992,IS 13364 (Part 1):1992,True,True,match_version_verified,13364_1,https://standardsbis.bsbedge.com/BIS_Preview.aspx?id=13364_1,present,absent,absent,present,13,13,0,0,0,success,True,False
IS 9646:1992,IS 9646:1992,True,True,unknown,9646_1992,,absent,absent,absent,absent,0,0,0,0,0,partial_success,False,True
IS 13300:1992,IS 13300:1992,True,True,match_version_verified,13300,https://standardsbis.bsbedge.com/BIS_Preview.aspx?id=13300,present,absent,present,present,2,2,0,0,0,success,True,False
IS 13335:1992,IS 13335:1992,True,True,match_version_verified,13335,https://standardsbis.bsbedge.com/BIS_Preview.aspx?id=13335,present,absent,absent,absent,0,0,0,0,0,success,True,False
IS 13364 (Part 2):1992,IS 13364 (Part 2):1992,True,True,match_version_verified,13364_2,https://standardsbis.bsbedge.com/BIS_Preview.aspx?id=13364_2,present,absent,absent,present,13,13,0,0,0,success,True,False
IS 3347 (Part 8/Sec 2):1992,IS 3347 (Part 8/Sec 2):1992,True,True,unknown,3347_8_2_1992,,absent,absent,absent,absent,0,0,0,0,0,partial_success,False,True
IS 6390 (Part 2):1992,IS 6390 (Part 2):1992,True,True,match_version_verified,6390_2,https://standardsbis.bsbedge.com/BIS_Preview.aspx?id=6390_2,present,absent,absent,present,4,4,0,0,0,success,True,False
IS 302 (Part 2/Sec 202):1992,IS 302 (Part 2/Sec 202):1992,True,True,match_version_verified,302_2_202,https://standardsbis.bsbedge.com/BIS_Preview.aspx?id=302_2_202,present,absent,absent,absent,0,0,0,0,0,success,True,False
IS 13312:1992,IS 13312:1992,True,True,match_version_verified,13312,https://standardsbis.bsbedge.com/BIS_Preview.aspx?id=13312,present,absent,absent,absent,0,0,0,0,0,success,True,False
IS 13314:1992,IS 13314:1992,True,True,match_version_verified,13314,https://standardsbis.bsbedge.com/BIS_Preview.aspx?id=13314,present,absent,absent,present,13,13,0,0,0,success,True,False
IS 1576:1992,IS 1576:1992,True,True,match_version_verified,1576,https://standardsbis.bsbedge.com/BIS_Preview.aspx?id=1576,present,absent,absent,present,5,5,0,0,0,success,True,False
IS 2806:1992,IS 2806:1992,True,True,match_version_verified,2806,https://standardsbis.bsbedge.com/BIS_Preview.aspx?id=2806,present,absent,absent,absent,0,0,0,0,0,success,True,False
IS 13231:1991,IS 13231:1991,True,True,match_version_verified,13231,https://standardsbis.bsbedge.com/BIS_Preview.aspx?id=13231,present,absent,present,absent,0,0,0,0,0,success,True,False
IS 13235:1991,IS 13235:1991,True,True,match_version_verified,13235,https://standardsbis.bsbedge.com/BIS_Preview.aspx?id=13235,absent,present,absent,absent,0,0,0,0,0,partial_success,True,False
IS 366:1991,IS 366:1991,True,True,match_version_verified,366,https://standardsbis.bsbedge.com/BIS_Preview.aspx?id=366,present,absent,absent,present,2,2,0,0,0,success,True,False
IS 13032:1991,IS 13032:1991,True,True,match_version_verified,13032,https://standardsbis.bsbedge.com/BIS_Preview.aspx?id=13032,present,absent,absent,absent,0,0,0,0,0,success,True,False
IS 13211:1991,IS 13211:1991,True,True,match_version_verified,13211,https://standardsbis.bsbedge.com/BIS_Preview.aspx?id=13211,present,absent,absent,present,2,2,0,0,0,success,True,False
IS 11298 (Part 3/Sec 1):1991,IS 11298 (Part 3/Sec 1):1991,True,True,unknown,11298_3_1_1991,,absent,absent,absent,absent,0,0,0,0,0,partial_success,False,True
IS 13155:1991,IS 13155:1991,True,True,unknown,13155_1991,,absent,absent,absent,absent,0,0,0,0,0,partial_success,False,True
IS 13122 (Part 2):1991,IS 13122 (Part 2):1991,True,True,match_version_verified,13122_2,https://standardsbis.bsbedge.com/BIS_Preview.aspx?id=13122_2,present,absent,absent,present,4,4,0,0,0,success,True,False
IS 13067:1991,IS 13067:1991,True,True,unknown,13067_1991,,absent,absent,absent,absent,0,0,0,0,0,partial_success,False,True
IS 13066:1991,IS 13066:1991,True,True,match_version_verified,13066,https://standardsbis.bsbedge.com/BIS_Preview.aspx?id=13066,present,absent,absent,present,2,2,0,0,0,success,True,False
IS 2121 (Part 4):1991,IS 2121 (Part 4):1991,True,True,match_version_verified,2121_4,https://standardsbis.bsbedge.com/BIS_Preview.aspx?id=2121_4,present,absent,absent,present,3,3,0,0,0,success,True,False
IS 13021 (Part 2):1991,IS 13021 (Part 2):1991,True,True,match_version_verified,13021_2,https://standardsbis.bsbedge.com/BIS_Preview.aspx?id=13021_2,present,absent,absent,present,1,1,0,0,0,success,True,False
IS 12977:1990,IS 12977:1990,True,True,unknown,12977_1990,,absent,absent,absent,absent,0,0,0,0,0,partial_success,False,True
IS 12943:1990,IS 12943:1990,True,True,unknown,12943_1990,,absent,absent,absent,absent,0,0,0,0,0,partial_success,False,True
IS 8824 (Part 2):1988,IS 8824 (Part 2):1988,True,True,unknown,8824_2_1988,,absent,absent,absent,absent,0,0,0,0,0,partial_success,False,True
IS 7624:1990,IS 7624:1990,True,True,match_version_verified,7624,https://standardsbis.bsbedge.com/BIS_Preview.aspx?id=7624,present,absent,absent,present,10,10,0,0,0,success,True,False
IS 11298 (Part 3/Sec 2):1990,IS 11298 (Part 3/Sec 2):1990,True,True,match_version_verified,11298_3_2,https://standardsbis.bsbedge.com/BIS_Preview.aspx?id=11298_3_2,present,absent,present,absent,0,0,0,0,0,success,True,False
IS 12948:1990,IS 12948:1990,True,True,unknown,12948_1990,,absent,absent,absent,absent,0,0,0,0,0,partial_success,False,True
IS 12958:1990,IS 12958:1990,True,True,unknown,12958_1990,,absent,absent,absent,absent,0,0,0,0,0,partial_success,False,True
IS 12909:1990,IS 12909:1990,True,True,unknown,12909_1990,,absent,absent,absent,absent,0,0,0,0,0,partial_success,False,True
IS 12642:1989,IS 12642:1989,True,True,match_version_verified,12642,https://standardsbis.bsbedge.com/BIS_Preview.aspx?id=12642,present,absent,absent,present,1,1,0,0,0,success,True,False
IS 2486 (Part 2):1989,IS 2486 (Part 2):1989,True,True,match_version_verified,2486_2,https://standardsbis.bsbedge.com/BIS_Preview.aspx?id=2486_2,present,absent,absent,absent,0,0,0,0,0,success,True,False
IS 9857:1990,IS 9857:1990,True,True,unknown,9857_1990,,absent,absent,absent,absent,0,0,0,0,0,partial_success,False,True
IS 11654 (Part 3/Sec 406):1989,IS 11654 (Part 3/Sec 406):1989,True,True,unknown,11654_3_406_1989,,absent,absent,absent,absent,0,0,0,0,0,partial_success,False,True
IS 11654 (Part 3/Sec 404):1989,IS 11654 (Part 3/Sec 404):1989,True,True,unknown,11654_3_404_1989,,absent,absent,absent,absent,0,0,0,0,0,partial_success,False,True
IS 11654 (Part 3/Sec 408):1989,IS 11654 (Part 3/Sec 408):1989,True,True,unknown,11654_3_408_1989,,absent,absent,absent,absent,0,0,0,0,0,partial_success,False,True
IS 11654 (Part 3/Sec 407):1989,IS 11654 (Part 3/Sec 407):1989,True,True,unknown,11654_3_407_1989,,absent,absent,absent,absent,0,0,0,0,0,partial_success,False,True
IS 7689:1989,IS 7689:1989,True,True,unknown,7689_1989,,absent,absent,absent,absent,0,0,0,0,0,partial_success,False,True
IS 8447:1989,IS 8447:1989,True,True,match_version_verified,8447,https://standardsbis.bsbedge.com/BIS_Preview.aspx?id=8447,present,absent,absent,present,11,11,0,0,0,success,True,False
IS 11654 (Part 3/Sec 103):1989,IS 11654 (Part 3/Sec 103):1989,True,True,unknown,11654_3_103_1989,,absent,absent,absent,absent,0,0,0,0,0,partial_success,False,True
IS 11654 (Part 3/Sec 405):1989,IS 11654 (Part 3/Sec 405):1989,True,True,unknown,11654_3_405_1989,,absent,absent,absent,absent,0,0,0,0,0,partial_success,False,True
IS 8448:1989,IS 8448:1989,True,True,unknown,8448_1989,,absent,absent,absent,absent,0,0,0,0,0,partial_success,False,True
IS 12676:1989,IS 12676:1989,True,True,unknown,12676_1989,,absent,absent,absent,absent,0,0,0,0,0,partial_success,False,True
IS 2641:1989,IS 2641:1989,True,True,unknown,2641_1989,,absent,absent,absent,absent,0,0,0,0,0,partial_success,False,True
IS 3419:1988,IS 3419:1988,True,True,match_version_uncertain,3419,,absent,absent,present,absent,0,0,0,0,0,partial_success,False,True
IS 11297 (Part 3/Sec 1):1988,IS 11297 (Part 3/Sec 1):1988,True,True,unknown,11297_3_1_1988,,absent,absent,absent,absent,0,0,0,0,0,partial_success,False,True
IS 7660:1988,IS 7660:1988,True,True,match_version_verified,7660,https://standardsbis.bsbedge.com/BIS_Preview.aspx?id=7660,present,absent,absent,present,11,11,0,0,0,success,True,False
IS 12579:1988,IS 12579:1988,True,True,match_version_verified,12579,https://standardsbis.bsbedge.com/BIS_Preview.aspx?id=12579,present,absent,present,present,6,6,0,0,0,success,True,False
IS 7421:1988,IS 7421:1988,True,True,match_version_verified,7421,https://standardsbis.bsbedge.com/BIS_Preview.aspx?id=7421,present,absent,absent,present,8,8,0,0,0,success,True,False
IS 11297 (Part 2):1988,IS 11297 (Part 2):1988,True,True,unknown,11297_2_1988,,absent,absent,absent,absent,0,0,0,0,0,partial_success,False,True
IS 12475 (Part 1):1988,IS 12475 (Part 1):1988,True,True,match_version_verified,12475_1,https://standardsbis.bsbedge.com/BIS_Preview.aspx?id=12475_1,present,absent,absent,present,2,2,0,0,0,success,True,False
IS 12554 (Part 1):1988,IS 12554 (Part 1):1988,True,True,match_version_verified,12554_1,https://standardsbis.bsbedge.com/BIS_Preview.aspx?id=12554_1,present,absent,present,absent,0,0,0,0,0,success,True,False
IS 12309 (Part 1):1988,IS 12309 (Part 1):1988,True,True,match_version_verified,12309_1,https://standardsbis.bsbedge.com/BIS_Preview.aspx?id=12309_1,present,absent,absent,absent,0,0,0,0,0,success,True,False
IS 12555:1988,IS 12555:1988,True,True,match_version_verified,12555,https://standardsbis.bsbedge.com/BIS_Preview.aspx?id=12555,present,absent,absent,present,4,4,0,0,0,success,True,False
IS 1554 (Part 1):1988,IS 1554 (Part 1):1988,True,True,unknown,1554_1_1988,,absent,absent,absent,absent,0,0,0,0,0,partial_success,False,True
IS 3347 (Part 8/Sec 1):1988,IS 3347 (Part 8/Sec 1):1988,True,True,unknown,3347_8_1_1988,,absent,absent,absent,absent,0,0,0,0,0,partial_success,False,True
IS 11654 (Part 3/Sec 1):1988,IS 11654 (Part 3/Sec 1):1988,True,True,unknown,11654_3_1_1988,,absent,absent,absent,absent,0,0,0,0,0,partial_success,False,True
IS 12434:1988,IS 12434:1988,True,True,match_version_verified,12434,https://standardsbis.bsbedge.com/BIS_Preview.aspx?id=12434,present,absent,absent,present,2,2,0,0,0,success,True,False
IS 12475 (Part 2):1988,IS 12475 (Part 2):1988,True,True,match_version_verified,12475_2,https://standardsbis.bsbedge.com/BIS_Preview.aspx?id=12475_2,present,absent,absent,present,2,2,0,0,0,success,True,False
IS 1554 (Part 2):1988,IS 1554 (Part 2):1988,True,True,unknown,1554_2_1988,,absent,absent,absent,absent,0,0,0,0,0,partial_success,False,True
IS 12309 (Part 2):1988,IS 12309 (Part 2):1988,True,True,match_version_verified,12309_2,https://standardsbis.bsbedge.com/BIS_Preview.aspx?id=12309_2,present,absent,absent,present,3,3,0,0,0,success,True,False
IS 12290:1987,IS 12290:1987,True,True,match_version_verified,12290,https://standardsbis.bsbedge.com/BIS_Preview.aspx?id=12290,present,absent,absent,present,3,3,0,0,0,success,True,False
IS 12316 (Part 3/Sec 1):1988,IS 12316 (Part 3/Sec 1):1988,True,True,unknown,12316_3_1_1988,,absent,absent,absent,absent,0,0,0,0,0,partial_success,False,True
IS 3347 (Part 3/Sec 1):1988,IS 3347 (Part 3/Sec 1):1988,True,True,match_version_verified,3347_3_1,https://standardsbis.bsbedge.com/BIS_Preview.aspx?id=3347_3_1,present,absent,absent,present,2,2,0,0,0,success,True,False
IS 3347 (Part 4/Sec 1):1988,IS 3347 (Part 4/Sec 1):1988,True,True,match_version_verified,3347_4_1,https://standardsbis.bsbedge.com/BIS_Preview.aspx?id=3347_4_1,present,absent,absent,present,2,2,0,0,0,success,True,False
IS 12291:1987,IS 12291:1987,True,True,match_version_verified,12291,https://standardsbis.bsbedge.com/BIS_Preview.aspx?id=12291,present,absent,absent,present,4,4,0,0,0,success,True,False
IS 12316 (Part 2):1988,IS 12316 (Part 2):1988,True,True,unknown,12316_2_1988,,absent,absent,absent,absent,0,0,0,0,0,partial_success,False,True
IS 12289:1988,IS 12289:1988,True,True,match_version_verified,12289,https://standardsbis.bsbedge.com/BIS_Preview.aspx?id=12289,present,absent,absent,present,2,2,0,0,0,success,True,False
IS 3588:1987,IS 3588:1987,True,True,match_version_verified,3588,https://standardsbis.bsbedge.com/BIS_Preview.aspx?id=3588,present,absent,absent,present,6,6,0,0,0,success,True,False
IS 12316 (Part 3/Sec 2):1988,IS 12316 (Part 3/Sec 2):1988,True,True,unknown,12316_3_2_1988,,absent,absent,absent,absent,0,0,0,0,0,partial_success,False,True
IS 12317 (Part 1):1988,IS 12317 (Part 1):1988,True,True,unknown,12317_1_1988,,absent,absent,absent,absent,0,0,0,0,0,partial_success,False,True
IS 12316 (Part 1):1988,IS 12316 (Part 1):1988,True,True,unknown,12316_1_1988,,absent,absent,absent,absent,0,0,0,0,0,partial_success,False,True
IS 4894:1987,IS 4894:1987,True,True,match_version_verified,4894,https://standardsbis.bsbedge.com/BIS_Preview.aspx?id=4894,present,absent,absent,present,7,7,0,0,0,success,True,False
IS 10810 (Part 59):1988,IS 10810 (Part 59):1988,True,True,unknown,10810_59_1988,,absent,absent,absent,absent,0,0,0,0,0,partial_success,False,True
IS 8438:1987,IS 8438:1987,True,True,match_version_verified,8438,https://standardsbis.bsbedge.com/BIS_Preview.aspx?id=8438,present,absent,absent,present,9,9,0,0,0,success,True,False
IS 9553:1987,IS 9553:1987,True,True,match_version_verified,9553,https://standardsbis.bsbedge.com/BIS_Preview.aspx?id=9553,present,absent,absent,present,8,8,0,0,0,success,True,False
IS 9792 (Part 1):1987,IS 9792 (Part 1):1987,True,True,unknown,9792_1_1987,,absent,absent,absent,absent,0,0,0,0,0,partial_success,False,True
IS 10810 (Part 60):1988,IS 10810 (Part 60):1988,True,True,unknown,10810_60_1988,,absent,absent,absent,absent,0,0,0,0,0,partial_success,False,True
IS 10810 (Part 61):1988,IS 10810 (Part 61):1988,True,True,unknown,10810_61_1988,,absent,absent,absent,absent,0,0,0,0,0,partial_success,False,True
IS 12177:1987,IS 12177:1987,True,True,match_version_verified,12177,https://standardsbis.bsbedge.com/BIS_Preview.aspx?id=12177,present,absent,absent,present,7,7,0,0,0,success,True,False
IS 12188:1987,IS 12188:1987,True,True,match_version_verified,12188,https://standardsbis.bsbedge.com/BIS_Preview.aspx?id=12188,present,absent,absent,present,2,2,0,0,0,success,True,False
IS 3624:1987,IS 3624:1987,True,True,match_version_verified,3624,https://standardsbis.bsbedge.com/BIS_Preview.aspx?id=3624,present,absent,absent,present,4,4,0,0,0,success,True,False
IS 3963:1987,IS 3963:1987,True,True,match_version_verified,3963,https://standardsbis.bsbedge.com/BIS_Preview.aspx?id=3963,present,absent,absent,present,8,8,0,0,0,success,True,False
IS 6272:1987,IS 6272:1987,True,True,match_version_verified,6272,https://standardsbis.bsbedge.com/BIS_Preview.aspx?id=6272,present,absent,absent,present,10,10,0,0,0,success,True,False
IS 8784:1987,IS 8784:1987,True,True,match_version_verified,8784,https://standardsbis.bsbedge.com/BIS_Preview.aspx?id=8784,present,absent,absent,present,8,8,0,0,0,success,True,False
IS 12048:1987,IS 12048:1987,True,True,match_version_verified,12048,https://standardsbis.bsbedge.com/BIS_Preview.aspx?id=12048,present,absent,absent,present,12,12,0,0,0,success,True,False
IS 12013:1987,IS 12013:1987,True,True,match_version_verified,12013,https://standardsbis.bsbedge.com/BIS_Preview.aspx?id=12013,present,absent,absent,absent,0,0,0,0,0,success,True,False
IS 11955:1987,IS 11955:1987,True,True,match_version_verified,11955,https://standardsbis.bsbedge.com/BIS_Preview.aspx?id=11955,present,absent,absent,absent,0,0,0,0,0,success,True,False
IS 11979:1987,IS 11979:1987,True,True,match_version_verified,11979,https://standardsbis.bsbedge.com/BIS_Preview.aspx?id=11979,present,absent,absent,present,4,4,0,0,0,success,True,False
IS 6290:1986,IS 6290:1986,True,True,match_version_verified,6290,https://standardsbis.bsbedge.com/BIS_Preview.aspx?id=6290,present,absent,absent,present,2,2,0,0,0,success,True,False
IS 6446:1986,IS 6446:1986,True,True,match_version_verified,6446,https://standardsbis.bsbedge.com/BIS_Preview.aspx?id=6446,present,absent,absent,present,4,4,0,0,0,success,True,False
IS 11879:1986,IS 11879:1986,True,True,match_version_verified,11879,https://standardsbis.bsbedge.com/BIS_Preview.aspx?id=11879,present,absent,absent,present,2,2,0,0,0,success,True,False
IS 10810 (Part 56):1987,IS 10810 (Part 56):1987,True,True,match_version_verified,10810_56,https://standardsbis.bsbedge.com/BIS_Preview.aspx?id=10810_56,present,absent,absent,absent,0,0,0,0,0,success,True,False
IS 10810 (Part 57):1987,IS 10810 (Part 57):1987,True,True,match_version_verified,10810_57,https://standardsbis.bsbedge.com/BIS_Preview.aspx?id=10810_57,present,absent,absent,absent,0,0,0,0,0,success,True,False
IS 3476:1986,IS 3476:1986,True,True,unknown,3476_1986,,absent,absent,absent,absent,0,0,0,0,0,partial_success,False,True
IS 11697:1986,IS 11697:1986,True,True,unknown,11697_1986,,absent,absent,absent,absent,0,0,0,0,0,partial_success,False,True
IS 11756:1986,IS 11756:1986,True,True,match_version_verified,11756,https://standardsbis.bsbedge.com/BIS_Preview.aspx?id=11756,present,absent,absent,absent,0,0,0,0,0,success,True,False
IS 10026 (Part 3/Sec 9):1986,IS 10026 (Part 3/Sec 9):1986,True,True,match_version_verified,10026_3_9,https://standardsbis.bsbedge.com/BIS_Preview.aspx?id=10026_3_9,present,absent,absent,absent,0,0,0,0,0,success,True,False
IS 11755:1986,IS 11755:1986,True,True,unknown,11755_1986,,absent,absent,absent,absent,0,0,0,0,0,partial_success,False,True
IS 6071:1986,IS 6071:1986,True,True,unknown,6071_1986,,absent,absent,absent,absent,0,0,0,0,0,partial_success,False,True
IS 11182 (Part 3/Sec 1):1986,IS 11182 (Part 3/Sec 1):1986,True,True,unknown,11182_3_1_1986,,absent,absent,absent,absent,0,0,0,0,0,partial_success,False,True
IS 11731 (Part 1):1986,IS 11731 (Part 1):1986,True,True,unknown,11731_1_1986,,absent,absent,absent,absent,0,0,0,0,0,partial_success,False,True
IS 11731 (Part 2):1986,IS 11731 (Part 2):1986,True,True,unknown,11731_2_1986,,absent,absent,absent,absent,0,0,0,0,0,partial_success,False,True
IS 10026 (Part 3/Sec 8):1986,IS 10026 (Part 3/Sec 8):1986,True,True,match_version_verified,10026_3_8,https://standardsbis.bsbedge.com/BIS_Preview.aspx?id=10026_3_8,present,absent,absent,absent,0,0,0,0,0,success,True,False
IS 11182 (Part 6):1986,IS 11182 (Part 6):1986,True,True,unknown,11182_6_1986,,absent,absent,absent,absent,0,0,0,0,0,partial_success,False,True
IS 11182 (Part 7/Sec 1):1986,IS 11182 (Part 7/Sec 1):1986,True,True,unknown,11182_7_1_1986,,absent,absent,absent,absent,0,0,0,0,0,partial_success,False,True
IS 7809 (Part 3/Sec 1):1986,IS 7809 (Part 3/Sec 1):1986,True,True,match_version_verified,7809_3_1,https://standardsbis.bsbedge.com/BIS_Preview.aspx?id=7809_3_1,present,absent,absent,present,3,3,0,0,0,success,True,False
IS 11537:1985,IS 11537:1985,True,True,match_version_verified,11537,https://standardsbis.bsbedge.com/BIS_Preview.aspx?id=11537,present,absent,absent,present,6,6,0,0,0,success,True,False
IS 11548:1986,IS 11548:1986,True,True,unknown,11548_1986,,absent,absent,absent,absent,0,0,0,0,0,partial_success,False,True
IS 9335 (Part 3/Sec 5):1985,IS 9335 (Part 3/Sec 5):1985,True,True,unknown,9335_3_5_1985,,absent,absent,absent,absent,0,0,0,0,0,partial_success,False,True
IS 5613 (Part 1/Sec 1):1985,IS 5613 (Part 1/Sec 1):1985,True,True,match_version_verified,5613_1_1,https://standardsbis.bsbedge.com/BIS_Preview.aspx?id=5613_1_1,present,absent,absent,present,10,10,0,0,0,success,True,False
IS 5790:1985,IS 5790:1985,True,True,match_version_verified,5790,https://standardsbis.bsbedge.com/BIS_Preview.aspx?id=5790,present,absent,absent,present,5,5,0,0,0,success,True,False
IS 6701:1985,IS 6701:1985,True,True,unknown,6701_1985,,absent,absent,absent,absent,0,0,0,0,0,partial_success,False,True
IS 11472 (Part 1):1985,IS 11472 (Part 1):1985,True,True,match_version_verified,11472_1,https://standardsbis.bsbedge.com/BIS_Preview.aspx?id=11472_1,present,absent,absent,present,2,2,0,0,0,success,True,False
IS 11472 (Part 2):1985,IS 11472 (Part 2):1985,True,True,match_version_verified,11472_2,https://standardsbis.bsbedge.com/BIS_Preview.aspx?id=11472_2,present,absent,absent,present,2,2,0,0,0,success,True,False
IS 5613 (Part 2/Sec 1):1985,IS 5613 (Part 2/Sec 1):1985,True,True,match_version_verified,5613_2_1,https://standardsbis.bsbedge.com/BIS_Preview.aspx?id=5613_2_1,present,absent,absent,present,17,17,0,0,0,success,True,False
IS 10810 (Part 17):1986,IS 10810 (Part 17):1986,True,True,unknown,10810_17_1986,,absent,absent,absent,absent,0,0,0,0,0,partial_success,False,True
IS 10810 (Part 55):1986,IS 10810 (Part 55):1986,True,True,unknown,10810_55_1986,,absent,absent,absent,absent,0,0,0,0,0,partial_success,False,True
IS 11182 (Part 1):1984,IS 11182 (Part 1):1984,True,True,unknown,11182_1_1984,,absent,absent,absent,absent,0,0,0,0,0,partial_success,False,True
IS 5613 (Part 1/Sec 2):1985,IS 5613 (Part 1/Sec 2):1985,True,True,match_version_verified,5613_1_2,https://standardsbis.bsbedge.com/BIS_Preview.aspx?id=5613_1_2,present,absent,absent,present,9,9,0,0,0,success,True,False
IS 10028 (Part 1):1985,IS 10028 (Part 1):1985,True,True,unknown,10028_1_1985,,absent,absent,absent,absent,0,0,0,0,0,partial_success,False,True
IS 10810 (Part 16):1986,IS 10810 (Part 16):1986,True,True,unknown,10810_16_1986,,absent,absent,absent,absent,0,0,0,0,0,partial_success,False,True
IS 4158:1986,IS 4158:1986,True,True,match_version_uncertain,4158,,present,absent,absent,present,2,2,0,0,0,partial_success,False,True
IS 9335 (Part 3/Sec 2):1985,IS 9335 (Part 3/Sec 2):1985,True,True,unknown,9335_3_2_1985,,absent,absent,absent,absent,0,0,0,0,0,partial_success,False,True
IS 11260 (Part 1):1985,IS 11260 (Part 1):1985,True,True,unknown,11260_1_1985,,absent,absent,absent,absent,0,0,0,0,0,partial_success,False,True
IS 11260 (Part 2):1985,IS 11260 (Part 2):1985,True,True,unknown,11260_2_1985,,absent,absent,absent,absent,0,0,0,0,0,partial_success,False,True
IS 11297 (Part 1):1985,IS 11297 (Part 1):1985,True,True,unknown,11297_1_1985,,absent,absent,absent,absent,0,0,0,0,0,partial_success,False,True
IS 11298 (Part 1):1985,IS 11298 (Part 1):1985,True,True,unknown,11298_1_1985,,absent,absent,absent,absent,0,0,0,0,0,partial_success,False,True
IS 5578:1984,IS 5578:1984,True,True,match_version_verified,5578,https://standardsbis.bsbedge.com/BIS_Preview.aspx?id=5578,present,absent,absent,present,4,4,0,0,0,success,True,False
IS 5613 (Part 2/Sec 2):1985,IS 5613 (Part 2/Sec 2):1985,True,True,match_version_verified,5613_2_2,https://standardsbis.bsbedge.com/BIS_Preview.aspx?id=5613_2_2,present,absent,present,present,12,12,0,0,0,success,True,False
IS 11222:1985,IS 11222:1985,True,True,unknown,11222_1985,,absent,absent,absent,absent,0,0,0,0,0,partial_success,False,True
IS 11256 (Part 1):1985,IS 11256 (Part 1):1985,True,True,match_version_verified,11256_1,https://standardsbis.bsbedge.com/BIS_Preview.aspx?id=11256_1,present,absent,absent,present,4,4,0,0,0,success,True,False
IS 11256 (Part 2):1985,IS 11256 (Part 2):1985,True,True,unknown,11256_2_1985,,absent,absent,absent,absent,0,0,0,0,0,partial_success,False,True
IS 11256 (Part 3):1985,IS 11256 (Part 3):1985,True,True,unknown,11256_3_1985,,absent,absent,absent,absent,0,0,0,0,0,partial_success,False,True
IS 11212:1985,IS 11212:1985,True,True,match_version_verified,11212,https://standardsbis.bsbedge.com/BIS_Preview.aspx?id=11212,present,absent,absent,present,4,4,0,0,0,success,True,False
IS 11221:1984,IS 11221:1984,True,True,unknown,11221_1984,,absent,absent,absent,absent,0,0,0,0,0,partial_success,False,True
IS 1885 (Part 61):1985,IS 1885 (Part 61):1985,True,True,match_version_verified,1885_61,https://standardsbis.bsbedge.com/BIS_Preview.aspx?id=1885_61,present,absent,absent,absent,0,0,0,0,0,success,True,False
IS 11182 (Part 2):1984,IS 11182 (Part 2):1984,True,True,unknown,11182_2_1984,,absent,absent,absent,absent,0,0,0,0,0,partial_success,False,True
IS 9335 (Part 3/Sec 1):1984,IS 9335 (Part 3/Sec 1):1984,True,True,unknown,9335_3_1_1984,,absent,absent,absent,absent,0,0,0,0,0,partial_success,False,True
IS 11174:1984,IS 11174:1984,True,True,unknown,11174_1984,,absent,absent,absent,absent,0,0,0,0,0,partial_success,False,True
IS 7358:1984,IS 7358:1984,True,True,unknown,7358_1984,,absent,absent,absent,absent,0,0,0,0,0,partial_success,False,True
IS 11116:1984,IS 11116:1984,True,True,unknown,11116_1984,,absent,absent,absent,absent,0,0,0,0,0,partial_success,False,True
IS 11067:1984,IS 11067:1984,True,True,match_version_verified,11067,https://standardsbis.bsbedge.com/BIS_Preview.aspx?id=11067,present,absent,absent,present,3,3,0,0,0,success,True,False
IS 9335 (Part 3/Sec 3):1984,IS 9335 (Part 3/Sec 3):1984,True,True,unknown,9335_3_3_1984,,absent,absent,absent,absent,0,0,0,0,0,partial_success,False,True
IS 10918:1984,IS 10918:1984,True,True,match_version_verified,10918,https://standardsbis.bsbedge.com/BIS_Preview.aspx?id=10918,present,absent,absent,present,3,3,0,0,0,success,True,False
IS 1255:1983,IS 1255:1983,True,True,match_version_verified,1255,https://standardsbis.bsbedge.com/BIS_Preview.aspx?id=1255,present,absent,absent,present,9,9,0,0,0,success,True,False
IS 1709:1984,IS 1709:1984,True,True,unknown,1709_1984,,absent,absent,absent,absent,0,0,0,0,0,partial_success,False,True
IS 9335 (Part 3/Sec 4):1984,IS 9335 (Part 3/Sec 4):1984,True,True,unknown,9335_3_4_1984,,absent,absent,absent,absent,0,0,0,0,0,partial_success,False,True
IS 10893:1984,IS 10893:1984,True,True,match_version_verified,10893,https://standardsbis.bsbedge.com/BIS_Preview.aspx?id=10893,present,absent,absent,present,3,3,0,0,0,success,True,False
IS 10975:1984,IS 10975:1984,True,True,match_version_verified,10975,https://standardsbis.bsbedge.com/BIS_Preview.aspx?id=10975,present,absent,absent,present,3,3,0,0,0,success,True,False
IS 2465:1984,IS 2465:1984,True,True,unknown,2465_1984,,absent,absent,absent,absent,0,0,0,0,0,partial_success,False,True
IS 4289 (Part 1):1984,IS 4289 (Part 1):1984,True,True,unknown,4289_1_1984,,absent,absent,absent,absent,0,0,0,0,0,partial_success,False,True
IS 10894:1984,IS 10894:1984,True,True,match_version_verified,10894,https://standardsbis.bsbedge.com/BIS_Preview.aspx?id=10894,present,absent,absent,absent,0,0,0,0,0,success,True,False
IS 10947:1984,IS 10947:1984,True,True,unknown,10947_1984,,absent,absent,absent,absent,0,0,0,0,0,partial_success,False,True
IS 5831:1984,IS 5831:1984,True,True,unknown,5831_1984,,absent,absent,absent,absent,0,0,0,0,0,partial_success,False,True
IS 9537 (Part 3):1983,IS 9537 (Part 3):1983,True,True,match_version_verified,9537_3,https://standardsbis.bsbedge.com/BIS_Preview.aspx?id=9537_3,present,absent,absent,present,4,4,0,0,0,success,True,False
IS 10877:1984,IS 10877:1984,True,True,unknown,10877_1984,,absent,absent,absent,absent,0,0,0,0,0,partial_success,False,True
IS 9537 (Part 4):1983,IS 9537 (Part 4):1983,True,True,match_version_verified,9537_4,https://standardsbis.bsbedge.com/BIS_Preview.aspx?id=9537_4,present,absent,absent,present,3,3,0,0,0,success,True,False
IS 10639:1983,IS 10639:1983,True,True,unknown,10639_1983,,absent,absent,absent,absent,0,0,0,0,0,partial_success,False,True
IS 10810 (Part 1):1984,IS 10810 (Part 1):1984,True,True,unknown,10810_1_1984,,absent,absent,absent,absent,0,0,0,0,0,partial_success,False,True
IS 10810 (Part 10):1984,IS 10810 (Part 10):1984,True,True,unknown,10810_10_1984,,absent,absent,absent,absent,0,0,0,0,0,partial_success,False,True
IS 10810 (Part 11):1984,IS 10810 (Part 11):1984,True,True,unknown,10810_11_1984,,absent,absent,absent,absent,0,0,0,0,0,partial_success,False,True
IS 10810 (Part 12):1984,IS 10810 (Part 12):1984,True,True,unknown,10810_12_1984,,absent,absent,absent,absent,0,0,0,0,0,partial_success,False,True
IS 10810 (Part 13):1984,IS 10810 (Part 13):1984,True,True,unknown,10810_13_1984,,absent,absent,absent,absent,0,0,0,0,0,partial_success,False,True
IS 10810 (Part 14):1984,IS 10810 (Part 14):1984,True,True,unknown,10810_14_1984,,absent,absent,absent,absent,0,0,0,0,0,partial_success,False,True
IS 10810 (Part 15):1984,IS 10810 (Part 15):1984,True,True,unknown,10810_15_1984,,absent,absent,absent,absent,0,0,0,0,0,partial_success,False,True
IS 10810 (Part 19):1984,IS 10810 (Part 19):1984,True,True,unknown,10810_19_1984,,absent,absent,absent,absent,0,0,0,0,0,partial_success,False,True
IS 10810 (Part 2):1984,IS 10810 (Part 2):1984,True,True,unknown,10810_2_1984,,absent,absent,absent,absent,0,0,0,0,0,partial_success,False,True
IS 10810 (Part 20):1984,IS 10810 (Part 20):1984,True,True,unknown,10810_20_1984,,absent,absent,absent,absent,0,0,0,0,0,partial_success,False,True
IS 10810 (Part 21):1984,IS 10810 (Part 21):1984,True,True,unknown,10810_21_1984,,absent,absent,absent,absent,0,0,0,0,0,partial_success,False,True
IS 10810 (Part 22):1984,IS 10810 (Part 22):1984,True,True,unknown,10810_22_1984,,absent,absent,absent,absent,0,0,0,0,0,partial_success,False,True
IS 10810 (Part 23):1984,IS 10810 (Part 23):1984,True,True,unknown,10810_23_1984,,absent,absent,absent,absent,0,0,0,0,0,partial_success,False,True
IS 10810 (Part 24):1984,IS 10810 (Part 24):1984,True,True,unknown,10810_24_1984,,absent,absent,absent,absent,0,0,0,0,0,partial_success,False,True
IS 10810 (Part 25):1984,IS 10810 (Part 25):1984,True,True,unknown,10810_25_1984,,absent,absent,absent,absent,0,0,0,0,0,partial_success,False,True
IS 10810 (Part 26):1984,IS 10810 (Part 26):1984,True,True,unknown,10810_26_1984,,absent,absent,absent,absent,0,0,0,0,0,partial_success,False,True
IS 10810 (Part 27):1984,IS 10810 (Part 27):1984,True,True,unknown,10810_27_1984,,absent,absent,absent,absent,0,0,0,0,0,partial_success,False,True
IS 10810 (Part 28):1984,IS 10810 (Part 28):1984,True,True,unknown,10810_28_1984,,absent,absent,absent,absent,0,0,0,0,0,partial_success,False,True
IS 10810 (Part 29):1984,IS 10810 (Part 29):1984,True,True,unknown,10810_29_1984,,absent,absent,absent,absent,0,0,0,0,0,partial_success,False,True
IS 10810 (Part 3):1984,IS 10810 (Part 3):1984,True,True,unknown,10810_3_1984,,absent,absent,absent,absent,0,0,0,0,0,partial_success,False,True
IS 10810 (Part 30):1984,IS 10810 (Part 30):1984,True,True,unknown,10810_30_1984,,absent,absent,absent,absent,0,0,0,0,0,partial_success,False,True
IS 10810 (Part 31):1984,IS 10810 (Part 31):1984,True,True,unknown,10810_31_1984,,absent,absent,absent,absent,0,0,0,0,0,partial_success,False,True
IS 10810 (Part 32):1984,IS 10810 (Part 32):1984,True,True,unknown,10810_32_1984,,absent,absent,absent,absent,0,0,0,0,0,partial_success,False,True
IS 10810 (Part 33):1984,IS 10810 (Part 33):1984,True,True,unknown,10810_33_1984,,absent,absent,absent,absent,0,0,0,0,0,partial_success,False,True
IS 10810 (Part 34):1984,IS 10810 (Part 34):1984,True,True,unknown,10810_34_1984,,absent,absent,absent,absent,0,0,0,0,0,partial_success,False,True
IS 10810 (Part 35):1984,IS 10810 (Part 35):1984,True,True,unknown,10810_35_1984,,absent,absent,absent,absent,0,0,0,0,0,partial_success,False,True
IS 10810 (Part 36):1984,IS 10810 (Part 36):1984,True,True,unknown,10810_36_1984,,absent,absent,absent,absent,0,0,0,0,0,partial_success,False,True
IS 10810 (Part 37):1984,IS 10810 (Part 37):1984,True,True,unknown,10810_37_1984,,absent,absent,absent,absent,0,0,0,0,0,partial_success,False,True
IS 10810 (Part 38):1984,IS 10810 (Part 38):1984,True,True,unknown,10810_38_1984,,absent,absent,absent,absent,0,0,0,0,0,partial_success,False,True
IS 10810 (Part 39):1984,IS 10810 (Part 39):1984,True,True,unknown,10810_39_1984,,absent,absent,absent,absent,0,0,0,0,0,partial_success,False,True
IS 10810 (Part 4):1984,IS 10810 (Part 4):1984,True,True,unknown,10810_4_1984,,absent,absent,absent,absent,0,0,0,0,0,partial_success,False,True
IS 10810 (Part 40):1984,IS 10810 (Part 40):1984,True,True,unknown,10810_40_1984,,absent,absent,absent,absent,0,0,0,0,0,partial_success,False,True
IS 10810 (Part 41):1984,IS 10810 (Part 41):1984,True,True,unknown,10810_41_1984,,absent,absent,absent,absent,0,0,0,0,0,partial_success,False,True
IS 10810 (Part 42):1984,IS 10810 (Part 42):1984,True,True,unknown,10810_42_1984,,absent,absent,absent,absent,0,0,0,0,0,partial_success,False,True
IS 10810 (Part 43):1984,IS 10810 (Part 43):1984,True,True,unknown,10810_43_1984,,absent,absent,absent,absent,0,0,0,0,0,partial_success,False,True
IS 10810 (Part 44):1984,IS 10810 (Part 44):1984,True,True,unknown,10810_44_1984,,absent,absent,absent,absent,0,0,0,0,0,partial_success,False,True
IS 10810 (Part 45):1984,IS 10810 (Part 45):1984,True,True,unknown,10810_45_1984,,absent,absent,absent,absent,0,0,0,0,0,partial_success,False,True
IS 10810 (Part 46):1984,IS 10810 (Part 46):1984,True,True,unknown,10810_46_1984,,absent,absent,absent,absent,0,0,0,0,0,partial_success,False,True
IS 10810 (Part 47):1984,IS 10810 (Part 47):1984,True,True,unknown,10810_47_1984,,absent,absent,absent,absent,0,0,0,0,0,partial_success,False,True
IS 10810 (Part 48):1984,IS 10810 (Part 48):1984,True,True,unknown,10810_48_1984,,absent,absent,absent,absent,0,0,0,0,0,partial_success,False,True
IS 10810 (Part 49):1984,IS 10810 (Part 49):1984,True,True,unknown,10810_49_1984,,absent,absent,absent,absent,0,0,0,0,0,partial_success,False,True
IS 10810 (Part 5):1984,IS 10810 (Part 5):1984,True,True,unknown,10810_5_1984,,absent,absent,absent,absent,0,0,0,0,0,partial_success,False,True
IS 10810 (Part 50):1984,IS 10810 (Part 50):1984,True,True,unknown,10810_50_1984,,absent,absent,absent,absent,0,0,0,0,0,partial_success,False,True
IS 10810 (Part 51):1984,IS 10810 (Part 51):1984,True,True,unknown,10810_51_1984,,absent,absent,absent,absent,0,0,0,0,0,partial_success,False,True
IS 10810 (Part 53):1984,IS 10810 (Part 53):1984,True,True,unknown,10810_53_1984,,absent,absent,absent,absent,0,0,0,0,0,partial_success,False,True
IS 10810 (Part 54):1984,IS 10810 (Part 54):1984,True,True,unknown,10810_54_1984,,absent,absent,absent,absent,0,0,0,0,0,partial_success,False,True
IS 10810 (Part 6):1984,IS 10810 (Part 6):1984,True,True,unknown,10810_6_1984,,absent,absent,absent,absent,0,0,0,0,0,partial_success,False,True
IS 10810 (Part 7):1984,IS 10810 (Part 7):1984,True,True,unknown,10810_7_1984,,absent,absent,absent,absent,0,0,0,0,0,partial_success,False,True
IS 10810 (Part 8):1984,IS 10810 (Part 8):1984,True,True,unknown,10810_8_1984,,absent,absent,absent,absent,0,0,0,0,0,partial_success,False,True
IS 10810 (Part 9):1984,IS 10810 (Part 9):1984,True,True,unknown,10810_9_1984,,absent,absent,absent,absent,0,0,0,0,0,partial_success,False,True
IS 10810 (Part 0):1984,IS 10810 (Part 0):1984,True,True,unknown,10810_0_1984,,absent,absent,absent,absent,0,0,0,0,0,partial_success,False,True
IS 365:1983,IS 365:1983,True,True,match_version_verified,365,https://standardsbis.bsbedge.com/BIS_Preview.aspx?id=365,present,absent,absent,present,2,2,0,0,0,success,True,False
IS 10659:1983,IS 10659:1983,True,True,match_version_verified,10659,https://standardsbis.bsbedge.com/BIS_Preview.aspx?id=10659,present,absent,present,present,3,3,0,0,0,success,True,False
IS 4146:1983,IS 4146:1983,True,True,match_version_verified,4146,https://standardsbis.bsbedge.com/BIS_Preview.aspx?id=4146,present,absent,absent,absent,0,0,0,0,0,success,True,False
IS 5547:1983,IS 5547:1983,True,True,match_version_verified,5547,https://standardsbis.bsbedge.com/BIS_Preview.aspx?id=5547,present,absent,absent,absent,0,0,0,0,0,success,True,False
IS 9385 (Part 4):1983,IS 9385 (Part 4):1983,True,True,unknown,9385_4_1983,,absent,absent,absent,absent,0,0,0,0,0,partial_success,False,True
IS 10026 (Part 3/Sec 7):1983,IS 10026 (Part 3/Sec 7):1983,True,True,unknown,10026_3_7_1983,,absent,absent,absent,absent,0,0,0,0,0,partial_success,False,True
IS 10580:1983,IS 10580:1983,True,True,match_version_verified,10580,https://standardsbis.bsbedge.com/BIS_Preview.aspx?id=10580,present,absent,absent,absent,0,0,0,0,0,success,True,False
IS 10581:1983,IS 10581:1983,True,True,unknown,10581_1983,,absent,absent,absent,absent,0,0,0,0,0,partial_success,False,True
IS 4201:1983,IS 4201:1983,True,True,match_version_verified,4201,https://standardsbis.bsbedge.com/BIS_Preview.aspx?id=4201,present,absent,absent,absent,0,0,0,0,0,success,True,False
IS 10026 (Part 3/Sec 3):1983,IS 10026 (Part 3/Sec 3):1983,True,True,match_version_verified,10026_3_3,https://standardsbis.bsbedge.com/BIS_Preview.aspx?id=10026_3_3,absent,absent,absent,absent,0,0,0,0,0,partial_success,True,True
IS 10026 (Part 3/Sec 4):1983,IS 10026 (Part 3/Sec 4):1983,True,True,match_version_verified,10026_3_4,https://standardsbis.bsbedge.com/BIS_Preview.aspx?id=10026_3_4,absent,absent,absent,absent,0,0,0,0,0,partial_success,True,True
IS 10026 (Part 3/Sec 5):1983,IS 10026 (Part 3/Sec 5):1983,True,True,match_version_verified,10026_3_5,https://standardsbis.bsbedge.com/BIS_Preview.aspx?id=10026_3_5,absent,absent,absent,absent,0,0,0,0,0,partial_success,True,True
IS 10026 (Part 3/Sec 6):1983,IS 10026 (Part 3/Sec 6):1983,True,True,match_version_verified,10026_3_6,https://standardsbis.bsbedge.com/BIS_Preview.aspx?id=10026_3_6,absent,absent,absent,absent,0,0,0,0,0,partial_success,True,True
IS 3347 (Part 4/Sec 2):1982,IS 3347 (Part 4/Sec 2):1982,True,True,match_version_verified,3347_4_2,https://standardsbis.bsbedge.com/BIS_Preview.aspx?id=3347_4_2,present,absent,absent,absent,0,0,0,0,0,success,True,False
IS 10333:1982,IS 10333:1982,True,True,match_version_verified,10333,https://standardsbis.bsbedge.com/BIS_Preview.aspx?id=10333,present,absent,present,present,11,11,0,0,0,success,True,False
IS 10381:1982,IS 10381:1982,True,True,match_version_verified,10381,https://standardsbis.bsbedge.com/BIS_Preview.aspx?id=10381,present,absent,absent,absent,0,0,0,0,0,success,True,False
IS 5216 (Part 2):1982,IS 5216 (Part 2):1982,True,True,unknown,5216_2_1982,,absent,absent,absent,absent,0,0,0,0,0,partial_success,False,True
IS 2551:1982,IS 2551:1982,True,True,unknown,2551_1982,,absent,absent,absent,absent,0,0,0,0,0,partial_success,False,True
IS 3347 (Part 3/Sec 2):1982,IS 3347 (Part 3/Sec 2):1982,True,True,match_version_verified,3347_3_2,https://standardsbis.bsbedge.com/BIS_Preview.aspx?id=3347_3_2,present,absent,absent,absent,0,0,0,0,0,success,True,False
IS 10436:1983,IS 10436:1983,True,True,match_version_verified,10436,https://standardsbis.bsbedge.com/BIS_Preview.aspx?id=10436,present,absent,present,present,2,2,0,0,0,success,True,False
IS 10462 (Part 1):1983,IS 10462 (Part 1):1983,True,True,unknown,10462_1_1983,,absent,absent,absent,absent,0,0,0,0,0,partial_success,False,True
IS 5216 (Part 1):1982,IS 5216 (Part 1):1982,True,True,unknown,5216_1_1982,,absent,absent,absent,absent,0,0,0,0,0,partial_success,False,True
IS 897:1982,IS 897:1982,True,True,unknown,897_1982,,absent,absent,absent,absent,0,0,0,0,0,partial_success,False,True
IS 3324:1982,IS 3324:1982,True,True,match_version_verified,3324,https://standardsbis.bsbedge.com/BIS_Preview.aspx?id=3324,present,absent,absent,present,6,6,0,0,0,success,True,False
IS 10136:1982,IS 10136:1982,True,True,unknown,10136_1982,,absent,absent,absent,absent,0,0,0,0,0,partial_success,False,True
IS 10192:1982,IS 10192:1982,True,True,unknown,10192_1982,,absent,absent,absent,absent,0,0,0,0,0,partial_success,False,True
IS 10314:1982,IS 10314:1982,True,True,unknown,10314_1982,,absent,absent,absent,absent,0,0,0,0,0,partial_success,False,True
IS 10118 (Part 2):1982,IS 10118 (Part 2):1982,True,True,match_version_verified,10118_2,https://standardsbis.bsbedge.com/BIS_Preview.aspx?id=10118_2,absent,absent,absent,absent,0,0,0,0,0,partial_success,True,True
IS 10028 (Part 2):1981,IS 10028 (Part 2):1981,True,True,unknown,10028_2_1981,,absent,absent,absent,absent,0,0,0,0,0,partial_success,False,True
IS 10118 (Part 3):1982,IS 10118 (Part 3):1982,True,True,unknown,10118_3_1982,,absent,absent,absent,absent,0,0,0,0,0,partial_success,False,True
IS 10118 (Part 4):1982,IS 10118 (Part 4):1982,True,True,match_version_verified,10118_4,https://standardsbis.bsbedge.com/BIS_Preview.aspx?id=10118_4,absent,absent,absent,absent,0,0,0,0,0,partial_success,True,True
IS 10162:1982,IS 10162:1982,True,True,match_version_verified,10162,https://standardsbis.bsbedge.com/BIS_Preview.aspx?id=10162,present,absent,absent,present,6,6,0,0,0,success,True,False
IS 10163 (Part 1):1982,IS 10163 (Part 1):1982,True,True,match_version_verified,10163_1,https://standardsbis.bsbedge.com/BIS_Preview.aspx?id=10163_1,present,absent,absent,absent,0,0,0,0,0,success,True,False
IS 9249 (Part 2):1982,IS 9249 (Part 2):1982,True,True,match_version_verified,9249_2,https://standardsbis.bsbedge.com/BIS_Preview.aspx?id=9249_2,present,absent,absent,absent,0,0,0,0,0,success,True,False
IS 9974 (Part 2):1981,IS 9974 (Part 2):1981,True,True,match_version_verified,9974_2,https://standardsbis.bsbedge.com/BIS_Preview.aspx?id=9974_2,present,absent,absent,absent,0,0,0,0,0,success,True,False
IS 1944 (Part 6):1981,IS 1944 (Part 6):1981,True,True,unknown,1944_6_1981,,absent,absent,absent,absent,0,0,0,0,0,partial_success,False,True
IS 9900 (Part 1):1981,IS 9900 (Part 1):1981,True,True,unknown,9900_1_1981,,absent,absent,absent,absent,0,0,0,0,0,partial_success,False,True
IS 10122:1982,IS 10122:1982,True,True,unknown,10122_1982,,absent,absent,absent,absent,0,0,0,0,0,partial_success,False,True
IS 10028 (Part 3):1981,IS 10028 (Part 3):1981,True,True,unknown,10028_3_1981,,absent,absent,absent,absent,0,0,0,0,0,partial_success,False,True
IS 9900 (Part 2):1981,IS 9900 (Part 2):1981,True,True,unknown,9900_2_1981,,absent,absent,absent,absent,0,0,0,0,0,partial_success,False,True
IS 10075:1981,IS 10075:1981,True,True,match_version_verified,10075,https://standardsbis.bsbedge.com/BIS_Preview.aspx?id=10075,present,absent,absent,absent,0,0,0,0,0,success,True,False
IS 5834 (Part 3):1981,IS 5834 (Part 3):1981,True,True,match_version_verified,5834_3,https://standardsbis.bsbedge.com/BIS_Preview.aspx?id=5834_3,present,absent,absent,absent,0,0,0,0,0,success,True,False
IS 9926:1981,IS 9926:1981,True,True,unknown,9926_1981,,absent,absent,absent,absent,0,0,0,0,0,partial_success,False,True
IS 9994:1981,IS 9994:1981,True,True,match_version_verified,9994,https://standardsbis.bsbedge.com/BIS_Preview.aspx?id=9994,present,absent,present,absent,0,0,0,0,0,success,True,False
IS 9900 (Part 3):1981,IS 9900 (Part 3):1981,True,True,match_version_verified,9900_3,https://standardsbis.bsbedge.com/BIS_Preview.aspx?id=9900_3,present,absent,absent,absent,0,0,0,0,0,success,True,False
IS 1885 (Part 55):1981,IS 1885 (Part 55):1981,True,True,match_version_verified,1885_55,https://standardsbis.bsbedge.com/BIS_Preview.aspx?id=1885_55,present,absent,absent,absent,0,0,0,0,0,success,True,False
IS 2032 (Part 25):1980,IS 2032 (Part 25):1980,True,True,match_version_verified,2032_25,https://standardsbis.bsbedge.com/BIS_Preview.aspx?id=2032_25,present,absent,absent,absent,0,0,0,0,0,success,True,False
IS 9900 (Part 4):1981,IS 9900 (Part 4):1981,True,True,match_version_verified,9900_4,https://standardsbis.bsbedge.com/BIS_Preview.aspx?id=9900_4,present,absent,absent,absent,0,0,0,0,0,success,True,False
IS 9974 (Part 1):1981,IS 9974 (Part 1):1981,True,True,match_version_verified,9974_1,https://standardsbis.bsbedge.com/BIS_Preview.aspx?id=9974_1,present,absent,absent,absent,0,0,0,0,0,success,True,False
IS 7809 (Part 3/Sec 2):1981,IS 7809 (Part 3/Sec 2):1981,True,True,unknown,7809_3_2_1981,,absent,absent,absent,absent,0,0,0,0,0,partial_success,False,True
IS 7809 (Part 3/Sec 3):1981,IS 7809 (Part 3/Sec 3):1981,True,True,unknown,7809_3_3_1981,,absent,absent,absent,absent,0,0,0,0,0,partial_success,False,True
IS 9814:1981,IS 9814:1981,True,True,match_version_verified,9814,https://standardsbis.bsbedge.com/BIS_Preview.aspx?id=9814,present,absent,absent,present,5,5,0,0,0,success,True,False
IS 1175:1981,IS 1175:1981,True,True,match_version_verified,1175,https://standardsbis.bsbedge.com/BIS_Preview.aspx?id=1175,present,absent,absent,present,6,6,0,0,0,success,True,False
IS 9499:1980,IS 9499:1980,True,True,match_version_verified,9499,https://standardsbis.bsbedge.com/BIS_Preview.aspx?id=9499,present,absent,absent,absent,0,0,0,0,0,success,True,False
IS 1944 (Part 5):1981,IS 1944 (Part 5):1981,True,True,unknown,1944_5_1981,,absent,absent,absent,absent,0,0,0,0,0,partial_success,False,True
IS 1944 (Part 7):1981,IS 1944 (Part 7):1981,True,True,unknown,1944_7_1981,,absent,absent,absent,absent,0,0,0,0,0,partial_success,False,True
IS 2121 (Part 1):1981,IS 2121 (Part 1):1981,True,True,match_version_verified,2121_1,https://standardsbis.bsbedge.com/BIS_Preview.aspx?id=2121_1,present,absent,absent,absent,0,0,0,0,0,success,True,False
IS 2121 (Part 2):1981,IS 2121 (Part 2):1981,True,True,match_version_verified,2121_2,https://standardsbis.bsbedge.com/BIS_Preview.aspx?id=2121_2,present,absent,absent,absent,0,0,0,0,0,success,True,False
IS 9836:1981,IS 9836:1981,True,True,match_version_verified,9836,https://standardsbis.bsbedge.com/BIS_Preview.aspx?id=9836,present,absent,absent,present,3,3,0,0,0,success,True,False
IS 1778:1980,IS 1778:1980,True,True,unknown,1778_1980,,absent,absent,absent,absent,0,0,0,0,0,partial_success,False,True
IS 9080 (Part 2/Sec 4):1981,IS 9080 (Part 2/Sec 4):1981,True,True,match_version_verified,9080_2_4,https://standardsbis.bsbedge.com/BIS_Preview.aspx?id=9080_2_4,absent,absent,absent,absent,0,0,0,0,0,partial_success,True,True
IS 9080 (Part 4):1981,IS 9080 (Part 4):1981,True,True,match_version_verified,9080_4,https://standardsbis.bsbedge.com/BIS_Preview.aspx?id=9080_4,absent,absent,absent,absent,0,0,0,0,0,partial_success,True,True
IS 9678:1980,IS 9678:1980,True,True,match_version_verified,9678,https://standardsbis.bsbedge.com/BIS_Preview.aspx?id=9678,present,absent,absent,present,4,4,0,0,0,success,True,False
IS 9080 (Part 2/Sec 3):1981,IS 9080 (Part 2/Sec 3):1981,True,True,match_version_verified,9080_2_3,https://standardsbis.bsbedge.com/BIS_Preview.aspx?id=9080_2_3,absent,absent,absent,absent,0,0,0,0,0,partial_success,True,True
IS 9676:1980,IS 9676:1980,True,True,match_version_verified,9676,https://standardsbis.bsbedge.com/BIS_Preview.aspx?id=9676,present,absent,absent,absent,0,0,0,0,0,success,True,False
IS 9080 (Part 2/Sec 2):1980,IS 9080 (Part 2/Sec 2):1980,True,True,match_version_verified,9080_2_2,https://standardsbis.bsbedge.com/BIS_Preview.aspx?id=9080_2_2,absent,absent,absent,absent,0,0,0,0,0,partial_success,True,True
IS 9677:1980,IS 9677:1980,True,True,match_version_verified,9677,https://standardsbis.bsbedge.com/BIS_Preview.aspx?id=9677,present,absent,absent,present,4,4,0,0,0,success,True,False
IS 1885 (Part 53):1980,IS 1885 (Part 53):1980,True,True,match_version_verified,1885_53,https://standardsbis.bsbedge.com/BIS_Preview.aspx?id=1885_53,present,absent,absent,absent,0,0,0,0,0,success,True,False
IS 9537 (Part 1):1980,IS 9537 (Part 1):1980,True,True,unknown,9537_1_1980,,absent,absent,absent,absent,0,0,0,0,0,partial_success,False,True
IS 9589:1980,IS 9589:1980,True,True,match_version_verified,9589,https://standardsbis.bsbedge.com/BIS_Preview.aspx?id=9589,present,absent,absent,absent,0,0,0,0,0,success,True,False
IS 2592:1980,IS 2592:1980,True,True,match_version_verified,2592,https://standardsbis.bsbedge.com/BIS_Preview.aspx?id=2592,present,absent,absent,absent,0,0,0,0,0,success,True,False
IS 3323:1980,IS 3323:1980,True,True,match_version_verified,3323,https://standardsbis.bsbedge.com/BIS_Preview.aspx?id=3323,present,absent,absent,absent,0,0,0,0,0,success,True,False
IS 3347 (Part 5/Sec 2):1979,IS 3347 (Part 5/Sec 2):1979,True,True,match_version_verified,3347_5_2,https://standardsbis.bsbedge.com/BIS_Preview.aspx?id=3347_5_2,present,absent,absent,absent,0,0,0,0,0,success,True,False
IS 2972 (Part 1):1979,IS 2972 (Part 1):1979,True,True,match_version_verified,2972_1,https://standardsbis.bsbedge.com/BIS_Preview.aspx?id=2972_1,absent,absent,absent,absent,0,0,0,0,0,partial_success,True,True
IS 2972 (Part 2):1979,IS 2972 (Part 2):1979,True,True,match_version_verified,2972_2,https://standardsbis.bsbedge.com/BIS_Preview.aspx?id=2972_2,absent,absent,absent,absent,0,0,0,0,0,partial_success,True,True
IS 3396:1979,IS 3396:1979,True,True,unknown,3396_1979,,absent,absent,absent,absent,0,0,0,0,0,partial_success,False,True
IS 9502:1980,IS 9502:1980,True,True,match_version_verified,9502,https://standardsbis.bsbedge.com/BIS_Preview.aspx?id=9502,present,absent,absent,present,2,2,0,0,0,success,True,False
IS 9511:1980,IS 9511:1980,True,True,match_version_verified,9511,https://standardsbis.bsbedge.com/BIS_Preview.aspx?id=9511,present,absent,absent,present,1,1,0,0,0,success,True,False
IS 3347 (Part 5/Sec 1):1979,IS 3347 (Part 5/Sec 1):1979,True,True,unknown,3347_5_1_1979,,absent,absent,absent,absent,0,0,0,0,0,partial_success,False,True
IS 555:1979,IS 555:1979,True,True,unknown,555_1979,,absent,absent,absent,absent,0,0,0,0,0,partial_success,False,True
IS 3347 (Part 1/Sec 2):1979,IS 3347 (Part 1/Sec 2):1979,True,True,match_version_verified,3347_1_2,https://standardsbis.bsbedge.com/BIS_Preview.aspx?id=3347_1_2,present,absent,absent,absent,0,0,0,0,0,success,True,False
IS 3347 (Part 2/Sec 2):1979,IS 3347 (Part 2/Sec 2):1979,True,True,unknown,3347_2_2_1979,,absent,absent,absent,absent,0,0,0,0,0,partial_success,False,True
IS 2711:1979,IS 2711:1979,True,True,match_version_verified,2711,https://standardsbis.bsbedge.com/BIS_Preview.aspx?id=2711,present,absent,absent,present,2,2,0,0,0,success,True,False
IS 4309:1979,IS 4309:1979,True,True,match_version_verified,4309,https://standardsbis.bsbedge.com/BIS_Preview.aspx?id=4309,present,absent,absent,present,2,2,0,0,0,success,True,False
IS 3347 (Part 1/Sec 1):1979,IS 3347 (Part 1/Sec 1):1979,True,True,match_version_verified,3347_1_1,https://standardsbis.bsbedge.com/BIS_Preview.aspx?id=3347_1_1,present,absent,absent,absent,0,0,0,0,0,success,True,False
IS 6848:1979,IS 6848:1979,True,True,match_version_verified,6848,https://standardsbis.bsbedge.com/BIS_Preview.aspx?id=6848,present,absent,absent,present,7,7,0,0,0,success,True,False
IS 9249 (Part 1):1979,IS 9249 (Part 1):1979,True,True,match_version_verified,9249_1,https://standardsbis.bsbedge.com/BIS_Preview.aspx?id=9249_1,present,absent,absent,absent,0,0,0,0,0,success,True,False
IS 3347 (Part 2/Sec 1):1979,IS 3347 (Part 2/Sec 1):1979,True,True,match_version_verified,3347_2_1,https://standardsbis.bsbedge.com/BIS_Preview.aspx?id=3347_2_1,present,absent,absent,absent,0,0,0,0,0,success,True,False
IS 9147:1979,IS 9147:1979,True,True,unknown,9147_1979,,absent,absent,absent,absent,0,0,0,0,0,partial_success,False,True
IS 8690:1977,IS 8690:1977,True,True,match_version_verified,8690,https://standardsbis.bsbedge.com/BIS_Preview.aspx?id=8690,present,absent,absent,present,4,4,0,0,0,success,True,False
IS 9206:1979,IS 9206:1979,True,True,match_version_verified,9206,https://standardsbis.bsbedge.com/BIS_Preview.aspx?id=9206,present,absent,absent,present,2,2,0,0,0,success,True,False
IS 9124:1979,IS 9124:1979,True,True,match_version_verified,9124,https://standardsbis.bsbedge.com/BIS_Preview.aspx?id=9124,present,absent,absent,absent,0,0,0,0,0,success,True,False
IS 9043:1979,IS 9043:1979,True,True,unknown,9043_1979,,absent,absent,absent,absent,0,0,0,0,0,partial_success,False,True
IS 9029:1978,IS 9029:1978,True,True,match_version_verified,9029,https://standardsbis.bsbedge.com/BIS_Preview.aspx?id=9029,present,absent,absent,present,2,2,0,0,0,success,True,False
IS 9044:1979,IS 9044:1979,True,True,match_version_verified,9044,https://standardsbis.bsbedge.com/BIS_Preview.aspx?id=9044,present,absent,absent,absent,0,0,0,0,0,success,True,False
IS 9045:1979,IS 9045:1979,True,True,match_version_verified,9045,https://standardsbis.bsbedge.com/BIS_Preview.aspx?id=9045,present,absent,absent,absent,0,0,0,0,0,success,True,False
IS 9050:1979,IS 9050:1979,True,True,match_version_verified,9050,https://standardsbis.bsbedge.com/BIS_Preview.aspx?id=9050,present,absent,absent,absent,0,0,0,0,0,success,True,False
IS 9080 (Part 2/Sec 1):1979,IS 9080 (Part 2/Sec 1):1979,True,True,match_version_verified,9080_2_1,https://standardsbis.bsbedge.com/BIS_Preview.aspx?id=9080_2_1,present,absent,absent,absent,0,0,0,0,0,success,True,False
IS 8992:1978,IS 8992:1978,True,True,match_version_verified,8992,https://standardsbis.bsbedge.com/BIS_Preview.aspx?id=8992,present,absent,absent,present,2,2,0,0,0,success,True,False
IS 9021:1978,IS 9021:1978,True,True,match_version_verified,9021,https://standardsbis.bsbedge.com/BIS_Preview.aspx?id=9021,present,absent,absent,present,2,2,0,0,0,success,True,False
IS 8884:1978,IS 8884:1978,True,True,match_version_verified,8884,https://standardsbis.bsbedge.com/BIS_Preview.aspx?id=8884,present,absent,absent,present,8,8,0,0,0,success,True,False
IS 8985:1978,IS 8985:1978,True,True,match_version_verified,8985,https://standardsbis.bsbedge.com/BIS_Preview.aspx?id=8985,present,absent,absent,present,7,7,0,0,0,success,True,False
IS 8923:1978,IS 8923:1978,True,True,unknown,8923_1978,,absent,absent,absent,absent,0,0,0,0,0,partial_success,False,True
IS 8969:1978,IS 8969:1978,True,True,unknown,8969_1978,,absent,absent,absent,absent,0,0,0,0,0,partial_success,False,True
IS 2512:1978,IS 2512:1978,True,True,match_version_verified,2512,https://standardsbis.bsbedge.com/BIS_Preview.aspx?id=2512,present,absent,absent,present,7,7,0,0,0,success,True,False
IS 7809 (Part 3/Sec 5):1977,IS 7809 (Part 3/Sec 5):1977,True,True,unknown,7809_3_5_1977,,absent,absent,absent,absent,0,0,0,0,0,partial_success,False,True
IS 8901:1978,IS 8901:1978,True,True,match_version_verified,8901,https://standardsbis.bsbedge.com/BIS_Preview.aspx?id=8901,present,absent,absent,absent,0,0,0,0,0,success,True,False
IS 8714:1978,IS 8714:1978,True,True,match_version_verified,8714,https://standardsbis.bsbedge.com/BIS_Preview.aspx?id=8714,present,absent,absent,absent,0,0,0,0,0,success,True,False
IS 8685:1977,IS 8685:1977,True,True,match_version_verified,8685,https://standardsbis.bsbedge.com/BIS_Preview.aspx?id=8685,present,absent,present,absent,0,0,0,0,0,success,True,False
IS 2165 (Part 1):1977,IS 2165 (Part 1):1977,True,True,match_version_verified,2165_1,https://standardsbis.bsbedge.com/BIS_Preview.aspx?id=2165_1,present,absent,present,present,5,5,0,0,0,success,True,False
IS 7809 (Part 3/Sec 4):1977,IS 7809 (Part 3/Sec 4):1977,True,True,match_version_verified,7809_3_4,https://standardsbis.bsbedge.com/BIS_Preview.aspx?id=7809_3_4,present,absent,absent,absent,0,0,0,0,0,success,True,False
IS 7809 (Part 2):1977,IS 7809 (Part 2):1977,True,True,unknown,7809_2_1977,,absent,absent,absent,absent,0,0,0,0,0,partial_success,False,True
IS 8478:1977,IS 8478:1977,True,True,unknown,8478_1977,,absent,absent,absent,absent,0,0,0,0,0,partial_success,False,True
IS 8588 (Part 1):1977,IS 8588 (Part 1):1977,True,True,match_version_verified,8588_1,https://standardsbis.bsbedge.com/BIS_Preview.aspx?id=8588_1,present,absent,absent,present,3,3,0,0,0,success,True,False
IS 2418 (Part 4):1977,IS 2418 (Part 4):1977,True,True,match_version_verified,2418_4,https://standardsbis.bsbedge.com/BIS_Preview.aspx?id=2418_4,present,absent,absent,absent,0,0,0,0,0,success,True,False
IS 8525:1977,IS 8525:1977,True,True,match_version_verified,8525,https://standardsbis.bsbedge.com/BIS_Preview.aspx?id=8525,present,absent,absent,absent,0,0,0,0,0,success,True,False
IS 8570:1977,IS 8570:1977,True,True,unknown,8570_1977,,absent,absent,absent,absent,0,0,0,0,0,partial_success,False,True
IS 3842 (Part 9):1977,IS 3842 (Part 9):1977,True,True,unknown,3842_9_1977,,absent,absent,absent,absent,0,0,0,0,0,partial_success,False,True
IS 8495 (Part 1):1977,IS 8495 (Part 1):1977,True,True,match_version_verified,8495_1,https://standardsbis.bsbedge.com/BIS_Preview.aspx?id=8495_1,absent,absent,absent,absent,0,0,0,0,0,partial_success,True,True
IS 8506:1977,IS 8506:1977,True,True,match_version_verified,8506,https://standardsbis.bsbedge.com/BIS_Preview.aspx?id=8506,present,absent,absent,present,2,2,0,0,0,success,True,False
IS 2418 (Part 3):1977,IS 2418 (Part 3):1977,True,True,match_version_verified,2418_3,https://standardsbis.bsbedge.com/BIS_Preview.aspx?id=2418_3,present,absent,absent,absent,0,0,0,0,0,success,True,False
IS 1445:1977,IS 1445:1977,True,True,match_version_verified,1445,https://standardsbis.bsbedge.com/BIS_Preview.aspx?id=1445,present,absent,absent,present,5,5,0,0,0,success,True,False
IS 8337:1976,IS 8337:1976,True,True,unknown,8337_1976,,absent,absent,absent,absent,0,0,0,0,0,partial_success,False,True
IS 3842 (Part 8):1976,IS 3842 (Part 8):1976,True,True,unknown,3842_8_1976,,absent,absent,absent,absent,0,0,0,0,0,partial_success,False,True
IS 8394:1977,IS 8394:1977,True,True,match_version_verified,8394,https://standardsbis.bsbedge.com/BIS_Preview.aspx?id=8394,present,absent,absent,absent,0,0,0,0,0,success,True,False
IS 3842 (Part 12):1976,IS 3842 (Part 12):1976,True,True,match_version_verified,3842_12,https://standardsbis.bsbedge.com/BIS_Preview.aspx?id=3842_12,present,absent,absent,absent,0,0,0,0,0,success,True,False
IS 8197:1976,IS 8197:1976,True,True,unknown,8197_1976,,absent,absent,absent,absent,0,0,0,0,0,partial_success,False,True
IS 3842 (Part 10):1976,IS 3842 (Part 10):1976,True,True,match_version_verified,3842_10,https://standardsbis.bsbedge.com/BIS_Preview.aspx?id=3842_10,present,absent,absent,absent,0,0,0,0,0,success,True,False
IS 1569:1976,IS 1569:1976,True,True,unknown,1569_1976,,absent,absent,absent,absent,0,0,0,0,0,partial_success,False,True
IS 398 (Part 3):1976,IS 398 (Part 3):1976,True,True,unknown,398_3_1976,,absent,absent,absent,absent,0,0,0,0,0,partial_success,False,True
IS 8061:1976,IS 8061:1976,True,True,match_version_verified,8061,https://standardsbis.bsbedge.com/BIS_Preview.aspx?id=8061,present,absent,absent,present,7,7,0,0,0,success,True,False
IS 2032 (Part 15):1976,IS 2032 (Part 15):1976,True,True,match_version_verified,2032_15,https://standardsbis.bsbedge.com/BIS_Preview.aspx?id=2032_15,present,absent,absent,absent,0,0,0,0,0,success,True,False
IS 3837:1976,IS 3837:1976,True,True,match_version_verified,3837,https://standardsbis.bsbedge.com/BIS_Preview.aspx?id=3837,present,absent,absent,present,5,5,0,0,0,success,True,False
IS 8018:1976,IS 8018:1976,True,True,match_version_verified,8018,https://standardsbis.bsbedge.com/BIS_Preview.aspx?id=8018,present,absent,absent,present,5,5,0,0,0,success,True,False
IS 7935:1975,IS 7935:1975,True,True,unknown,7935_1975,,absent,absent,absent,absent,0,0,0,0,0,partial_success,False,True
IS 7571:1974,IS 7571:1974,True,True,unknown,7571_1974,,absent,absent,absent,absent,0,0,0,0,0,partial_success,False,True
IS 7809 (Part 1):1975,IS 7809 (Part 1):1975,True,True,unknown,7809_1_1975,,absent,absent,absent,absent,0,0,0,0,0,partial_success,False,True
IS 7752 (Part 1):1975,IS 7752 (Part 1):1975,True,True,unknown,7752_1_1975,,absent,absent,absent,absent,0,0,0,0,0,partial_success,False,True
IS 7603:1975,IS 7603:1975,True,True,unknown,7603_1975,,absent,absent,absent,absent,0,0,0,0,0,partial_success,False,True
IS 7537:1974,IS 7537:1974,True,True,unknown,7537_1974,,absent,absent,absent,absent,0,0,0,0,0,partial_success,False,True
IS 2997:1964,IS 2997:1964,True,True,unknown,2997_1964,,absent,absent,absent,absent,0,0,0,0,0,partial_success,False,True
IS 2053:1974,IS 2053:1974,True,True,match_version_verified,2053,https://standardsbis.bsbedge.com/BIS_Preview.aspx?id=2053,present,absent,absent,present,5,5,0,0,0,success,True,False
IS 7093:1973,IS 7093:1973,True,True,match_version_verified,7093,https://standardsbis.bsbedge.com/BIS_Preview.aspx?id=7093,absent,absent,absent,absent,0,0,0,0,0,partial_success,True,True
IS 7137:1973,IS 7137:1973,True,True,match_version_verified,7137,https://standardsbis.bsbedge.com/BIS_Preview.aspx?id=7137,present,absent,absent,present,4,4,0,0,0,success,True,False
IS 6949:1973,IS 6949:1973,True,True,match_version_verified,6949,https://standardsbis.bsbedge.com/BIS_Preview.aspx?id=6949,present,absent,absent,absent,0,0,0,0,0,success,True,False
IS 6804:1972,IS 6804:1972,True,True,match_version_verified,6804,https://standardsbis.bsbedge.com/BIS_Preview.aspx?id=6804,present,absent,absent,present,3,3,0,0,0,success,True,False
IS 2260:1973,IS 2260:1973,True,True,match_version_verified,2260,https://standardsbis.bsbedge.com/BIS_Preview.aspx?id=2260,present,absent,absent,present,2,2,0,0,0,success,True,False
IS 6665:1972,IS 6665:1972,True,True,unknown,6665_1972,,absent,absent,absent,absent,0,0,0,0,0,partial_success,False,True
IS 4804 (Part 4):1973,IS 4804 (Part 4):1973,True,True,unknown,4804_4_1973,,absent,absent,absent,absent,0,0,0,0,0,partial_success,False,True
IS 3842 (Part 7):1972,IS 3842 (Part 7):1972,True,True,unknown,3842_7_1972,,absent,absent,absent,absent,0,0,0,0,0,partial_success,False,True
IS 3842 (Part 6):1972,IS 3842 (Part 6):1972,True,True,unknown,3842_6_1972,,absent,absent,absent,absent,0,0,0,0,0,partial_success,False,True
IS 731:1971,IS 731:1971,True,True,unknown,731_1971,,absent,absent,absent,absent,0,0,0,0,0,partial_success,False,True
IS 6230:1970,IS 6230:1970,True,True,match_version_verified,6230,https://standardsbis.bsbedge.com/BIS_Preview.aspx?id=6230,present,absent,absent,absent,0,0,0,0,0,success,True,False
IS 1885 (Part 29):1971,IS 1885 (Part 29):1971,True,True,match_version_verified,1885_29,https://standardsbis.bsbedge.com/BIS_Preview.aspx?id=1885_29,present,absent,absent,absent,0,0,0,0,0,success,True,False
IS 5711:1970,IS 5711:1970,True,True,match_version_verified,5711,https://standardsbis.bsbedge.com/BIS_Preview.aspx?id=5711,present,absent,present,present,4,4,0,0,0,success,True,False
IS 1944 (Part 1 and 2):1970,IS 1944 (Part 1 and 2):1970,True,False,unknown,,,not_verified,not_verified,not_verified,absent,0,0,0,0,0,failed,False,True
IS 5596:1970,IS 5596:1970,True,True,unknown,5596_1970,,absent,absent,absent,absent,0,0,0,0,0,partial_success,False,True
IS 5300:1969,IS 5300:1969,True,True,match_version_verified,5300,https://standardsbis.bsbedge.com/BIS_Preview.aspx?id=5300,present,absent,absent,present,2,2,0,0,0,success,True,False
IS 4804 (Part 3):1969,IS 4804 (Part 3):1969,True,True,unknown,4804_3_1969,,absent,absent,absent,absent,0,0,0,0,0,partial_success,False,True
IS 3842 (Part 5):1968,IS 3842 (Part 5):1968,True,True,unknown,3842_5_1968,,absent,absent,absent,absent,0,0,0,0,0,partial_success,False,True
IS 5161:1969,IS 5161:1969,True,True,match_version_verified,5161,https://standardsbis.bsbedge.com/BIS_Preview.aspx?id=5161,present,absent,absent,absent,0,0,0,0,0,success,True,False
IS 5142:1969,IS 5142:1969,True,True,unknown,5142_1969,,absent,absent,absent,absent,0,0,0,0,0,partial_success,False,True
IS 5159:1969,IS 5159:1969,True,True,unknown,5159_1969,,absent,absent,absent,absent,0,0,0,0,0,partial_success,False,True
IS 3961 (Part 5):1968,IS 3961 (Part 5):1968,True,True,unknown,3961_5_1968,,absent,absent,absent,absent,0,0,0,0,0,partial_success,False,True
IS 4804 (Part 1):1968,IS 4804 (Part 1):1968,True,True,unknown,4804_1_1968,,absent,absent,absent,absent,0,0,0,0,0,partial_success,False,True
IS 4804 (Part 2):1968,IS 4804 (Part 2):1968,True,True,unknown,4804_2_1968,,absent,absent,absent,absent,0,0,0,0,0,partial_success,False,True
IS 3961 (Part 3):1968,IS 3961 (Part 3):1968,True,True,unknown,3961_3_1968,,absent,absent,absent,absent,0,0,0,0,0,partial_success,False,True
IS 4648:1968,IS 4648:1968,True,True,match_version_verified,4648,https://standardsbis.bsbedge.com/BIS_Preview.aspx?id=4648,present,absent,absent,present,4,4,0,0,0,success,True,False
IS 4649:1968,IS 4649:1968,True,True,match_version_verified,4649,https://standardsbis.bsbedge.com/BIS_Preview.aspx?id=4649,present,absent,absent,present,6,6,0,0,0,success,True,False
IS 4327:1967,IS 4327:1967,True,True,match_version_verified,4327,https://standardsbis.bsbedge.com/BIS_Preview.aspx?id=4327,present,absent,absent,present,12,12,0,0,0,success,True,False
IS 4486:1967,IS 4486:1967,True,True,match_version_verified,4486,https://standardsbis.bsbedge.com/BIS_Preview.aspx?id=4486,present,absent,absent,present,2,2,0,0,0,success,True,False
IS 4483 (Part 1):1968,IS 4483 (Part 1):1968,True,True,match_version_verified,4483_1,https://standardsbis.bsbedge.com/BIS_Preview.aspx?id=4483_1,present,absent,absent,absent,0,0,0,0,0,success,True,False
IS 1169:1967,IS 1169:1967,True,True,match_version_verified,1169,https://standardsbis.bsbedge.com/BIS_Preview.aspx?id=1169,present,absent,absent,present,13,13,0,0,0,success,True,False
IS 4347:1967,IS 4347:1967,True,True,unknown,4347_1967,,absent,absent,absent,absent,0,0,0,0,0,partial_success,False,True
IS 2312:1967,IS 2312:1967,True,True,unknown,2312_1967,,absent,absent,absent,absent,0,0,0,0,0,partial_success,False,True
IS 3842 (Part 1):1967,IS 3842 (Part 1):1967,True,True,unknown,3842_1_1967,,absent,absent,absent,absent,0,0,0,0,0,partial_success,False,True
IS 4248:1967,IS 4248:1967,True,True,match_version_verified,4248,https://standardsbis.bsbedge.com/BIS_Preview.aspx?id=4248,present,absent,absent,present,5,5,0,0,0,success,True,False
IS 3842 (Part 2):1966,IS 3842 (Part 2):1966,True,True,unknown,3842_2_1966,,absent,absent,absent,absent,0,0,0,0,0,partial_success,False,True
IS 3842 (Part 4):1966,IS 3842 (Part 4):1966,True,True,unknown,3842_4_1966,,absent,absent,absent,absent,0,0,0,0,0,partial_success,False,True
IS 3842 (Part 3):1966,IS 3842 (Part 3):1966,True,True,unknown,3842_3_1966,,absent,absent,absent,absent,0,0,0,0,0,partial_success,False,True
IS 3639:1966,IS 3639:1966,True,True,unknown,3639_1966,,absent,absent,absent,absent,0,0,0,0,0,partial_success,False,True
IS 3725:1966,IS 3725:1966,True,True,match_version_verified,3725,https://standardsbis.bsbedge.com/BIS_Preview.aspx?id=3725,present,absent,absent,absent,0,0,0,0,0,success,True,False
IS 2672:1966,IS 2672:1966,True,True,unknown,2672_1966,,absent,absent,absent,absent,0,0,0,0,0,partial_success,False,True
IS 3637:1966,IS 3637:1966,True,True,match_version_verified,3637,https://standardsbis.bsbedge.com/BIS_Preview.aspx?id=3637,present,absent,absent,present,5,5,0,0,0,success,True,False
IS 3638:1966,IS 3638:1966,True,True,match_version_verified,3638,https://standardsbis.bsbedge.com/BIS_Preview.aspx?id=3638,present,absent,absent,present,2,2,0,0,0,success,True,False
IS 3602:1966,IS 3602:1966,True,True,match_version_verified,3602,https://standardsbis.bsbedge.com/BIS_Preview.aspx?id=3602,present,absent,absent,absent,0,0,0,0,0,success,True,False
IS 3636:1966,IS 3636:1966,True,True,unknown,3636_1966,,absent,absent,absent,absent,0,0,0,0,0,partial_success,False,True
IS 3599:1966,IS 3599:1966,True,True,match_version_verified,3599,https://standardsbis.bsbedge.com/BIS_Preview.aspx?id=3599,present,absent,absent,present,2,2,0,0,0,success,True,False
IS 3635:1966,IS 3635:1966,True,True,unknown,3635_1966,,absent,absent,absent,absent,0,0,0,0,0,partial_success,False,True
IS 3481:1966,IS 3481:1966,True,True,match_version_verified,3481,https://standardsbis.bsbedge.com/BIS_Preview.aspx?id=3481,present,absent,absent,present,4,4,0,0,0,success,True,False
IS 3402:1965,IS 3402:1965,True,True,match_version_verified,3402,https://standardsbis.bsbedge.com/BIS_Preview.aspx?id=3402,present,absent,absent,present,3,3,0,0,0,success,True,False
IS 2584:1963,IS 2584:1963,True,True,unknown,2584_1963,,absent,absent,absent,absent,0,0,0,0,0,partial_success,False,True
IS 2464:1963,IS 2464:1963,True,True,match_version_verified,2464,https://standardsbis.bsbedge.com/BIS_Preview.aspx?id=2464,present,absent,absent,absent,0,0,0,0,0,success,True,False
IS 2448 (Part 1):1963,IS 2448 (Part 1):1963,True,True,unknown,2448_1_1963,,absent,absent,absent,absent,0,0,0,0,0,partial_success,False,True
IS 2259:1963,IS 2259:1963,True,True,unknown,2259_1963,,absent,absent,absent,absent,0,0,0,0,0,partial_success,False,True
IS 2262:1963,IS 2262:1963,True,True,unknown,2262_1963,,absent,absent,absent,absent,0,0,0,0,0,partial_success,False,True
IS 1885 (Part 1):1961,IS 1885 (Part 1):1961,True,True,match_version_verified,1885_1,https://standardsbis.bsbedge.com/BIS_Preview.aspx?id=1885_1,present,absent,absent,absent,0,0,0,0,0,success,True,False
IS 13730 (Part 29):1996,IS 13730 (Part 29):1996,True,True,match_version_verified,13730_29,https://standardsbis.bsbedge.com/BIS_Preview.aspx?id=13730_29,fallback,present,absent,present,1,1,0,0,0,success,True,False
IS 10118 (Part 1):2018,IS 10118 (Part 1):2018,True,True,match_version_verified,10118_1,https://standardsbis.bsbedge.com/BIS_Preview.aspx?id=10118_1,present,absent,absent,absent,0,0,0,0,0,success,True,False
IS 11654 (Part 3/Sec 403):1989,IS 11654 (Part 3/Sec 403):1989,True,True,unknown,11654_3_403_1989,,absent,absent,absent,absent,0,0,0,0,0,partial_success,False,True
IS 2026 (Part 4):1977,IS 2026 (Part 4):1977,True,True,unknown,2026_4_1977,,absent,absent,absent,absent,0,0,0,0,0,partial_success,False,True
IS 4249:1967,IS 4249:1967,True,True,match_version_verified,4249,https://standardsbis.bsbedge.com/BIS_Preview.aspx?id=4249,present,absent,absent,absent,0,0,0,0,0,success,True,False
IS 5579:1985,IS 5579:1985,True,True,match_version_verified,5579,https://standardsbis.bsbedge.com/BIS_Preview.aspx?id=5579,present,absent,absent,absent,0,0,0,0,0,success,True,False
IS 7538:1996,IS 7538:1996,True,True,match_version_verified,7538,https://standardsbis.bsbedge.com/BIS_Preview.aspx?id=7538,present,absent,absent,present,19,19,0,0,0,success,True,False
IS 7572:1974,IS 7572:1974,True,True,match_version_verified,7572,https://standardsbis.bsbedge.com/BIS_Preview.aspx?id=7572,present,absent,absent,present,4,4,0,0,0,success,True,False
IS 9455:1980,IS 9455:1980,True,True,match_version_verified,9455,https://standardsbis.bsbedge.com/BIS_Preview.aspx?id=9455,present,absent,absent,present,4,4,0,0,0,success,True,False
IS 9537 (Part 2):1981,IS 9537 (Part 2):1981,True,True,match_version_verified,9537_2,https://standardsbis.bsbedge.com/BIS_Preview.aspx?id=9537_2,present,absent,absent,absent,0,0,0,0,0,success,True,False
SP 31:1986,SP 31:1986,True,True,unknown,31_1986,,absent,absent,absent,absent,0,0,0,0,0,partial_success,False,True
IS 4257 (Part 1):1981,IS 4257 (Part 1):1981,True,True,match_version_verified,4257_1,https://standardsbis.bsbedge.com/BIS_Preview.aspx?id=4257_1,present,absent,absent,absent,0,0,0,0,0,success,True,False
IS 6659:1976,IS 6659:1976,True,True,unknown,6659_1976,,absent,absent,absent,absent,0,0,0,0,0,partial_success,False,True
IS/IEC 61439 (Part 0):2014,IS/IEC 61439 (Part 0):2014,True,True,unknown,iec61439_0_2014,,absent,absent,absent,absent,0,0,0,0,0,partial_success,False,True
IS 3961:2016,IS 3961:2016,True,True,unknown,3961_2016,,absent,absent,absent,absent,0,0,0,0,0,partial_success,False,True
IS/IEC 60071 (Part 4):2004,IS/IEC 60071 (Part 4):2004,True,True,unknown,iec60071_4_2004,,absent,absent,absent,absent,0,0,0,0,0,partial_success,False,True
IS 13730 (Part 47):2017,IS 13730 (Part 47):2017,True,True,unknown,13730_47_2017,,absent,absent,absent,absent,0,0,0,0,0,partial_success,False,True
IS 16205 (Part 1):2017,IS 16205 (Part 1):2017,True,True,match_version_verified,16205_1,https://standardsbis.bsbedge.com/BIS_Preview.aspx?id=16205_1,present,absent,present,present,2,2,0,0,0,success,True,False
IS 16310:2017,IS 16310:2017,True,True,match_version_verified,16310,https://standardsbis.bsbedge.com/BIS_Preview.aspx?id=16310,absent,present,absent,absent,0,0,0,0,0,partial_success,True,False
IS 2026 (Part 19):2018,IS 2026 (Part 19):2018,True,True,match_version_verified,2026_19,https://standardsbis.bsbedge.com/BIS_Preview.aspx?id=2026_19,absent,present,absent,absent,0,0,0,0,0,partial_success,True,False
IS 8468 (Part 1):2018,IS 8468 (Part 1):2018,True,True,match_version_verified,8468_1,https://standardsbis.bsbedge.com/BIS_Preview.aspx?id=8468_1,absent,present,absent,absent,0,0,0,0,0,partial_success,True,False
IS 16825:2018,IS 16825:2018,True,True,match_version_verified,16825,https://standardsbis.bsbedge.com/BIS_Preview.aspx?id=16825,absent,present,absent,absent,0,0,0,0,0,partial_success,True,False
IS 16284:2018,IS 16284:2018,True,True,unknown,16284_2018,,absent,absent,absent,absent,0,0,0,0,0,partial_success,False,True
IS 16785:2018,IS 16785:2018,True,True,match_version_verified,16785,https://standardsbis.bsbedge.com/BIS_Preview.aspx?id=16785,absent,present,absent,absent,0,0,0,0,0,partial_success,True,False
