standard_designation,original_standard_number,excel_present,preview_found,preview_identity,preview_id,verified_source_url,scope,national_foreword,notes,references,total_refs,is_refs,intl_refs,sp_refs,dual_numbered_refs,primary_status,evidence_verified,manual_review_required
IS 19609:2026,IS 19609:2026,True,True,match_version_verified,19609_2026,https://standardsbis.bsbedge.com/BIS_Preview.aspx?id=19609_2026,present,absent,present,present,38,31,7,0,7,success,True,False
IS 15284 (Part 1):2026,IS 15284 (Part 1):2026,True,True,match_version_verified,15284_1_2026,https://standardsbis.bsbedge.com/BIS_Preview.aspx?id=15284_1_2026,present,absent,absent,present,5,5,0,0,0,success,True,False
IS 15284 (Part 2):2026,IS 15284 (Part 2):2026,True,True,match_version_verified,15284_2_2026,https://standardsbis.bsbedge.com/BIS_Preview.aspx?id=15284_2_2026,present,absent,absent,present,2,2,0,0,0,success,True,False
IS 6452:2026,IS 6452:2026,True,True,match_version_verified,6452_2026,https://standardsbis.bsbedge.com/BIS_Preview.aspx?id=6452_2026,present,absent,absent,present,21,20,1,0,1,success,True,False
IS 11233:2026,IS 11233:2026,True,True,match_version_verified,11233_2026,https://standardsbis.bsbedge.com/BIS_Preview.aspx?id=11233_2026,present,absent,present,present,42,42,0,0,0,success,True,False
IS 432 (Part 1):2026,IS 432 (Part 1):2026,True,True,match_version_verified,432_1_2026,https://standardsbis.bsbedge.com/BIS_Preview.aspx?id=432_1_2026,present,absent,absent,present,8,6,2,0,2,success,True,False
SP 7:2026,SP 7:2026,True,True,unknown,7_2026,,absent,absent,absent,absent,0,0,0,0,0,partial_success,False,True
IS 11682:2025,IS 11682:2025,True,True,match_version_uncertain,11682_2026,,present,absent,present,absent,0,0,0,0,0,partial_success,False,True
IS 1200 (Part 12):2026,IS 1200 (Part 12):2026,True,True,match_version_verified,1200_12_2026,https://standardsbis.bsbedge.com/BIS_Preview.aspx?id=1200_12_2026,present,absent,absent,present,3,3,0,0,0,success,True,False
IS 19452:2026,IS 19452:2026,True,True,match_version_verified,19452_2026,https://standardsbis.bsbedge.com/BIS_Preview.aspx?id=19452_2026,present,absent,absent,present,6,6,0,0,0,success,True,False
IS 2974 (Part 1):2026,IS 2974 (Part 1):2026,True,True,match_version_verified,2974_1_2026,https://standardsbis.bsbedge.com/BIS_Preview.aspx?id=2974_1_2026,present,absent,absent,present,43,43,0,0,0,success,True,False
IS 2974 (Part 2):2026,IS 2974 (Part 2):2026,True,True,match_version_verified,2974_2_2026,https://standardsbis.bsbedge.com/BIS_Preview.aspx?id=2974_2_2026,present,absent,present,present,14,14,0,0,0,success,True,False
IS 2974 (Part 3):2026,IS 2974 (Part 3):2026,True,True,match_version_verified,2974_3_2026,https://standardsbis.bsbedge.com/BIS_Preview.aspx?id=2974_3_2026,present,absent,absent,present,6,6,0,0,0,success,True,False
IS 2974 (Part 4):2026,IS 2974 (Part 4):2026,True,True,match_version_verified,2974_4_2026,https://standardsbis.bsbedge.com/BIS_Preview.aspx?id=2974_4_2026,present,absent,absent,present,15,15,0,0,0,success,True,False
IS 6909:2026,IS 6909:2026,True,True,match_version_verified,6909_2026,https://standardsbis.bsbedge.com/BIS_Preview.aspx?id=6909_2026,present,absent,absent,present,19,19,0,0,0,success,True,False
IS 8041:2026,IS 8041:2026,True,True,match_version_verified,8041_2026,https://standardsbis.bsbedge.com/BIS_Preview.aspx?id=8041_2026,present,absent,present,present,16,16,0,0,0,success,True,False
IS 8043:2026,IS 8043:2026,True,True,match_version_verified,8043_2026,https://standardsbis.bsbedge.com/BIS_Preview.aspx?id=8043_2026,present,absent,absent,present,12,12,0,0,0,success,True,False
IS 19752 (Part 1):2026,IS 19752 (Part 1):2026,True,True,match_version_verified,19752_1_2026,https://standardsbis.bsbedge.com/BIS_Preview.aspx?id=19752_1_2026,present,absent,absent,present,26,26,0,0,0,success,True,False
IS 19752 (Part 2):2026,IS 19752 (Part 2):2026,True,True,match_version_verified,19752_2_2026,https://standardsbis.bsbedge.com/BIS_Preview.aspx?id=19752_2_2026,present,absent,absent,present,2,2,0,0,0,success,True,False
IS 3466:2026,IS 3466:2026,True,True,match_version_verified,3466_2026,https://standardsbis.bsbedge.com/BIS_Preview.aspx?id=3466_2026,present,absent,absent,present,9,9,0,0,0,success,True,False
IS 4305:2026,IS 4305:2026,True,True,match_version_verified,4305_2026,https://standardsbis.bsbedge.com/BIS_Preview.aspx?id=4305_2026,present,absent,absent,present,8,8,0,0,0,success,True,False
IS 4845:2026,IS 4845:2026,True,True,match_version_verified,4845_2026,https://standardsbis.bsbedge.com/BIS_Preview.aspx?id=4845_2026,present,absent,absent,present,14,14,0,0,0,success,True,False
IS 10080:2026,IS 10080:2026,True,True,match_version_verified,10080_2026,https://standardsbis.bsbedge.com/BIS_Preview.aspx?id=10080_2026,present,absent,absent,present,4,4,0,0,0,success,True,False
IS 875 (Part 1):2026,IS 875 (Part 1):2026,True,True,match_version_verified,875_1_2026,https://standardsbis.bsbedge.com/BIS_Preview.aspx?id=875_1_2026,present,absent,present,present,82,82,0,0,0,success,True,False
IS 2189:2026,IS 2189:2026,True,True,match_version_verified,2189_2026,https://standardsbis.bsbedge.com/BIS_Preview.aspx?id=2189_2026,present,absent,absent,present,28,25,0,3,0,success,True,False
IS 4456 (Part 1):2026,IS 4456 (Part 1):2026,True,True,match_version_verified,4456_1_2026,https://standardsbis.bsbedge.com/BIS_Preview.aspx?id=4456_1_2026,present,absent,absent,present,1,1,0,0,0,success,True,False
IS 4456 (Part 2):2026,IS 4456 (Part 2):2026,True,True,match_version_verified,4456_2_2026,https://standardsbis.bsbedge.com/BIS_Preview.aspx?id=4456_2_2026,present,absent,absent,present,1,1,0,0,0,success,True,False
IS 1200 (Part 1):2026,IS 1200 (Part 1):2026,True,True,match_version_verified,1200_1_2026,https://standardsbis.bsbedge.com/BIS_Preview.aspx?id=1200_1_2026,present,absent,absent,absent,0,0,0,0,0,success,True,False
IS 1200 (Part 9):2026,IS 1200 (Part 9):2026,True,True,match_version_verified,1200_9_2026,https://standardsbis.bsbedge.com/BIS_Preview.aspx?id=1200_9_2026,present,absent,absent,absent,0,0,0,0,0,success,True,False
IS 1200 (Part 3):2026,IS 1200 (Part 3):2026,True,True,match_version_verified,1200_3_2026,https://standardsbis.bsbedge.com/BIS_Preview.aspx?id=1200_3_2026,present,absent,present,present,5,5,0,0,0,success,True,False
IS 1200 (Part 4):2026,IS 1200 (Part 4):2026,True,True,match_version_verified,1200_4_2026,https://standardsbis.bsbedge.com/BIS_Preview.aspx?id=1200_4_2026,present,absent,absent,absent,0,0,0,0,0,success,True,False
IS 13063:2026,IS 13063:2026,True,True,match_version_verified,13063_2026,https://standardsbis.bsbedge.com/BIS_Preview.aspx?id=13063_2026,present,absent,absent,present,16,16,0,0,0,success,True,False
IS 12608:2026,IS 12608:2026,True,True,match_version_verified,12608_2026,https://standardsbis.bsbedge.com/BIS_Preview.aspx?id=12608_2026,present,absent,absent,present,1,1,0,0,0,success,True,False
IS 5421:2026,IS 5421:2026,True,True,match_version_verified,5421_2026,https://standardsbis.bsbedge.com/BIS_Preview.aspx?id=5421_2026,present,absent,absent,present,4,4,0,0,0,success,True,False
IS 4090:2026,IS 4090:2026,True,True,match_version_verified,4090_2026,https://standardsbis.bsbedge.com/BIS_Preview.aspx?id=4090_2026,present,absent,absent,present,5,5,0,0,0,success,True,False
IS 1946 (Part 4):2026,IS 1946 (Part 4):2026,True,True,match_version_verified,1946_4_2026,https://standardsbis.bsbedge.com/BIS_Preview.aspx?id=1946_4_2026,present,absent,present,present,14,13,1,0,1,success,True,False
IS 14223 (Part 2):2025,IS 14223 (Part 2):2025,True,True,match_version_verified,14223_2_2025,https://standardsbis.bsbedge.com/BIS_Preview.aspx?id=14223_2_2025,present,absent,absent,present,11,10,1,0,1,success,True,False
IS 3564:2025,IS 3564:2025,True,True,match_version_verified,3564_2025,https://standardsbis.bsbedge.com/BIS_Preview.aspx?id=3564_2025,present,absent,absent,present,5,3,2,0,2,success,True,False
IS 6315:2025,IS 6315:2025,True,True,match_version_verified,6315_2025,https://standardsbis.bsbedge.com/BIS_Preview.aspx?id=6315_2025,present,absent,absent,present,5,3,2,0,2,success,True,False
IS 19267:2025,IS 19267:2025,True,True,match_version_verified,19267_2025,https://standardsbis.bsbedge.com/BIS_Preview.aspx?id=19267_2025,present,absent,absent,present,13,13,0,0,0,success,True,False
IS 1077:2025,IS 1077:2025,True,True,match_version_verified,1077_2025,https://standardsbis.bsbedge.com/BIS_Preview.aspx?id=1077_2025,present,absent,present,present,5,5,0,0,0,success,True,False
IS 3097:2025,IS 3097:2025,True,True,match_version_verified,3097_2025,https://standardsbis.bsbedge.com/BIS_Preview.aspx?id=3097_2025,present,absent,absent,present,20,18,2,0,2,success,True,False
IS 12406:2025,IS 12406:2025,True,True,match_version_verified,12406_2025,https://standardsbis.bsbedge.com/BIS_Preview.aspx?id=12406_2025,present,absent,absent,present,16,15,1,0,1,success,True,False
IS 12823:2025,IS 12823:2025,True,True,match_version_verified,12823_2025,https://standardsbis.bsbedge.com/BIS_Preview.aspx?id=12823_2025,present,absent,present,absent,0,0,0,0,0,success,True,False
IS 14587:2025,IS 14587:2025,True,True,match_version_verified,14587_2025,https://standardsbis.bsbedge.com/BIS_Preview.aspx?id=14587_2025,present,absent,present,absent,0,0,0,0,0,success,True,False
IS 3087:2025,IS 3087:2025,True,True,match_version_verified,3087_2025,https://standardsbis.bsbedge.com/BIS_Preview.aspx?id=3087_2025,present,absent,absent,present,14,13,1,0,1,success,True,False
IS 14458 (Part 9):2025,IS 14458 (Part 9):2025,True,True,match_version_verified,14458_9_2025,https://standardsbis.bsbedge.com/BIS_Preview.aspx?id=14458_9_2025,present,absent,absent,absent,0,0,0,0,0,success,True,False
IS 19339:2025,IS 19339:2025,True,True,match_version_verified,19339_2025,https://standardsbis.bsbedge.com/BIS_Preview.aspx?id=19339_2025,present,absent,absent,absent,0,0,0,0,0,success,True,False
IS 4919:2025,IS 4919:2025,True,True,match_version_verified,4919_2025,https://standardsbis.bsbedge.com/BIS_Preview.aspx?id=4919_2025,present,absent,absent,absent,0,0,0,0,0,success,True,False
IS 4993:2025,IS 4993:2025,True,True,match_version_verified,4993_2025,https://standardsbis.bsbedge.com/BIS_Preview.aspx?id=4993_2025,present,absent,absent,absent,0,0,0,0,0,success,True,False
IS 19315:2025,IS 19315:2025,True,True,match_version_verified,19315_2025,https://standardsbis.bsbedge.com/BIS_Preview.aspx?id=19315_2025,present,absent,absent,present,16,14,2,0,2,success,True,False
IS 6408 (Part 1):2025,IS 6408 (Part 1):2025,True,True,match_version_verified,6408_1_2025,https://standardsbis.bsbedge.com/BIS_Preview.aspx?id=6408_1_2025,present,absent,absent,absent,0,0,0,0,0,success,True,False
IS 1328:2025,IS 1328:2025,True,True,match_version_verified,1328_2025,https://standardsbis.bsbedge.com/BIS_Preview.aspx?id=1328_2025,present,absent,present,absent,0,0,0,0,0,success,True,False
IS 848:2025,IS 848:2025,True,True,match_version_verified,848_2025,https://standardsbis.bsbedge.com/BIS_Preview.aspx?id=848_2025,present,absent,absent,present,5,5,0,0,0,success,True,False
IS 1200 (Part 2):2025,IS 1200 (Part 2):2025,True,True,match_version_verified,1200_2_2025,https://standardsbis.bsbedge.com/BIS_Preview.aspx?id=1200_2_2025,present,absent,present,present,3,3,0,0,0,success,True,False
IS 1200 (Part 25):2025,IS 1200 (Part 25):2025,True,True,match_version_verified,1200_25_2025,https://standardsbis.bsbedge.com/BIS_Preview.aspx?id=1200_25_2025,present,absent,absent,present,4,4,0,0,0,success,True,False
IS 12634:2025,IS 12634:2025,True,True,match_version_verified,12634_2025,https://standardsbis.bsbedge.com/BIS_Preview.aspx?id=12634_2025,present,absent,absent,absent,0,0,0,0,0,success,True,False
IS 13414:2025,IS 13414:2025,True,True,match_version_verified,13414_2025,https://standardsbis.bsbedge.com/BIS_Preview.aspx?id=13414_2025,present,absent,absent,present,1,1,0,0,0,success,True,False
IS 19068:2025,IS 19068:2025,True,True,match_version_verified,19068_2025,https://standardsbis.bsbedge.com/BIS_Preview.aspx?id=19068_2025,present,absent,absent,absent,0,0,0,0,0,success,True,False
IS 13030:2025,IS 13030:2025,True,True,match_version_verified,13030_2025,https://standardsbis.bsbedge.com/BIS_Preview.aspx?id=13030_2025,present,absent,absent,absent,0,0,0,0,0,success,True,False
IS 11196:2025,IS 11196:2025,True,True,match_version_verified,11196_2025,https://standardsbis.bsbedge.com/BIS_Preview.aspx?id=11196_2025,present,absent,absent,absent,0,0,0,0,0,success,True,False
IS 1200 (Part 22):2025,IS 1200 (Part 22):2025,True,True,match_version_verified,1200_22_2025,https://standardsbis.bsbedge.com/BIS_Preview.aspx?id=1200_22_2025,present,absent,absent,absent,0,0,0,0,0,success,True,False
IS 14401:2025,IS 14401:2025,True,True,match_version_verified,14401_2025,https://standardsbis.bsbedge.com/BIS_Preview.aspx?id=14401_2025,present,absent,absent,present,4,4,0,0,0,success,True,False
IS 2131:2025,IS 2131:2025,True,True,match_version_verified,2131_2025,https://standardsbis.bsbedge.com/BIS_Preview.aspx?id=2131_2025,present,absent,absent,present,4,4,0,0,0,success,True,False
IS 2248:2025,IS 2248:2025,True,True,match_version_verified,2248_2025,https://standardsbis.bsbedge.com/BIS_Preview.aspx?id=2248_2025,present,absent,present,absent,0,0,0,0,0,success,True,False
IS 6932 (Part 1):2025,IS 6932 (Part 1):2025,True,True,match_version_verified,6932_1_2025,https://standardsbis.bsbedge.com/BIS_Preview.aspx?id=6932_1_2025,present,absent,absent,absent,0,0,0,0,0,success,True,False
IS 6932 (Part 2):2025,IS 6932 (Part 2):2025,True,True,match_version_verified,6932_2_2025,https://standardsbis.bsbedge.com/BIS_Preview.aspx?id=6932_2_2025,present,absent,absent,present,4,4,0,0,0,success,True,False
IS 6932 (Part 3):2025,IS 6932 (Part 3):2025,True,True,match_version_verified,6932_3_2025,https://standardsbis.bsbedge.com/BIS_Preview.aspx?id=6932_3_2025,present,absent,absent,present,3,3,0,0,0,success,True,False
IS 6932 (Part 4):2025,IS 6932 (Part 4):2025,True,True,match_version_verified,6932_4_2025,https://standardsbis.bsbedge.com/BIS_Preview.aspx?id=6932_4_2025,present,absent,absent,present,3,3,0,0,0,success,True,False
IS 6932 (Part 5):2025,IS 6932 (Part 5):2025,True,True,match_version_verified,6932_5_2025,https://standardsbis.bsbedge.com/BIS_Preview.aspx?id=6932_5_2025,present,absent,present,absent,0,0,0,0,0,success,True,False
IS 6932 (Part 6):2025,IS 6932 (Part 6):2025,True,True,match_version_verified,6932_6_2025,https://standardsbis.bsbedge.com/BIS_Preview.aspx?id=6932_6_2025,present,absent,absent,present,4,4,0,0,0,success,True,False
IS 6932 (Part 7):2025,IS 6932 (Part 7):2025,True,True,match_version_verified,6932_7_2025,https://standardsbis.bsbedge.com/BIS_Preview.aspx?id=6932_7_2025,present,absent,absent,present,7,7,0,0,0,success,True,False
IS 6932 (Part 8):2025,IS 6932 (Part 8):2025,True,True,match_version_verified,6932_8_2025,https://standardsbis.bsbedge.com/BIS_Preview.aspx?id=6932_8_2025,present,absent,absent,present,3,3,0,0,0,success,True,False
IS 6932 (Part 9):2025,IS 6932 (Part 9):2025,True,True,match_version_verified,6932_9_2025,https://standardsbis.bsbedge.com/BIS_Preview.aspx?id=6932_9_2025,present,absent,absent,present,5,5,0,0,0,success,True,False
IS 6932 (Part 10):2025,IS 6932 (Part 10):2025,True,True,match_version_verified,6932_10_2025,https://standardsbis.bsbedge.com/BIS_Preview.aspx?id=6932_10_2025,present,absent,absent,absent,0,0,0,0,0,success,True,False
IS 6932 (Part 11):2025,IS 6932 (Part 11):2025,True,True,match_version_verified,6932_11_2025,https://standardsbis.bsbedge.com/BIS_Preview.aspx?id=6932_11_2025,present,absent,absent,absent,0,0,0,0,0,success,True,False
IS 10077:2025,IS 10077:2025,True,True,match_version_verified,10077_2025,https://standardsbis.bsbedge.com/BIS_Preview.aspx?id=10077_2025,present,absent,absent,absent,0,0,0,0,0,success,True,False
IS 11209:2025,IS 11209:2025,True,True,match_version_verified,11209_2025,https://standardsbis.bsbedge.com/BIS_Preview.aspx?id=11209_2025,present,absent,absent,absent,0,0,0,0,0,success,True,False
IS 13468:2025,IS 13468:2025,True,True,match_version_verified,13468_2025,https://standardsbis.bsbedge.com/BIS_Preview.aspx?id=13468_2025,present,absent,absent,present,5,4,1,0,1,success,True,False
IS 1946 (Part 3):2025,IS 1946 (Part 3):2025,True,True,match_version_verified,1946_3_2025,https://standardsbis.bsbedge.com/BIS_Preview.aspx?id=1946_3_2025,present,absent,present,absent,0,0,0,0,0,success,True,False
IS 4967:2025,IS 4967:2025,True,True,match_version_verified,4967_2025,https://standardsbis.bsbedge.com/BIS_Preview.aspx?id=4967_2025,present,absent,absent,present,2,2,0,0,0,success,True,False
IS 12027 (Part 2):2025,IS 12027 (Part 2):2025,True,True,match_version_verified,12027_2_2025,https://standardsbis.bsbedge.com/BIS_Preview.aspx?id=12027_2_2025,present,absent,absent,present,5,4,1,0,1,success,True,False
IS 12054:2025,IS 12054:2025,True,True,match_version_verified,12054_2025,https://standardsbis.bsbedge.com/BIS_Preview.aspx?id=12054_2025,present,absent,absent,absent,0,0,0,0,0,success,True,False
IS 13365 (Part 1):2025,IS 13365 (Part 1):2025,True,True,match_version_verified,13365_1_2025,https://standardsbis.bsbedge.com/BIS_Preview.aspx?id=13365_1_2025,present,absent,absent,absent,0,0,0,0,0,success,True,False
IS 13365 (Part 3):2025,IS 13365 (Part 3):2025,True,True,match_version_verified,13365_3_2025,https://standardsbis.bsbedge.com/BIS_Preview.aspx?id=13365_3_2025,present,absent,absent,absent,0,0,0,0,0,success,True,False
IS 14458 (Part 8):2025,IS 14458 (Part 8):2025,True,True,match_version_verified,14458_8_2025,https://standardsbis.bsbedge.com/BIS_Preview.aspx?id=14458_8_2025,present,absent,absent,absent,0,0,0,0,0,success,True,False
IS 884:2025,IS 884:2025,True,True,match_version_verified,884_2025,https://standardsbis.bsbedge.com/BIS_Preview.aspx?id=884_2025,present,absent,absent,absent,0,0,0,0,0,success,True,False
IS 1200 (Part 5):2025,IS 1200 (Part 5):2025,True,True,match_version_verified,1200_5_2025,https://standardsbis.bsbedge.com/BIS_Preview.aspx?id=1200_5_2025,present,absent,absent,absent,0,0,0,0,0,success,True,False
IS 1946 (Part 2):2025,IS 1946 (Part 2):2025,True,True,match_version_verified,1946_2_2025,https://standardsbis.bsbedge.com/BIS_Preview.aspx?id=1946_2_2025,present,absent,present,absent,0,0,0,0,0,success,True,False
IS 4963:2025,IS 4963:2025,True,True,match_version_verified,4963_2025,https://standardsbis.bsbedge.com/BIS_Preview.aspx?id=4963_2025,present,absent,absent,absent,0,0,0,0,0,success,True,False
IS 9198:2025,IS 9198:2025,True,True,match_version_verified,9198_2025,https://standardsbis.bsbedge.com/BIS_Preview.aspx?id=9198_2025,present,absent,absent,present,7,5,2,0,2,success,True,False
IS 9259:2025,IS 9259:2025,True,True,match_version_verified,9259_2025,https://standardsbis.bsbedge.com/BIS_Preview.aspx?id=9259_2025,present,absent,absent,absent,0,0,0,0,0,success,True,False
IS 9640:2025,IS 9640:2025,True,True,match_version_verified,9640_2025,https://standardsbis.bsbedge.com/BIS_Preview.aspx?id=9640_2025,present,absent,absent,present,6,5,1,0,1,success,True,False
IS 9669:2025,IS 9669:2025,True,True,match_version_verified,9669_2025,https://standardsbis.bsbedge.com/BIS_Preview.aspx?id=9669_2025,present,absent,absent,absent,0,0,0,0,0,success,True,False
IS 11229:2025,IS 11229:2025,True,True,match_version_verified,11229_2025,https://standardsbis.bsbedge.com/BIS_Preview.aspx?id=11229_2025,present,absent,absent,present,5,4,1,0,1,success,True,False
IS 11593:2025,IS 11593:2025,True,True,match_version_verified,11593_2025,https://standardsbis.bsbedge.com/BIS_Preview.aspx?id=11593_2025,present,absent,absent,present,3,2,1,0,1,success,True,False
IS 11594:2025,IS 11594:2025,True,True,match_version_verified,11594_2025,https://standardsbis.bsbedge.com/BIS_Preview.aspx?id=11594_2025,present,absent,absent,present,6,6,0,0,0,success,True,False
IS 12175:2025,IS 12175:2025,True,True,match_version_verified,12175_2025,https://standardsbis.bsbedge.com/BIS_Preview.aspx?id=12175_2025,present,absent,absent,present,14,11,3,0,3,success,True,False
IS 12287:2025,IS 12287:2025,True,True,match_version_verified,12287_2025,https://standardsbis.bsbedge.com/BIS_Preview.aspx?id=12287_2025,present,absent,absent,present,4,3,1,0,1,success,True,False
IS 12979:2025,IS 12979:2025,True,True,match_version_verified,12979_2025,https://standardsbis.bsbedge.com/BIS_Preview.aspx?id=12979_2025,present,absent,absent,present,3,2,1,0,1,success,True,False
IS 18166:2025,IS 18166:2025,True,True,match_version_verified,18166_2025,https://standardsbis.bsbedge.com/BIS_Preview.aspx?id=18166_2025,present,absent,absent,present,19,17,2,0,2,success,True,False
IS 19117:2025,IS 19117:2025,True,True,match_version_verified,19117_2025,https://standardsbis.bsbedge.com/BIS_Preview.aspx?id=19117_2025,present,absent,absent,present,13,13,0,0,0,success,True,False
IS 19128:2025,IS 19128:2025,True,True,match_version_verified,19128_2025,https://standardsbis.bsbedge.com/BIS_Preview.aspx?id=19128_2025,present,absent,present,present,7,6,0,1,0,success,True,False
IS 903:2025,IS 903:2025,True,True,match_version_verified,903_2025,https://standardsbis.bsbedge.com/BIS_Preview.aspx?id=903_2025,present,absent,absent,absent,0,0,0,0,0,success,True,False
IS 905:2025,IS 905:2025,True,True,match_version_verified,905_2025,https://standardsbis.bsbedge.com/BIS_Preview.aspx?id=905_2025,present,absent,absent,absent,0,0,0,0,0,success,True,False
IS 1173:2025,IS 1173:2025,True,True,match_version_verified,1173_2025,https://standardsbis.bsbedge.com/BIS_Preview.aspx?id=1173_2025,present,absent,absent,present,3,3,0,0,0,success,True,False
IS 1252:2025,IS 1252:2025,True,True,match_version_verified,1252_2025,https://standardsbis.bsbedge.com/BIS_Preview.aspx?id=1252_2025,present,absent,absent,present,4,4,0,0,0,success,True,False
IS 3908:2025,IS 3908:2025,True,True,match_version_verified,3908_2025,https://standardsbis.bsbedge.com/BIS_Preview.aspx?id=3908_2025,present,absent,absent,present,2,2,0,0,0,success,True,False
IS 10074:2025,IS 10074:2025,True,True,match_version_verified,10074_2025,https://standardsbis.bsbedge.com/BIS_Preview.aspx?id=10074_2025,present,absent,absent,present,4,4,0,0,0,success,True,False
IS 10442:2025,IS 10442:2025,True,True,match_version_verified,10442_2025,https://standardsbis.bsbedge.com/BIS_Preview.aspx?id=10442_2025,present,absent,absent,present,4,4,0,0,0,success,True,False
IS 10837:2025,IS 10837:2025,True,True,match_version_verified,10837_2025,https://standardsbis.bsbedge.com/BIS_Preview.aspx?id=10837_2025,present,absent,absent,present,3,3,0,0,0,success,True,False
IS 5290:2025,IS 5290:2025,True,True,match_version_verified,5290_2025,https://standardsbis.bsbedge.com/BIS_Preview.aspx?id=5290_2025,present,absent,absent,absent,0,0,0,0,0,success,True,False
IS 4441:2025,IS 4441:2025,True,True,match_version_verified,4441_2025,https://standardsbis.bsbedge.com/BIS_Preview.aspx?id=4441_2025,present,absent,present,absent,0,0,0,0,0,success,True,False
IS 4442:2025,IS 4442:2025,True,True,match_version_verified,4442_2025,https://standardsbis.bsbedge.com/BIS_Preview.aspx?id=4442_2025,present,absent,present,present,5,5,0,0,0,success,True,False
IS 4443:2025,IS 4443:2025,True,True,match_version_verified,4443_2025,https://standardsbis.bsbedge.com/BIS_Preview.aspx?id=4443_2025,present,absent,present,present,6,6,0,0,0,success,True,False
IS 18808:2025,IS 18808:2025,True,True,match_version_verified,18808_2025,https://standardsbis.bsbedge.com/BIS_Preview.aspx?id=18808_2025,present,absent,absent,present,8,5,3,0,3,success,True,False
IS 18705:2024,IS 18705:2024,True,True,match_version_verified,18705_2024,https://standardsbis.bsbedge.com/BIS_Preview.aspx?id=18705_2024,present,absent,absent,present,2,2,0,0,0,success,True,False
IS 7692:2024,IS 7692:2024,True,True,match_version_verified,7692_2024,https://standardsbis.bsbedge.com/BIS_Preview.aspx?id=7692_2024,present,absent,absent,absent,0,0,0,0,0,success,True,False
IS 19058:2024,IS 19058:2024,True,True,match_version_verified,19058_2024,https://standardsbis.bsbedge.com/BIS_Preview.aspx?id=19058_2024,present,absent,absent,present,13,13,0,0,0,success,True,False
IS 1200 (Part 6):2024,IS 1200 (Part 6):2024,True,True,match_version_verified,1200_6_2024,https://standardsbis.bsbedge.com/BIS_Preview.aspx?id=1200_6_2024,present,absent,absent,present,3,3,0,0,0,success,True,False
IS 1200 (Part 11):2024,IS 1200 (Part 11):2024,True,True,match_version_verified,1200_11_2024,https://standardsbis.bsbedge.com/BIS_Preview.aspx?id=1200_11_2024,present,absent,absent,absent,0,0,0,0,0,success,True,False
IS 1200 (Part 13):2024,IS 1200 (Part 13):2024,True,True,match_version_verified,1200_13_2024,https://standardsbis.bsbedge.com/BIS_Preview.aspx?id=1200_13_2024,present,absent,absent,absent,0,0,0,0,0,success,True,False
IS 1200 (Part 27):2024,IS 1200 (Part 27):2024,True,True,match_version_verified,1200_27_2024,https://standardsbis.bsbedge.com/BIS_Preview.aspx?id=1200_27_2024,present,absent,absent,absent,0,0,0,0,0,success,True,False
IS 18773 (Part 2):2024,IS 18773 (Part 2):2024,True,True,match_version_verified,18773_2_2024,https://standardsbis.bsbedge.com/BIS_Preview.aspx?id=18773_2_2024,absent,present,absent,present,1,0,1,0,0,partial_success,True,False
IS 18773 (Part 1):2024,IS 18773 (Part 1):2024,True,True,match_version_verified,18773_1_2024,https://standardsbis.bsbedge.com/BIS_Preview.aspx?id=18773_1_2024,absent,present,absent,present,1,0,1,0,0,partial_success,True,False
IS 18685:2024,IS 18685:2024,True,True,match_version_verified,18685_2024,https://standardsbis.bsbedge.com/BIS_Preview.aspx?id=18685_2024,present,absent,present,absent,0,0,0,0,0,success,True,False
IS 8759:2024,IS 8759:2024,True,True,match_version_verified,8759_2024,https://standardsbis.bsbedge.com/BIS_Preview.aspx?id=8759_2024,present,absent,absent,absent,0,0,0,0,0,success,True,False
IS 4351:2024,IS 4351:2024,True,True,match_version_verified,4351_2024,https://standardsbis.bsbedge.com/BIS_Preview.aspx?id=4351_2024,present,absent,absent,absent,0,0,0,0,0,success,True,False
IS 2556 (Part 14):2024,IS 2556 (Part 14):2024,True,True,match_version_verified,2556_14_2024,https://standardsbis.bsbedge.com/BIS_Preview.aspx?id=2556_14_2024,present,absent,absent,present,4,4,0,0,0,success,True,False
IS 8442:2024,IS 8442:2024,True,True,match_version_verified,8442_2024,https://standardsbis.bsbedge.com/BIS_Preview.aspx?id=8442_2024,present,absent,absent,absent,0,0,0,0,0,success,True,False
IS 2190:2024,IS 2190:2024,True,True,match_version_verified,2190_2024,https://standardsbis.bsbedge.com/BIS_Preview.aspx?id=2190_2024,present,absent,absent,present,8,8,0,0,0,success,True,False
IS 2556 (Part 3):2024,IS 2556 (Part 3):2024,True,True,match_version_verified,2556_3_2024,https://standardsbis.bsbedge.com/BIS_Preview.aspx?id=2556_3_2024,present,absent,absent,present,5,5,0,0,0,success,True,False
IS 4991 (Part 1):2024,IS 4991 (Part 1):2024,True,True,match_version_verified,4991_1_2024,https://standardsbis.bsbedge.com/BIS_Preview.aspx?id=4991_1_2024,present,absent,absent,present,6,6,0,0,0,success,True,False
IS 6461 (Part 1):2024,IS 6461 (Part 1):2024,True,True,match_version_verified,6461_1_2024,https://standardsbis.bsbedge.com/BIS_Preview.aspx?id=6461_1_2024,present,absent,absent,present,2,2,0,0,0,success,True,False
IS 6461 (Part 2):2024,IS 6461 (Part 2):2024,True,True,match_version_verified,6461_2_2024,https://standardsbis.bsbedge.com/BIS_Preview.aspx?id=6461_2_2024,present,absent,absent,present,6,6,0,0,0,success,True,False
IS 6461 (Part 3):2024,IS 6461 (Part 3):2024,True,True,match_version_verified,6461_3_2024,https://standardsbis.bsbedge.com/BIS_Preview.aspx?id=6461_3_2024,present,absent,absent,present,4,4,0,0,0,success,True,False
IS 6461 (Part 4):2024,IS 6461 (Part 4):2024,True,True,match_version_verified,6461_4_2024,https://standardsbis.bsbedge.com/BIS_Preview.aspx?id=6461_4_2024,present,absent,absent,present,2,2,0,0,0,success,True,False
IS 6461 (Part 5):2024,IS 6461 (Part 5):2024,True,True,match_version_verified,6461_5_2024,https://standardsbis.bsbedge.com/BIS_Preview.aspx?id=6461_5_2024,present,absent,absent,present,2,2,0,0,0,success,True,False
IS 6461 (Part 6):2024,IS 6461 (Part 6):2024,True,True,match_version_verified,6461_6_2024,https://standardsbis.bsbedge.com/BIS_Preview.aspx?id=6461_6_2024,present,absent,absent,present,2,2,0,0,0,success,True,False
IS 6461 (Part 7):2024,IS 6461 (Part 7):2024,True,True,match_version_verified,6461_7_2024,https://standardsbis.bsbedge.com/BIS_Preview.aspx?id=6461_7_2024,present,absent,absent,present,3,3,0,0,0,success,True,False
IS 6461 (Part 8):2024,IS 6461 (Part 8):2024,True,True,match_version_verified,6461_8_2024,https://standardsbis.bsbedge.com/BIS_Preview.aspx?id=6461_8_2024,present,absent,absent,present,4,4,0,0,0,success,True,False
IS 6461 (Part 9):2024,IS 6461 (Part 9):2024,True,True,match_version_verified,6461_9_2024,https://standardsbis.bsbedge.com/BIS_Preview.aspx?id=6461_9_2024,present,absent,absent,present,3,3,0,0,0,success,True,False
IS 6461 (Part 10):2024,IS 6461 (Part 10):2024,True,True,match_version_verified,6461_10_2024,https://standardsbis.bsbedge.com/BIS_Preview.aspx?id=6461_10_2024,present,absent,absent,present,3,3,0,0,0,success,True,False
IS 6461 (Part 11):2024,IS 6461 (Part 11):2024,True,True,match_version_verified,6461_11_2024,https://standardsbis.bsbedge.com/BIS_Preview.aspx?id=6461_11_2024,present,absent,absent,present,2,2,0,0,0,success,True,False
IS 6461 (Part 12):2024,IS 6461 (Part 12):2024,True,True,match_version_verified,6461_12_2024,https://standardsbis.bsbedge.com/BIS_Preview.aspx?id=6461_12_2024,present,absent,absent,present,2,2,0,0,0,success,True,False
IS 3594:2024,IS 3594:2024,True,True,match_version_verified,3594_2024,https://standardsbis.bsbedge.com/BIS_Preview.aspx?id=3594_2024,present,absent,present,absent,0,0,0,0,0,success,True,False
IS 9736:2024,IS 9736:2024,True,True,match_version_verified,9736_2024,https://standardsbis.bsbedge.com/BIS_Preview.aspx?id=9736_2024,present,absent,absent,absent,0,0,0,0,0,success,True,False
IS 2097:2024,IS 2097:2024,True,True,match_version_verified,2097_2024,https://standardsbis.bsbedge.com/BIS_Preview.aspx?id=2097_2024,present,absent,absent,absent,0,0,0,0,0,success,True,False
IS 18666:2024,IS 18666:2024,True,True,match_version_verified,18666_2024,https://standardsbis.bsbedge.com/BIS_Preview.aspx?id=18666_2024,present,absent,absent,absent,0,0,0,0,0,success,True,False
IS 18797:2024,IS 18797:2024,True,True,match_version_verified,18797_2024,https://standardsbis.bsbedge.com/BIS_Preview.aspx?id=18797_2024,present,absent,absent,present,14,9,4,1,4,success,True,False
IS 18889:2024,Is 18889:2024,True,True,match_version_verified,18889_2024,https://standardsbis.bsbedge.com/BIS_Preview.aspx?id=18889_2024,present,absent,absent,absent,0,0,0,0,0,success,True,False
IS 18894:2024,Is 18894:2024,True,True,match_version_verified,18894_2024,https://standardsbis.bsbedge.com/BIS_Preview.aspx?id=18894_2024,present,absent,absent,absent,0,0,0,0,0,success,True,False
IS 18661:2024,IS 18661:2024,True,True,match_version_verified,18661_2024,https://standardsbis.bsbedge.com/BIS_Preview.aspx?id=18661_2024,present,absent,absent,absent,0,0,0,0,0,success,True,False
IS 18736:2024,IS 18736:2024,True,True,unknown,18736,,absent,absent,absent,absent,0,0,0,0,0,partial_success,False,True
IS/ISO 7240 (Part 7):2023,IS/ISO 7240 (Part 7):2023,True,True,unknown,iso7240_7_2023,,absent,absent,absent,absent,0,0,0,0,0,partial_success,False,True
IS/ISO 7240 (Part 2):2017,IS/ISO 7240 (Part 2):2017,True,True,unknown,iso7240_2_2017,,absent,absent,absent,absent,0,0,0,0,0,partial_success,False,True
IS 16074:2024,IS 16074:2024,True,True,match_version_verified,16074_2024,https://standardsbis.bsbedge.com/BIS_Preview.aspx?id=16074_2024,present,absent,absent,absent,0,0,0,0,0,success,True,False
IS/ISO 7240 (Part 3):2020,IS/ISO 7240 (Part 3):2020,True,True,unknown,iso7240_3_2020,,absent,absent,absent,absent,0,0,0,0,0,partial_success,False,True
IS/ISO 7240 (Part 4):2017,IS/ISO 7240 (Part 4):2017,True,True,unknown,iso7240_4_2017,,absent,absent,absent,absent,0,0,0,0,0,partial_success,False,True
IS/ISO 7240 (Part 5):2018,IS/ISO 7240 (Part 5):2018,True,True,unknown,iso7240_5_2018,,absent,absent,absent,absent,0,0,0,0,0,partial_success,False,True
IS/ISO 7240 (Part 12):2022,IS/ISO 7240 (Part 12):2022,True,True,unknown,iso7240_12_2022,,absent,absent,absent,absent,0,0,0,0,0,partial_success,False,True
IS/ISO 7240 (Part 17):2020,IS/ISO 7240 (Part 17):2020,True,True,unknown,iso7240_17_2020,,absent,absent,absent,absent,0,0,0,0,0,partial_success,False,True
IS 18758:2024,IS 18758:2024,True,True,match_version_verified,18758_2024,https://standardsbis.bsbedge.com/BIS_Preview.aspx?id=18758_2024,present,absent,absent,present,4,3,1,0,1,success,True,False
IS/ISO 7240 (Part 15):2014,IS/ISO 7240 (Part 15):2014,True,True,unknown,iso7240_15_2014,,absent,absent,absent,absent,0,0,0,0,0,partial_success,False,True
IS/ISO 7240 (Part 31):2022,IS/ISO 7240 (Part 31):2022,True,True,unknown,iso7240_31_2022,,absent,absent,absent,absent,0,0,0,0,0,partial_success,False,True
IS/ISO 7240 (Part 13):2020,IS/ISO 7240 (Part 13):2020,True,True,unknown,iso7240_13_2020,,absent,absent,absent,absent,0,0,0,0,0,partial_success,False,True
IS 9394:2024,IS 9394:2024,True,True,match_version_verified,9394_2024,https://standardsbis.bsbedge.com/BIS_Preview.aspx?id=9394_2024,present,absent,absent,present,5,5,0,0,0,success,True,False
IS 5820:2024,IS 5820:2024,True,True,match_version_verified,5820_2024,https://standardsbis.bsbedge.com/BIS_Preview.aspx?id=5820_2024,present,absent,absent,present,19,19,0,0,0,success,True,False
IS 4348:2024,IS 4348:2024,True,True,match_version_verified,4348_2024,https://standardsbis.bsbedge.com/BIS_Preview.aspx?id=4348_2024,present,absent,absent,absent,0,0,0,0,0,success,True,False
IS 1706:2024,IS 1706:2024,True,True,match_version_verified,1706_2024,https://standardsbis.bsbedge.com/BIS_Preview.aspx?id=1706_2024,present,absent,absent,present,2,2,0,0,0,success,True,False
IS 14961:2024,IS 14961:2024,True,True,match_version_verified,14961_2024,https://standardsbis.bsbedge.com/BIS_Preview.aspx?id=14961_2024,present,absent,absent,present,49,49,0,0,0,success,True,False
IS 14680:2024,IS 14680:2024,True,True,match_version_verified,14680_2024,https://standardsbis.bsbedge.com/BIS_Preview.aspx?id=14680_2024,present,absent,absent,present,19,19,0,0,0,success,True,False
IS 1948:2024,IS 1948:2024,True,True,match_version_verified,1948_2024,https://standardsbis.bsbedge.com/BIS_Preview.aspx?id=1948_2024,present,absent,absent,present,47,36,11,0,11,success,True,False
IS 18648:2024,IS 18648:2024,True,True,match_version_verified,18648_2024,https://standardsbis.bsbedge.com/BIS_Preview.aspx?id=18648_2024,present,absent,absent,absent,0,0,0,0,0,success,True,False
IS 18657 (Part 1):2024,IS 18657 (Part 1):2024,True,True,match_version_verified,18657_1_2024,https://standardsbis.bsbedge.com/BIS_Preview.aspx?id=18657_1_2024,absent,present,absent,present,1,0,1,0,0,partial_success,True,False
IS 18657 (Part 2):2024,IS 18657 (Part 2):2024,True,True,match_version_verified,18657_2_2024,https://standardsbis.bsbedge.com/BIS_Preview.aspx?id=18657_2_2024,absent,present,absent,present,1,0,1,0,0,partial_success,True,False
IS 18657 (Part 3):2024,IS 18657 (Part 3):2024,True,True,match_version_verified,18657_3_2024,https://standardsbis.bsbedge.com/BIS_Preview.aspx?id=18657_3_2024,absent,present,absent,present,1,0,1,0,0,partial_success,True,False
IS 18657 (Part 4):2024,IS 18657 (Part 4):2024,True,True,match_version_verified,18657_4_2024,https://standardsbis.bsbedge.com/BIS_Preview.aspx?id=18657_4_2024,absent,present,absent,present,1,0,1,0,0,partial_success,True,False
IS 18657 (Part 5):2024,IS 18657 (Part 5):2024,True,True,match_version_verified,18657_5_2024,https://standardsbis.bsbedge.com/BIS_Preview.aspx?id=18657_5_2024,absent,present,absent,present,1,0,1,0,0,partial_success,True,False
IS 18657 (Part 6):2024,IS 18657 (Part 6):2024,True,True,match_version_verified,18657_6_2024,https://standardsbis.bsbedge.com/BIS_Preview.aspx?id=18657_6_2024,absent,present,absent,present,1,0,1,0,0,partial_success,True,False
IS 18659 (Part 1):2024,IS 18659 (Part 1):2024,True,True,match_version_verified,18659_1_2024,https://standardsbis.bsbedge.com/BIS_Preview.aspx?id=18659_1_2024,absent,present,absent,present,1,0,1,0,0,partial_success,True,False
IS 18659 (Part 2):2024,IS 18659 (Part 2):2024,True,True,match_version_verified,18659_2_2024,https://standardsbis.bsbedge.com/BIS_Preview.aspx?id=18659_2_2024,absent,present,absent,present,1,0,1,0,0,partial_success,True,False
IS 18659 (Part 3):2024,IS 18659 (Part 3):2024,True,True,unknown,18659_3_2024,,absent,absent,absent,absent,0,0,0,0,0,partial_success,False,True
IS 2556 (Part 15):2024,IS 2556 (Part 15):2024,True,True,match_version_verified,2556_15_2024,https://standardsbis.bsbedge.com/BIS_Preview.aspx?id=2556_15_2024,present,absent,absent,present,4,4,0,0,0,success,True,False
IS 2556 (Part 16):2024,IS 2556 (Part 16):2024,True,True,match_version_verified,2556_16_2024,https://standardsbis.bsbedge.com/BIS_Preview.aspx?id=2556_16_2024,present,absent,absent,present,3,3,0,0,0,success,True,False
IS 2556 (Part 2):2024,IS 2556 (Part 2):2024,True,True,match_version_verified,2556_2_2024,https://standardsbis.bsbedge.com/BIS_Preview.aspx?id=2556_2_2024,present,absent,absent,present,5,5,0,0,0,success,True,False
IS 10959:2024,IS 10959:2024,True,True,match_version_verified,10959_2024,https://standardsbis.bsbedge.com/BIS_Preview.aspx?id=10959_2024,absent,present,absent,present,1,0,1,0,0,partial_success,True,False
IS 12459:2024,IS 12459:2024,True,True,match_version_verified,12459_2024,https://standardsbis.bsbedge.com/BIS_Preview.aspx?id=12459_2024,present,absent,absent,absent,0,0,0,0,0,success,True,False
IS 303:2024,IS 303:2024,True,True,match_version_verified,303_2024,https://standardsbis.bsbedge.com/BIS_Preview.aspx?id=303_2024,present,absent,absent,present,28,28,0,0,0,success,True,False
IS 4992:2024,IS 4992:2024,True,True,match_version_verified,4992_2024,https://standardsbis.bsbedge.com/BIS_Preview.aspx?id=4992_2024,present,absent,absent,present,5,4,1,0,1,success,True,False
IS 18472:2024,IS 18472:2024,True,True,match_version_verified,18472_2024,https://standardsbis.bsbedge.com/BIS_Preview.aspx?id=18472_2024,present,absent,absent,absent,0,0,0,0,0,success,True,False
IS 1464:2024,IS 1464:2024,True,True,match_version_verified,1464_2024,https://standardsbis.bsbedge.com/BIS_Preview.aspx?id=1464_2024,present,absent,absent,present,2,2,0,0,0,success,True,False
IS 18647:2024,IS 18647:2024,True,True,match_version_verified,18647_2024,https://standardsbis.bsbedge.com/BIS_Preview.aspx?id=18647_2024,present,absent,present,present,1,1,0,0,0,success,True,False
IS 710:2024,IS 710:2024,True,True,match_version_verified,710_2024,https://standardsbis.bsbedge.com/BIS_Preview.aspx?id=710_2024,present,absent,absent,present,21,21,0,0,0,success,True,False
IS 4990:2024,IS 4990:2024,True,True,match_version_verified,4990_2024,https://standardsbis.bsbedge.com/BIS_Preview.aspx?id=4990_2024,present,absent,absent,present,14,14,0,0,0,success,True,False
IS 4130:2024,IS 4130:2024,True,True,match_version_verified,4130_2024,https://standardsbis.bsbedge.com/BIS_Preview.aspx?id=4130_2024,present,absent,absent,present,10,9,1,0,1,success,True,False
IS 4912:2024,IS 4912:2024,True,True,match_version_verified,4912_2024,https://standardsbis.bsbedge.com/BIS_Preview.aspx?id=4912_2024,present,absent,absent,present,1,1,0,0,0,success,True,False
IS 1893 (Part 4):2024,IS 1893 (Part 4):2024,True,True,match_version_verified,1893_4_2024,https://standardsbis.bsbedge.com/BIS_Preview.aspx?id=1893_4_2024,present,absent,present,present,17,17,0,0,0,success,True,False
IS 5454:2024,IS 5454:2024,True,True,match_version_verified,5454_2024,https://standardsbis.bsbedge.com/BIS_Preview.aspx?id=5454_2024,present,absent,absent,present,2,1,1,0,1,success,True,False
IS 906:2024,IS 906:2024,True,True,match_version_verified,906_2024,https://standardsbis.bsbedge.com/BIS_Preview.aspx?id=906_2024,present,absent,absent,present,10,10,0,0,0,success,True,False
IS 18473:2024,IS 18473:2024,True,True,match_version_verified,18473_2024,https://standardsbis.bsbedge.com/BIS_Preview.aspx?id=18473_2024,present,absent,absent,absent,0,0,0,0,0,success,True,False
IS 18459:2024,IS 18459:2024,True,True,match_version_verified,18459_2024,https://standardsbis.bsbedge.com/BIS_Preview.aspx?id=18459_2024,present,absent,present,absent,0,0,0,0,0,success,True,False
IS 18255:2023,IS 18255:2023,True,True,match_version_verified,18255_2023,https://standardsbis.bsbedge.com/BIS_Preview.aspx?id=18255_2023,present,absent,absent,present,9,5,4,0,4,success,True,False
IS 656:2023,IS 656:2023,True,True,match_version_verified,656_2023,https://standardsbis.bsbedge.com/BIS_Preview.aspx?id=656_2023,present,absent,absent,present,18,18,0,0,0,success,True,False
IS 1140:2023,IS 1140:2023,True,True,match_version_verified,1140_2023,https://standardsbis.bsbedge.com/BIS_Preview.aspx?id=1140_2023,present,absent,absent,present,4,4,0,0,0,success,True,False
IS 1326:2023,IS 1326:2023,True,True,match_version_verified,1326_2023,https://standardsbis.bsbedge.com/BIS_Preview.aspx?id=1326_2023,present,absent,absent,present,5,5,0,0,0,success,True,False
IS 1503:2023,IS 1503:2023,True,True,match_version_verified,1503_2023,https://standardsbis.bsbedge.com/BIS_Preview.aspx?id=1503_2023,present,absent,absent,present,8,7,1,0,1,success,True,False
IS 2674:2023,IS 2674:2023,True,True,match_version_verified,2674_2023,https://standardsbis.bsbedge.com/BIS_Preview.aspx?id=2674_2023,present,absent,absent,present,7,6,1,0,1,success,True,False
IS 4953:2023,IS 4953:2023,True,True,match_version_verified,4953_2023,https://standardsbis.bsbedge.com/BIS_Preview.aspx?id=4953_2023,present,absent,absent,present,4,4,0,0,0,success,True,False
IS 5942:2023,IS 5942:2023,True,True,match_version_verified,5942_2023,https://standardsbis.bsbedge.com/BIS_Preview.aspx?id=5942_2023,present,absent,absent,present,3,3,0,0,0,success,True,False
IS 8295 (Part 1):2023,IS 8295 (Part 1):2023,True,True,match_version_verified,8295_1_2023,https://standardsbis.bsbedge.com/BIS_Preview.aspx?id=8295_1_2023,present,absent,absent,present,8,7,1,0,1,success,True,False
IS 18434:2023,IS 18434:2023,True,True,match_version_verified,18434_2023,https://standardsbis.bsbedge.com/BIS_Preview.aspx?id=18434_2023,present,absent,absent,absent,0,0,0,0,0,success,True,False
IS 2892:2023,IS 2892:2023,True,True,match_version_verified,2892_2023,https://standardsbis.bsbedge.com/BIS_Preview.aspx?id=2892_2023,present,absent,absent,present,2,2,0,0,0,success,True,False
IS 3084:2023,IS 3084:2023,True,True,match_version_verified,3084_2023,https://standardsbis.bsbedge.com/BIS_Preview.aspx?id=3084_2023,present,absent,absent,present,2,2,0,0,0,success,True,False
IS 5966:2023,IS 5966:2023,True,True,match_version_verified,5966_2023,https://standardsbis.bsbedge.com/BIS_Preview.aspx?id=5966_2023,present,absent,absent,present,7,7,0,0,0,success,True,False
IS 7698:2023,IS 7698:2023,True,True,match_version_verified,7698_2023,https://standardsbis.bsbedge.com/BIS_Preview.aspx?id=7698_2023,present,absent,absent,present,7,6,1,0,1,success,True,False
IS 8295 (Part 2):2023,IS 8295 (Part 2):2023,True,True,match_version_verified,8295_2_2023,https://standardsbis.bsbedge.com/BIS_Preview.aspx?id=8295_2_2023,present,absent,absent,present,7,6,1,0,1,success,True,False
SP 73:2023,SP 73:2023,True,True,unknown,73_2023,,absent,absent,absent,absent,0,0,0,0,0,partial_success,False,True
IS 654:2023,IS 654:2023,True,True,match_version_verified,654_2023,https://standardsbis.bsbedge.com/BIS_Preview.aspx?id=654_2023,present,absent,absent,present,2,2,0,0,0,success,True,False
IS 1478:2023,IS 1478:2023,True,True,match_version_verified,1478_2023,https://standardsbis.bsbedge.com/BIS_Preview.aspx?id=1478_2023,present,absent,absent,present,2,2,0,0,0,success,True,False
IS 14223 (Part 1):2023,IS 14223 (Part 1):2023,True,True,match_version_verified,14223_1_2023,https://standardsbis.bsbedge.com/BIS_Preview.aspx?id=14223_1_2023,present,absent,absent,present,12,11,1,0,1,success,True,False
IS 1121 (Part 1):2023,IS 1121 (Part 1):2023,True,True,match_version_verified,1121_1_2023,https://standardsbis.bsbedge.com/BIS_Preview.aspx?id=1121_1_2023,present,absent,absent,present,2,2,0,0,0,success,True,False
IS 1121 (Part 2):2023,IS 1121 (Part 2):2023,True,True,match_version_verified,1121_2_2023,https://standardsbis.bsbedge.com/BIS_Preview.aspx?id=1121_2_2023,present,absent,absent,present,1,1,0,0,0,success,True,False
IS 1121 (Part 3):2023,IS 1121 (Part 3):2023,True,True,match_version_verified,1121_3_2023,https://standardsbis.bsbedge.com/BIS_Preview.aspx?id=1121_3_2023,present,absent,absent,present,1,1,0,0,0,success,True,False
IS 1122:2023,IS 1122:2023,True,True,match_version_verified,1122_2023,https://standardsbis.bsbedge.com/BIS_Preview.aspx?id=1122_2023,present,absent,absent,absent,0,0,0,0,0,success,True,False
IS 14587:2023,IS 14587:2023,True,True,unknown,14587_2023,,absent,absent,absent,absent,0,0,0,0,0,partial_success,False,True
IS 6072:2023,IS 6072:2023,True,True,match_version_verified,6072_2023,https://standardsbis.bsbedge.com/BIS_Preview.aspx?id=6072_2023,present,absent,absent,absent,0,0,0,0,0,success,True,False
IS 8419:2023,IS 8419:2023,True,True,match_version_verified,8419_2023,https://standardsbis.bsbedge.com/BIS_Preview.aspx?id=8419_2023,present,absent,absent,absent,0,0,0,0,0,success,True,False
IS 17955:2023,IS 17955:2023,True,True,match_version_verified,17955_2023,https://standardsbis.bsbedge.com/BIS_Preview.aspx?id=17955_2023,present,absent,absent,present,8,7,1,0,1,success,True,False
IS 4832 (Part 1):2023,IS 4832 (Part 1):2023,True,True,match_version_verified,4832_1_2023,https://standardsbis.bsbedge.com/BIS_Preview.aspx?id=4832_1_2023,present,absent,absent,present,4,4,0,0,0,success,True,False
IS 4832 (Part 2):2023,IS 4832 (Part 2):2023,True,True,match_version_verified,4832_2_2023,https://standardsbis.bsbedge.com/BIS_Preview.aspx?id=4832_2_2023,present,absent,absent,present,2,2,0,0,0,success,True,False
IS 4832 (Part 3):2023,IS 4832 (Part 3):2023,True,True,match_version_verified,4832_3_2023,https://standardsbis.bsbedge.com/BIS_Preview.aspx?id=4832_3_2023,present,absent,absent,present,3,3,0,0,0,success,True,False
IS 16172:2023,IS 16172:2023,True,True,match_version_verified,16172_2023,https://standardsbis.bsbedge.com/BIS_Preview.aspx?id=16172_2023,present,absent,absent,present,9,5,4,0,4,success,True,False
IS 18256:2023,IS 18256:2023,True,True,match_version_verified,18256_2023,https://standardsbis.bsbedge.com/BIS_Preview.aspx?id=18256_2023,present,absent,absent,absent,0,0,0,0,0,success,True,False
IS 18433 (Part 1):2023,IS 18433 (Part 1):2023,True,True,match_version_verified,18433_1_2023,https://standardsbis.bsbedge.com/BIS_Preview.aspx?id=18433_1_2023,present,absent,absent,present,2,2,0,0,0,success,True,False
IS 18433 (Part 2):2023,IS 18433 (Part 2):2023,True,True,match_version_verified,18433_2_2023,https://standardsbis.bsbedge.com/BIS_Preview.aspx?id=18433_2_2023,present,absent,absent,absent,0,0,0,0,0,success,True,False
IS 1196:2023,IS 1196:2023,True,True,unknown,1196_2023,,absent,absent,absent,absent,0,0,0,0,0,partial_success,False,True
IS 4127:2023,IS 4127:2023,True,True,unknown,4127_2023,,absent,absent,absent,absent,0,0,0,0,0,partial_success,False,True
IS 18150:2023,IS 18150:2023,True,True,match_version_verified,18150_2023,https://standardsbis.bsbedge.com/BIS_Preview.aspx?id=18150_2023,present,absent,absent,absent,0,0,0,0,0,success,True,False
IS/ISO 11925 (Part 2):2020,IS/ISO 11925 (Part 2):2020,True,True,unknown,iso11925_2_2020,,absent,absent,absent,absent,0,0,0,0,0,partial_success,False,True
IS/ISO 1716:2018,IS/ISO 1716:2018,True,True,unknown,iso1716_2018,,absent,absent,absent,absent,0,0,0,0,0,partial_success,False,True
IS 2314 (Part 1):2023,IS 2314 (Part 1):2023,True,True,match_version_verified,2314_1_2023,https://standardsbis.bsbedge.com/BIS_Preview.aspx?id=2314_1_2023,present,absent,absent,present,4,3,1,0,0,success,True,False
IS 2314 (Part 2):2023,IS 2314 (Part 2):2023,True,True,match_version_verified,2314_2_2023,https://standardsbis.bsbedge.com/BIS_Preview.aspx?id=2314_2_2023,present,absent,absent,present,5,4,1,0,1,success,True,False
IS 18311:2023,IS 18311:2023,True,True,match_version_verified,18311_2023,https://standardsbis.bsbedge.com/BIS_Preview.aspx?id=18311_2023,present,absent,present,present,2,2,0,0,0,success,True,False
IS 1121 (Part 5):2023,IS 1121 (Part 5):2023,True,True,match_version_verified,1121_5_2023,https://standardsbis.bsbedge.com/BIS_Preview.aspx?id=1121_5_2023,present,absent,absent,present,1,1,0,0,0,success,True,False
IS 2210:2023,IS 2210:2023,True,True,match_version_verified,2210_2023,https://standardsbis.bsbedge.com/BIS_Preview.aspx?id=2210_2023,present,absent,absent,absent,0,0,0,0,0,success,True,False
IS 7314:2023,IS 7314:2023,True,True,match_version_verified,7314_2023,https://standardsbis.bsbedge.com/BIS_Preview.aspx?id=7314_2023,present,absent,absent,absent,0,0,0,0,0,success,True,False
IS 4651 (Part 4):2023,IS 4651 (Part 4):2023,True,True,match_version_verified,4651_4_2023,https://standardsbis.bsbedge.com/BIS_Preview.aspx?id=4651_4_2023,present,absent,absent,absent,0,0,0,0,0,success,True,False
IS 18312:2023,IS 18312:2023,True,True,match_version_verified,18312_2023,https://standardsbis.bsbedge.com/BIS_Preview.aspx?id=18312_2023,present,absent,absent,present,2,2,0,0,0,success,True,False
IS 16700:2023,IS 16700:2023,True,True,match_version_verified,16700_2023,https://standardsbis.bsbedge.com/BIS_Preview.aspx?id=16700_2023,present,absent,absent,absent,0,0,0,0,0,success,True,False
IS 18268:2023,IS 18268:2023,True,True,match_version_verified,18268_2023,https://standardsbis.bsbedge.com/BIS_Preview.aspx?id=18268_2023,absent,present,absent,absent,0,0,0,0,0,partial_success,True,False
IS 19006:2023,IS 19006:2023,True,True,match_version_verified,19006_2023,https://standardsbis.bsbedge.com/BIS_Preview.aspx?id=19006_2023,absent,present,absent,absent,0,0,0,0,0,partial_success,True,False
IS 18387:2023,IS 18387:2023,True,True,match_version_verified,18387_2023,https://standardsbis.bsbedge.com/BIS_Preview.aspx?id=18387_2023,present,absent,absent,absent,0,0,0,0,0,success,True,False
IS 15498:2023,IS 15498:2023,True,True,match_version_verified,15498_2023,https://standardsbis.bsbedge.com/BIS_Preview.aspx?id=15498_2023,present,absent,absent,present,5,5,0,0,0,success,True,False
IS 18315:2023,IS 18315:2023,True,True,match_version_verified,18315_2023,https://standardsbis.bsbedge.com/BIS_Preview.aspx?id=18315_2023,present,absent,absent,present,2,2,0,0,0,success,True,False
IS 15026 (Part 2):2023,IS 15026 (Part 2):2023,True,True,match_version_verified,15026_2_2023,https://standardsbis.bsbedge.com/BIS_Preview.aspx?id=15026_2_2023,present,absent,absent,absent,0,0,0,0,0,success,True,False
IS 2542 (Part 1/Sec 2):2023,IS 2542 (Part 1/Sec 2):2023,True,True,match_version_verified,2542_1_2_2023,https://standardsbis.bsbedge.com/BIS_Preview.aspx?id=2542_1_2_2023,present,absent,absent,present,1,1,0,0,0,success,True,False
IS 2542 (Part 1/Sec 3):2023,IS 2542 (Part 1/Sec 3):2023,True,True,match_version_verified,2542_1_3_2023,https://standardsbis.bsbedge.com/BIS_Preview.aspx?id=2542_1_3_2023,present,absent,absent,present,4,4,0,0,0,success,True,False
IS 2542 (Part 1/Sec 4):2023,IS 2542 (Part 1/Sec 4):2023,True,True,match_version_verified,2542_1_4_2023,https://standardsbis.bsbedge.com/BIS_Preview.aspx?id=2542_1_4_2023,present,absent,absent,present,3,3,0,0,0,success,True,False
IS 2542 (Part 1/Sec 5):2023,IS 2542 (Part 1/Sec 5):2023,True,True,match_version_verified,2542_1_5_2023,https://standardsbis.bsbedge.com/BIS_Preview.aspx?id=2542_1_5_2023,present,absent,absent,present,3,3,0,0,0,success,True,False
IS 2542 (Part 1/Sec 6):2023,IS 2542 (Part 1/Sec 6):2023,True,True,match_version_verified,2542_1_6_2023,https://standardsbis.bsbedge.com/BIS_Preview.aspx?id=2542_1_6_2023,present,absent,absent,present,1,1,0,0,0,success,True,False
IS 2542 (Part 1/Sec 7):2023,IS 2542 (Part 1/Sec 7):2023,True,True,match_version_verified,2542_1_7_2023,https://standardsbis.bsbedge.com/BIS_Preview.aspx?id=2542_1_7_2023,present,absent,absent,present,1,1,0,0,0,success,True,False
IS 2542 (Part 1/Sec 8):2023,IS 2542 (Part 1/Sec 8):2023,True,True,match_version_verified,2542_1_8_2023,https://standardsbis.bsbedge.com/BIS_Preview.aspx?id=2542_1_8_2023,present,absent,absent,present,2,2,0,0,0,success,True,False
IS 2542 (Part 1/Sec 9):2023,IS 2542 (Part 1/Sec 9):2023,True,True,match_version_verified,2542_1_9_2023,https://standardsbis.bsbedge.com/BIS_Preview.aspx?id=2542_1_9_2023,present,absent,absent,present,1,1,0,0,0,success,True,False
IS 2542 (Part 1/Sec 10):2023,IS 2542 (Part 1/Sec 10):2023,True,True,match_version_verified,2542_1_10_2023,https://standardsbis.bsbedge.com/BIS_Preview.aspx?id=2542_1_10_2023,present,absent,absent,present,2,2,0,0,0,success,True,False
IS 2542 (Part 1/Sec 11):2023,IS 2542 (Part 1/Sec 11):2023,True,True,match_version_verified,2542_1_11_2023,https://standardsbis.bsbedge.com/BIS_Preview.aspx?id=2542_1_11_2023,present,absent,absent,present,2,2,0,0,0,success,True,False
IS 2542 (Part 1/Sec 12):2023,IS 2542 (Part 1/Sec 12):2023,True,True,match_version_verified,2542_1_12_2023,https://standardsbis.bsbedge.com/BIS_Preview.aspx?id=2542_1_12_2023,present,absent,absent,present,1,1,0,0,0,success,True,False
IS 2542 (Part 1/Sec 13):2023,IS 2542 (Part 1/Sec 13):2023,True,True,match_version_verified,2542_1_13_2023,https://standardsbis.bsbedge.com/BIS_Preview.aspx?id=2542_1_13_2023,present,absent,absent,present,1,1,0,0,0,success,True,False
IS 2542 (Part 1/Sec 14):2023,IS 2542 (Part 1/Sec 14):2023,True,True,match_version_verified,2542_1_14_2023,https://standardsbis.bsbedge.com/BIS_Preview.aspx?id=2542_1_14_2023,present,absent,absent,present,2,2,0,0,0,success,True,False
IS 4879:2023,IS 4879:2023,True,True,match_version_verified,4879_2023,https://standardsbis.bsbedge.com/BIS_Preview.aspx?id=4879_2023,present,absent,absent,present,4,3,1,0,1,success,True,False
IS 5282 (Part 1):2023,IS 5282 (Part 1):2023,True,True,match_version_verified,5282_1_2023,https://standardsbis.bsbedge.com/BIS_Preview.aspx?id=5282_1_2023,present,absent,absent,present,15,15,0,0,0,success,True,False
IS 5282 (Part 2):2023,IS 5282 (Part 2):2023,True,True,match_version_verified,5282_2_2023,https://standardsbis.bsbedge.com/BIS_Preview.aspx?id=5282_2_2023,present,absent,absent,present,9,9,0,0,0,success,True,False
IS 5282 (Part 3):2023,IS 5282 (Part 3):2023,True,True,match_version_verified,5282_3_2023,https://standardsbis.bsbedge.com/BIS_Preview.aspx?id=5282_3_2023,present,absent,absent,present,9,9,0,0,0,success,True,False
IS 5282 (Part 4):2023,IS 5282 (Part 4):2023,True,True,match_version_verified,5282_4_2023,https://standardsbis.bsbedge.com/BIS_Preview.aspx?id=5282_4_2023,present,absent,absent,absent,0,0,0,0,0,success,True,False
IS 11315 (Part 1):2023,IS 11315 (Part 1):2023,True,True,match_version_verified,11315_1_2023,https://standardsbis.bsbedge.com/BIS_Preview.aspx?id=11315_1_2023,present,absent,absent,present,1,1,0,0,0,success,True,False
IS 11315 (Part 2):2023,IS 11315 (Part 2):2023,True,True,match_version_verified,11315_2_2023,https://standardsbis.bsbedge.com/BIS_Preview.aspx?id=11315_2_2023,present,absent,absent,present,1,1,0,0,0,success,True,False
IS 11315 (Part 3):2023,IS 11315 (Part 3):2023,True,True,match_version_verified,11315_3_2023,https://standardsbis.bsbedge.com/BIS_Preview.aspx?id=11315_3_2023,present,absent,absent,present,1,1,0,0,0,success,True,False
IS 11315 (Part 4):2023,IS 11315 (Part 4):2023,True,True,match_version_verified,11315_4_2023,https://standardsbis.bsbedge.com/BIS_Preview.aspx?id=11315_4_2023,present,absent,absent,present,2,2,0,0,0,success,True,False
IS 11315 (Part 5):2023,IS 11315 (Part 5):2023,True,True,match_version_verified,11315_5_2023,https://standardsbis.bsbedge.com/BIS_Preview.aspx?id=11315_5_2023,present,absent,absent,present,3,3,0,0,0,success,True,False
IS 11315 (Part 6):2023,IS 11315 (Part 6):2023,True,True,match_version_verified,11315_6_2023,https://standardsbis.bsbedge.com/BIS_Preview.aspx?id=11315_6_2023,present,absent,absent,present,1,1,0,0,0,success,True,False
IS 11315 (Part 7):2023,IS 11315 (Part 7):2023,True,True,match_version_verified,11315_7_2023,https://standardsbis.bsbedge.com/BIS_Preview.aspx?id=11315_7_2023,present,absent,absent,absent,0,0,0,0,0,success,True,False
IS 11315 (Part 8):2023,IS 11315 (Part 8):2023,True,True,match_version_verified,11315_8_2023,https://standardsbis.bsbedge.com/BIS_Preview.aspx?id=11315_8_2023,present,absent,absent,present,1,1,0,0,0,success,True,False
IS 11315 (Part 9):2023,IS 11315 (Part 9):2023,True,True,match_version_verified,11315_9_2023,https://standardsbis.bsbedge.com/BIS_Preview.aspx?id=11315_9_2023,present,absent,absent,present,1,1,0,0,0,success,True,False
IS 11315 (Part 10):2023,IS 11315 (Part 10):2023,True,True,match_version_verified,11315_10_2023,https://standardsbis.bsbedge.com/BIS_Preview.aspx?id=11315_10_2023,present,absent,absent,present,1,1,0,0,0,success,True,False
IS 11315 (Part 11):2023,IS 11315 (Part 11):2023,True,True,match_version_verified,11315_11_2023,https://standardsbis.bsbedge.com/BIS_Preview.aspx?id=11315_11_2023,present,absent,absent,present,1,1,0,0,0,success,True,False
IS 11315 (Part 12):2023,IS 11315 (Part 12):2023,True,True,match_version_verified,11315_12_2023,https://standardsbis.bsbedge.com/BIS_Preview.aspx?id=11315_12_2023,present,absent,absent,present,12,12,0,0,0,success,True,False
IS 12679:2023,IS 12679:2023,True,True,match_version_verified,12679_2023,https://standardsbis.bsbedge.com/BIS_Preview.aspx?id=12679_2023,present,absent,absent,present,10,10,0,0,0,success,True,False
IS 18061:2023,IS 18061:2023,True,True,match_version_verified,18061_2023,https://standardsbis.bsbedge.com/BIS_Preview.aspx?id=18061_2023,present,absent,absent,present,1,1,0,0,0,success,True,False
IS 18084:2023,IS 18084:2023,True,True,match_version_verified,18084_2023,https://standardsbis.bsbedge.com/BIS_Preview.aspx?id=18084_2023,present,absent,absent,present,6,6,0,0,0,success,True,False
IS 18139 (Part 1):2023,IS 18139 (Part 1):2023,True,True,match_version_verified,18139_1_2023,https://standardsbis.bsbedge.com/BIS_Preview.aspx?id=18139_1_2023,present,absent,absent,present,2,2,0,0,0,success,True,False
IS 18139 (Part 2):2023,IS 18139 (Part 2):2023,True,True,match_version_verified,18139_2_2023,https://standardsbis.bsbedge.com/BIS_Preview.aspx?id=18139_2_2023,present,absent,absent,present,2,2,0,0,0,success,True,False
IS 18139 (Part 3):2023,IS 18139 (Part 3):2023,True,True,match_version_verified,18139_3_2023,https://standardsbis.bsbedge.com/BIS_Preview.aspx?id=18139_3_2023,present,absent,absent,present,6,4,2,0,2,success,True,False
IS 18153:2023,IS 18153:2023,True,True,match_version_verified,18153_2023,https://standardsbis.bsbedge.com/BIS_Preview.aspx?id=18153_2023,present,absent,absent,present,4,4,0,0,0,success,True,False
IS 18168:2023,IS 18168:2023,True,True,match_version_verified,18168_2023,https://standardsbis.bsbedge.com/BIS_Preview.aspx?id=18168_2023,present,absent,absent,absent,0,0,0,0,0,success,True,False
IS 18289:2023,IS 18289:2023,True,True,match_version_verified,18289_2023,https://standardsbis.bsbedge.com/BIS_Preview.aspx?id=18289_2023,present,absent,absent,present,2,2,0,0,0,success,True,False
IS 18271:2023,IS 18271:2023,True,True,match_version_verified,18271_2023,https://standardsbis.bsbedge.com/BIS_Preview.aspx?id=18271_2023,present,absent,absent,absent,0,0,0,0,0,success,True,False
IS 18300:2023,IS 18300:2023,True,True,match_version_verified,18300_2023,https://standardsbis.bsbedge.com/BIS_Preview.aspx?id=18300_2023,present,absent,absent,absent,0,0,0,0,0,success,True,False
IS 2469:2023,IS 2469:2023,True,True,match_version_verified,2469_2023,https://standardsbis.bsbedge.com/BIS_Preview.aspx?id=2469_2023,present,absent,absent,absent,0,0,0,0,0,success,True,False
IS 2405 (Part 1):2023,IS 2405 (Part 1):2023,True,True,match_version_verified,2405_1_2023,https://standardsbis.bsbedge.com/BIS_Preview.aspx?id=2405_1_2023,present,absent,absent,present,2,2,0,0,0,success,True,False
IS 2542 (Part 1/Sec 1):2023,IS 2542 (Part 1/Sec 1):2023,True,True,match_version_verified,2542_1_1_2023,https://standardsbis.bsbedge.com/BIS_Preview.aspx?id=2542_1_1_2023,present,absent,absent,present,2,2,0,0,0,success,True,False
IS 2405 (Part 2):2023,IS 2405 (Part 2):2023,True,True,match_version_verified,2405_2_2023,https://standardsbis.bsbedge.com/BIS_Preview.aspx?id=2405_2_2023,present,absent,absent,present,2,2,0,0,0,success,True,False
IS 2405 (Part 3):2023,IS 2405 (Part 3):2023,True,True,match_version_verified,2405_3_2023,https://standardsbis.bsbedge.com/BIS_Preview.aspx?id=2405_3_2023,present,absent,absent,present,2,2,0,0,0,success,True,False
IS 2095 (Part 1):2023,IS 2095 (Part 1):2023,True,True,match_version_verified,2095_1_2023,https://standardsbis.bsbedge.com/BIS_Preview.aspx?id=2095_1_2023,present,absent,absent,present,8,7,1,0,1,success,True,False
IS 11309:2023,IS 11309:2023,True,True,match_version_verified,11309_2023,https://standardsbis.bsbedge.com/BIS_Preview.aspx?id=11309_2023,present,absent,present,present,1,1,0,0,0,success,True,False
IS 11050 (Part 1):2023,IS 11050 (Part 1):2023,True,True,match_version_verified,11050_1_2023,https://standardsbis.bsbedge.com/BIS_Preview.aspx?id=11050_1_2023,absent,present,absent,present,7,3,4,0,0,partial_success,True,False
IS 11050 (Part 2):2023,IS 11050 (Part 2):2023,True,True,match_version_verified,11050_2_2023,https://standardsbis.bsbedge.com/BIS_Preview.aspx?id=11050_2_2023,absent,present,absent,present,3,2,1,0,0,partial_success,True,False
IS 13735:2023,IS 13735:2023,True,True,match_version_verified,13735_2023,https://standardsbis.bsbedge.com/BIS_Preview.aspx?id=13735_2023,absent,present,absent,present,2,1,1,0,0,partial_success,True,False
IS 18190:2023,IS 18190:2023,True,True,match_version_verified,18190_2023,https://standardsbis.bsbedge.com/BIS_Preview.aspx?id=18190_2023,present,absent,absent,present,2,2,0,0,0,success,True,False
IS 18297:2023,IS 18297:2023,True,True,match_version_verified,18297_2023,https://standardsbis.bsbedge.com/BIS_Preview.aspx?id=18297_2023,present,absent,absent,present,6,5,1,0,0,success,True,False
IS 18189:2023,IS 18189:2023,True,True,match_version_verified,18189_2023,https://standardsbis.bsbedge.com/BIS_Preview.aspx?id=18189_2023,present,absent,absent,absent,0,0,0,0,0,success,True,False
IS 15380:2023,IS 15380:2023,True,True,match_version_verified,15380_2023,https://standardsbis.bsbedge.com/BIS_Preview.aspx?id=15380_2023,present,absent,absent,absent,0,0,0,0,0,success,True,False
IS 13317:2023,IS 13317:2023,True,True,match_version_verified,13317_2023,https://standardsbis.bsbedge.com/BIS_Preview.aspx?id=13317_2023,present,absent,absent,present,2,2,0,0,0,success,True,False
IS 17908:2023,IS 17908:2023,True,True,match_version_verified,17908_2023,https://standardsbis.bsbedge.com/BIS_Preview.aspx?id=17908_2023,present,absent,absent,absent,0,0,0,0,0,success,True,False
IS 17951:2023,IS 17951:2023,True,True,match_version_verified,17951_2023,https://standardsbis.bsbedge.com/BIS_Preview.aspx?id=17951_2023,present,absent,absent,present,2,2,0,0,0,success,True,False
IS 17954:2023,IS 17954:2023,True,True,match_version_verified,17954_2023,https://standardsbis.bsbedge.com/BIS_Preview.aspx?id=17954_2023,present,absent,absent,absent,0,0,0,0,0,success,True,False
IS 17953:2023,IS 17953:2023,True,True,match_version_verified,17953_2023,https://standardsbis.bsbedge.com/BIS_Preview.aspx?id=17953_2023,present,absent,absent,absent,0,0,0,0,0,success,True,False
IS 3367:2023,IS 3367:2023,True,True,match_version_verified,3367_2023,https://standardsbis.bsbedge.com/BIS_Preview.aspx?id=3367_2023,present,absent,absent,present,1,1,0,0,0,success,True,False
IS 3951 (Part 1):2023,IS 3951 (Part 1):2023,True,True,match_version_verified,3951_1_2023,https://standardsbis.bsbedge.com/BIS_Preview.aspx?id=3951_1_2023,present,absent,absent,present,2,2,0,0,0,success,True,False
IS 2690 (Part 1):2023,IS 2690 (Part 1):2023,True,True,match_version_verified,2690_1_2023,https://standardsbis.bsbedge.com/BIS_Preview.aspx?id=2690_1_2023,present,absent,absent,present,2,2,0,0,0,success,True,False
IS 1725:2023,IS 1725:2023,True,True,match_version_verified,1725_2023,https://standardsbis.bsbedge.com/BIS_Preview.aspx?id=1725_2023,present,absent,absent,present,14,14,0,0,0,success,True,False
IS 2690 (Part 2):2023,IS 2690 (Part 2):2023,True,True,match_version_verified,2690_2_2023,https://standardsbis.bsbedge.com/BIS_Preview.aspx?id=2690_2_2023,present,absent,absent,absent,0,0,0,0,0,success,True,False
IS 3951 (Part 2):2023,IS 3951 (Part 2):2023,True,True,match_version_verified,3951_2_2023,https://standardsbis.bsbedge.com/BIS_Preview.aspx?id=3951_2_2023,present,absent,absent,absent,0,0,0,0,0,success,True,False
IS 802 (Part 4):2023,IS 802 (Part 4):2023,True,True,match_version_verified,802_4_2023,https://standardsbis.bsbedge.com/BIS_Preview.aspx?id=802_4_2023,present,absent,absent,absent,0,0,0,0,0,success,True,False
IS 9972:2023,IS 9972:2023,True,True,match_version_verified,9972_2023,https://standardsbis.bsbedge.com/BIS_Preview.aspx?id=9972_2023,present,absent,absent,present,3,2,1,0,0,success,True,False
IS 2202 (Part 1):2023,IS 2202 (Part 1):2023,True,True,match_version_verified,2202_1_2023,https://standardsbis.bsbedge.com/BIS_Preview.aspx?id=2202_1_2023,present,absent,absent,absent,0,0,0,0,0,success,True,False
IS 17897:2022,IS 17897:2022,True,True,match_version_verified,17897_2022,https://standardsbis.bsbedge.com/BIS_Preview.aspx?id=17897_2022,present,absent,absent,present,3,3,0,0,0,success,True,False
IS 17740:2022,IS 17740:2022,True,True,match_version_verified,17740_2022,https://standardsbis.bsbedge.com/BIS_Preview.aspx?id=17740_2022,present,absent,absent,absent,0,0,0,0,0,success,True,False
IS 2191 (Part 1):2022,IS 2191 (Part 1):2022,True,True,match_version_verified,2191_1_2022,https://standardsbis.bsbedge.com/BIS_Preview.aspx?id=2191_1_2022,present,absent,absent,absent,0,0,0,0,0,success,True,False
IS 2202 (Part 2):2022,IS 2202 (Part 2):2022,True,True,match_version_verified,2202_2_2022,https://standardsbis.bsbedge.com/BIS_Preview.aspx?id=2202_2_2022,present,absent,absent,absent,0,0,0,0,0,success,True,False
IS 17910 (Part 1):2022,IS 17910 (Part 1):2022,True,True,match_version_verified,17910_1_2022,https://standardsbis.bsbedge.com/BIS_Preview.aspx?id=17910_1_2022,present,absent,absent,absent,0,0,0,0,0,success,True,False
IS 15026 (Part 1):2022,IS 15026 (Part 1):2022,True,True,match_version_verified,15026_1_2022,https://standardsbis.bsbedge.com/BIS_Preview.aspx?id=15026_1_2022,present,absent,absent,present,15,15,0,0,0,success,True,False
IS 17920:2022,IS 17920:2022,True,True,match_version_verified,17920_2022,https://standardsbis.bsbedge.com/BIS_Preview.aspx?id=17920_2022,absent,present,absent,absent,0,0,0,0,0,partial_success,True,False
IS 10428:2022,IS 10428:2022,True,True,match_version_verified,10428_2022,https://standardsbis.bsbedge.com/BIS_Preview.aspx?id=10428_2022,absent,present,absent,absent,0,0,0,0,0,partial_success,True,False
IS 17909:2022,IS 17909:2022,True,True,match_version_verified,17909_2022,https://standardsbis.bsbedge.com/BIS_Preview.aspx?id=17909_2022,absent,present,absent,absent,0,0,0,0,0,partial_success,True,False
IS 17911:2022,IS 17911:2022,True,True,match_version_verified,17911_2022,https://standardsbis.bsbedge.com/BIS_Preview.aspx?id=17911_2022,absent,present,absent,absent,0,0,0,0,0,partial_success,True,False
IS 17910 (Part 2):2022,IS 17910 (Part 2):2022,True,True,match_version_verified,17910_2_2022,https://standardsbis.bsbedge.com/BIS_Preview.aspx?id=17910_2_2022,absent,present,absent,absent,0,0,0,0,0,partial_success,True,False
IS 2095 (Part 2):2022,IS 2095 (Part 2):2022,True,True,match_version_verified,2095_2_2022,https://standardsbis.bsbedge.com/BIS_Preview.aspx?id=2095_2_2022,present,absent,absent,present,9,8,1,0,0,success,True,False
IS 2095 (Part 3):2022,IS 2095 (Part 3):2022,True,True,match_version_verified,2095_3_2022,https://standardsbis.bsbedge.com/BIS_Preview.aspx?id=2095_3_2022,present,absent,absent,present,9,8,1,0,0,success,True,False
IS 2191 (Part 2):2022,IS 2191 (Part 2):2022,True,True,match_version_verified,2191_2_2022,https://standardsbis.bsbedge.com/BIS_Preview.aspx?id=2191_2_2022,present,absent,absent,absent,0,0,0,0,0,success,True,False
IS 14458 (Part 7):2022,IS 14458 (Part 7):2022,True,True,match_version_verified,14458_7_2022,https://standardsbis.bsbedge.com/BIS_Preview.aspx?id=14458_7_2022,present,absent,absent,absent,0,0,0,0,0,success,True,False
IS 13946 (Part 1):2022,IS 13946 (Part 1):2022,True,True,match_version_verified,13946_1_2022,https://standardsbis.bsbedge.com/BIS_Preview.aspx?id=13946_1_2022,present,absent,absent,present,1,1,0,0,0,success,True,False
IS 4961:2022,IS 4961:2022,True,True,match_version_verified,4961_2022,https://standardsbis.bsbedge.com/BIS_Preview.aspx?id=4961_2022,present,absent,absent,present,2,2,0,0,0,success,True,False
IS 11384:2022,IS 11384:2022,True,True,match_version_verified,11384_2022,https://standardsbis.bsbedge.com/BIS_Preview.aspx?id=11384_2022,present,absent,absent,absent,0,0,0,0,0,success,True,False
IS 802 (Part 6):2022,IS 802 (Part 6):2022,True,True,match_version_verified,802_6_2022,https://standardsbis.bsbedge.com/BIS_Preview.aspx?id=802_6_2022,present,absent,absent,absent,0,0,0,0,0,success,True,False
IS 17518 (Part 1):2022,IS 17518 (Part 1):2022,True,True,match_version_verified,17518_1_2022,https://standardsbis.bsbedge.com/BIS_Preview.aspx?id=17518_1_2022,absent,present,absent,absent,0,0,0,0,0,partial_success,True,False
IS 17848:2022,IS 17848:2022,True,True,match_version_verified,17848_2022,https://standardsbis.bsbedge.com/BIS_Preview.aspx?id=17848_2022,present,absent,absent,absent,0,0,0,0,0,success,True,False
IS 17706:2022,IS 17706:2022,True,True,match_version_verified,17706_2022,https://standardsbis.bsbedge.com/BIS_Preview.aspx?id=17706_2022,present,absent,absent,present,6,5,1,0,1,success,True,False
IS 17725:2022,IS 17725:2022,True,True,match_version_verified,17725_2022,https://standardsbis.bsbedge.com/BIS_Preview.aspx?id=17725_2022,present,absent,absent,absent,0,0,0,0,0,success,True,False
IS 14333:2022,IS 14333:2022,True,True,match_version_verified,14333_2022,https://standardsbis.bsbedge.com/BIS_Preview.aspx?id=14333_2022,present,absent,present,present,7,6,1,0,1,success,True,False
IS 8008:2022,IS 8008:2022,True,True,match_version_verified,8008_2022,https://standardsbis.bsbedge.com/BIS_Preview.aspx?id=8008_2022,present,absent,present,present,9,8,1,0,1,success,True,False
IS 8360:2022,IS 8360:2022,True,True,match_version_verified,8360_2022,https://standardsbis.bsbedge.com/BIS_Preview.aspx?id=8360_2022,present,absent,absent,present,4,3,1,0,1,success,True,False
IS 14268:2022,IS 14268:2022,True,True,match_version_verified,14268_2022,https://standardsbis.bsbedge.com/BIS_Preview.aspx?id=14268_2022,present,absent,absent,present,8,7,1,0,1,success,True,False
IS 14885:2022,IS 14885:2022,True,True,match_version_verified,14885_2022,https://standardsbis.bsbedge.com/BIS_Preview.aspx?id=14885_2022,present,absent,absent,present,5,4,1,0,1,success,True,False
IS 17785:2022,IS 17785:2022,True,True,match_version_verified,17785_2022,https://standardsbis.bsbedge.com/BIS_Preview.aspx?id=17785_2022,present,absent,absent,present,4,3,0,1,0,success,True,False
IS 3495 (Part 6):2022,IS 3495 (Part 6):2022,True,True,match_version_verified,3495_6_2022,https://standardsbis.bsbedge.com/BIS_Preview.aspx?id=3495_6_2022,present,absent,absent,absent,0,0,0,0,0,success,True,False
IS 17738:2022,IS 17738:2022,True,True,match_version_verified,17738_2022,https://standardsbis.bsbedge.com/BIS_Preview.aspx?id=17738_2022,present,absent,absent,present,2,2,0,0,0,success,True,False
IS 17572:2022,IS 17572:2022,True,True,match_version_verified,17572_2022,https://standardsbis.bsbedge.com/BIS_Preview.aspx?id=17572_2022,present,absent,absent,absent,0,0,0,0,0,success,True,False
IS 17544:2022,IS 17544:2022,True,True,match_version_verified,17544_2022,https://standardsbis.bsbedge.com/BIS_Preview.aspx?id=17544_2022,present,absent,absent,absent,0,0,0,0,0,success,True,False
IS 7746:2022,IS 7746:2022,True,True,match_version_verified,7746_2022,https://standardsbis.bsbedge.com/BIS_Preview.aspx?id=7746_2022,present,absent,absent,present,1,1,0,0,0,success,True,False
IS 15450:2022,IS 15450:2022,True,True,match_version_verified,15450_2022,https://standardsbis.bsbedge.com/BIS_Preview.aspx?id=15450_2022,present,absent,absent,present,10,9,1,0,1,success,True,False
IS 17631:2022,IS 17631:2022,True,True,match_version_verified,17631_2022,https://standardsbis.bsbedge.com/BIS_Preview.aspx?id=17631_2022,present,absent,absent,present,4,3,1,0,1,success,True,False
IS 17632:2022,IS 17632:2022,True,True,match_version_verified,17632_2022,https://standardsbis.bsbedge.com/BIS_Preview.aspx?id=17632_2022,present,absent,absent,present,5,4,1,0,1,success,True,False
IS 17633:2022,IS 17633:2022,True,True,match_version_verified,17633_2022,https://standardsbis.bsbedge.com/BIS_Preview.aspx?id=17633_2022,present,absent,absent,present,8,7,1,0,1,success,True,False
IS 17634:2022,IS 17634:2022,True,True,match_version_verified,17634_2022,https://standardsbis.bsbedge.com/BIS_Preview.aspx?id=17634_2022,present,absent,absent,present,4,3,1,0,1,success,True,False
IS 17635:2022,IS 17635:2022,True,True,match_version_verified,17635_2022,https://standardsbis.bsbedge.com/BIS_Preview.aspx?id=17635_2022,present,absent,absent,present,3,3,0,0,0,success,True,False
IS 3036:2022,IS 3036:2022,True,True,match_version_verified,3036_2022,https://standardsbis.bsbedge.com/BIS_Preview.aspx?id=3036_2022,present,absent,absent,absent,0,0,0,0,0,success,True,False
IS 13826 (Part 2):2022,IS 13826 (Part 2):2022,True,True,match_version_verified,13826_2_2022,https://standardsbis.bsbedge.com/BIS_Preview.aspx?id=13826_2_2022,present,absent,absent,present,1,1,0,0,0,success,True,False
IS 5742:2022,IS 5742:2022,True,True,match_version_verified,5742_2022,https://standardsbis.bsbedge.com/BIS_Preview.aspx?id=5742_2022,present,absent,absent,absent,0,0,0,0,0,success,True,False
IS 6313 (Part 2):2022,IS 6313 (Part 2):2022,True,True,match_version_verified,6313_2_2022,https://standardsbis.bsbedge.com/BIS_Preview.aspx?id=6313_2_2022,present,absent,absent,present,5,5,0,0,0,success,True,False
IS 6313 (Part 3):2022,IS 6313 (Part 3):2022,True,True,match_version_verified,6313_3_2022,https://standardsbis.bsbedge.com/BIS_Preview.aspx?id=6313_3_2022,present,absent,absent,present,6,6,0,0,0,success,True,False
IS 1893 (Part 6):2022,IS 1893 (Part 6):2022,True,True,match_version_verified,1893_6_2022,https://standardsbis.bsbedge.com/BIS_Preview.aspx?id=1893_6_2022,present,absent,absent,absent,0,0,0,0,0,success,True,False
IS 516 (Part 2/Sec 3):2022,IS 516 (Part 2/Sec 3):2022,True,True,match_version_verified,516_2_3_2022,https://standardsbis.bsbedge.com/BIS_Preview.aspx?id=516_2_3_2022,present,absent,absent,present,2,2,0,0,0,success,True,False
IS 17650 (Part 1):2021,IS 17650 (Part 1):2021,True,True,match_version_verified,17650_1_2021,https://standardsbis.bsbedge.com/BIS_Preview.aspx?id=17650_1_2021,present,absent,absent,absent,0,0,0,0,0,success,True,False
IS 17650 (Part 2):2021,IS 17650 (Part 2):2021,True,True,match_version_verified,17650_2_2021,https://standardsbis.bsbedge.com/BIS_Preview.aspx?id=17650_2_2021,present,absent,absent,present,1,1,0,0,0,success,True,False
IS 1892:2021,IS 1892:2021,True,True,match_version_verified,1892_2021,https://standardsbis.bsbedge.com/BIS_Preview.aspx?id=1892_2021,present,absent,absent,absent,0,0,0,0,0,success,True,False
IS 2556 (Part 8):2021,IS 2556 (Part 8):2021,True,True,match_version_verified,2556_8_2021,https://standardsbis.bsbedge.com/BIS_Preview.aspx?id=2556_8_2021,present,absent,absent,absent,0,0,0,0,0,success,True,False
IS 2911 (Part 3):2021,IS 2911 (Part 3):2021,True,True,match_version_verified,2911_3_2021,https://standardsbis.bsbedge.com/BIS_Preview.aspx?id=2911_3_2021,present,absent,absent,absent,0,0,0,0,0,success,True,False
IS 14893:2021,IS 14893:2021,True,True,match_version_verified,14893_2021,https://standardsbis.bsbedge.com/BIS_Preview.aspx?id=14893_2021,present,absent,absent,absent,0,0,0,0,0,success,True,False
IS 774:2021,IS 774:2021,True,True,match_version_verified,774_2021,https://standardsbis.bsbedge.com/BIS_Preview.aspx?id=774_2021,present,absent,absent,absent,0,0,0,0,0,success,True,False
IS 2556 (Part 1):2021,IS 2556 (Part 1):2021,True,True,match_version_verified,2556_1_2021,https://standardsbis.bsbedge.com/BIS_Preview.aspx?id=2556_1_2021,present,absent,absent,present,1,1,0,0,0,success,True,False
IS 7231:2021,IS 7231:2021,True,True,match_version_verified,7231_2021,https://standardsbis.bsbedge.com/BIS_Preview.aspx?id=7231_2021,present,absent,absent,absent,0,0,0,0,0,success,True,False
IS 875 (Part 4):2021,IS 875 (Part 4):2021,True,True,match_version_verified,875_4_2021,https://standardsbis.bsbedge.com/BIS_Preview.aspx?id=875_4_2021,present,absent,present,present,1,1,0,0,0,success,True,False
IS 12234:2021,IS 12234:2021,True,True,match_version_verified,12234_2021,https://standardsbis.bsbedge.com/BIS_Preview.aspx?id=12234_2021,present,absent,absent,present,5,4,1,0,1,success,True,False
IS 2556 (Part 6):2021,IS 2556 (Part 6):2021,True,True,match_version_verified,2556_6_2021,https://standardsbis.bsbedge.com/BIS_Preview.aspx?id=2556_6_2021,present,absent,absent,present,6,5,0,1,0,success,True,False
IS 8931:2021,IS 8931:2021,True,True,match_version_verified,8931_2021,https://standardsbis.bsbedge.com/BIS_Preview.aspx?id=8931_2021,present,absent,absent,absent,0,0,0,0,0,success,True,False
IS 17636:2021,IS 17636:2021,True,True,match_version_verified,17636_2021,https://standardsbis.bsbedge.com/BIS_Preview.aspx?id=17636_2021,present,absent,absent,present,3,3,0,0,0,success,True,False
IS 17637:2021,IS 17637:2021,True,True,match_version_verified,17637_2021,https://standardsbis.bsbedge.com/BIS_Preview.aspx?id=17637_2021,present,absent,absent,absent,0,0,0,0,0,success,True,False
IS 17638:2021,IS 17638:2021,True,True,match_version_verified,17638_2021,https://standardsbis.bsbedge.com/BIS_Preview.aspx?id=17638_2021,present,absent,absent,present,5,5,0,0,0,success,True,False
IS 17639:2021,IS 17639:2021,True,True,match_version_verified,17639_2021,https://standardsbis.bsbedge.com/BIS_Preview.aspx?id=17639_2021,present,absent,absent,present,5,5,0,0,0,success,True,False
IS 17640:2021,IS 17640:2021,True,True,match_version_verified,17640_2021,https://standardsbis.bsbedge.com/BIS_Preview.aspx?id=17640_2021,present,absent,absent,absent,0,0,0,0,0,success,True,False
IS 17641:2021,IS 17641:2021,True,True,match_version_verified,17641_2021,https://standardsbis.bsbedge.com/BIS_Preview.aspx?id=17641_2021,present,absent,absent,present,1,1,0,0,0,success,True,False
IS 13435 (Part 1):2021,IS 13435 (Part 1):2021,True,True,match_version_verified,13435_1_2021,https://standardsbis.bsbedge.com/BIS_Preview.aspx?id=13435_1_2021,present,absent,absent,absent,0,0,0,0,0,success,True,False
IS 10086:2021,IS 10086:2021,True,True,match_version_verified,10086_2021,https://standardsbis.bsbedge.com/BIS_Preview.aspx?id=10086_2021,present,absent,absent,absent,0,0,0,0,0,success,True,False
IS 17585:2021,IS 17585:2021,True,True,match_version_verified,17585_2021,https://standardsbis.bsbedge.com/BIS_Preview.aspx?id=17585_2021,present,absent,absent,present,7,6,1,0,1,success,True,False
IS 3495 (Part 5):2021,IS 3495 (Part 5):2021,True,True,match_version_verified,3495_5_2021,https://standardsbis.bsbedge.com/BIS_Preview.aspx?id=3495_5_2021,present,absent,absent,absent,0,0,0,0,0,success,True,False
IS 8757:2021,IS 8757:2021,True,True,match_version_verified,8757_2021,https://standardsbis.bsbedge.com/BIS_Preview.aspx?id=8757_2021,present,absent,absent,absent,0,0,0,0,0,success,True,False
IS 17571:2021,IS 17571:2021,True,True,match_version_verified,17571_2021,https://standardsbis.bsbedge.com/BIS_Preview.aspx?id=17571_2021,present,absent,absent,absent,0,0,0,0,0,success,True,False
IS 17573:2021,IS 17573:2021,True,True,match_version_verified,17573_2021,https://standardsbis.bsbedge.com/BIS_Preview.aspx?id=17573_2021,present,absent,absent,absent,0,0,0,0,0,success,True,False
IS 17682:2021,IS 17682:2021,True,True,match_version_verified,17682_2021,https://standardsbis.bsbedge.com/BIS_Preview.aspx?id=17682_2021,present,absent,absent,absent,0,0,0,0,0,success,True,False
IS 1904:2021,IS 1904:2021,True,True,match_version_verified,1904_2021,https://standardsbis.bsbedge.com/BIS_Preview.aspx?id=1904_2021,present,absent,absent,absent,0,0,0,0,0,success,True,False
IS 2911 (Part 2):2021,IS 2911 (Part 2):2021,True,True,match_version_verified,2911_2_2021,https://standardsbis.bsbedge.com/BIS_Preview.aspx?id=2911_2_2021,present,absent,absent,absent,0,0,0,0,0,success,True,False
IS 13094:2021,IS 13094:2021,True,True,match_version_verified,13094_2021,https://standardsbis.bsbedge.com/BIS_Preview.aspx?id=13094_2021,present,absent,absent,absent,0,0,0,0,0,success,True,False
IS 12406:2021,IS 12406:2021,True,True,unknown,12406_2021,,absent,absent,absent,absent,0,0,0,0,0,partial_success,False,True
IS 808:2021,IS 808:2021,True,True,match_version_verified,808_2021,https://standardsbis.bsbedge.com/BIS_Preview.aspx?id=808_2021,present,absent,absent,present,3,3,0,0,0,success,True,False
IS 15105:2021,IS 15105:2021,True,True,match_version_verified,15105_2021,https://standardsbis.bsbedge.com/BIS_Preview.aspx?id=15105_2021,present,absent,absent,absent,0,0,0,0,0,success,True,False
IS 4985:2021,IS 4985:2021,True,True,match_version_verified,4985_2021,https://standardsbis.bsbedge.com/BIS_Preview.aspx?id=4985_2021,present,absent,absent,absent,0,0,0,0,0,success,True,False
IS 17546:2021,IS 17546:2021,True,True,match_version_verified,17546,https://standardsbis.bsbedge.com/BIS_Preview.aspx?id=17546,present,absent,absent,absent,0,0,0,0,0,success,True,False
IS 3614:2021,IS 3614:2021,True,True,match_version_verified,3614,https://standardsbis.bsbedge.com/BIS_Preview.aspx?id=3614,present,absent,absent,absent,0,0,0,0,0,success,True,False
IS 3370 (Part 1):2021,IS 3370 (Part 1):2021,True,True,match_version_verified,3370_1_2021,https://standardsbis.bsbedge.com/BIS_Preview.aspx?id=3370_1_2021,present,absent,absent,absent,0,0,0,0,0,success,True,False
IS 3370 (Part 2):2021,IS 3370 (Part 2):2021,True,True,match_version_verified,3370_2_2021,https://standardsbis.bsbedge.com/BIS_Preview.aspx?id=3370_2_2021,present,absent,absent,present,10,10,0,0,0,success,True,False
IS 3370 (Part 3):2021,IS 3370 (Part 3):2021,True,True,match_version_verified,3370_3_2021,https://standardsbis.bsbedge.com/BIS_Preview.aspx?id=3370_3_2021,present,absent,absent,present,6,6,0,0,0,success,True,False
IS 15493:2021,IS 15493:2021,True,True,match_version_verified,15493_2021,https://standardsbis.bsbedge.com/BIS_Preview.aspx?id=15493_2021,present,absent,present,absent,0,0,0,0,0,success,True,False
IS 15883 (Part 7):2021,IS 15883 (Part 7):2021,True,True,match_version_verified,15883_7,https://standardsbis.bsbedge.com/BIS_Preview.aspx?id=15883_7,present,absent,absent,present,4,4,0,0,0,success,True,False
IS 15883 (Part 10):2021,IS 15883 (Part 10):2021,True,True,match_version_verified,15883_10,https://standardsbis.bsbedge.com/BIS_Preview.aspx?id=15883_10,present,absent,absent,present,15,15,0,0,0,success,True,False
IS 458:2021,IS 458:2021,True,True,match_version_verified,458_2021,https://standardsbis.bsbedge.com/BIS_Preview.aspx?id=458_2021,present,absent,present,absent,0,0,0,0,0,success,True,False
IS 12866:2021,IS 12866:2021,True,True,match_version_verified,12866_2021,https://standardsbis.bsbedge.com/BIS_Preview.aspx?id=12866_2021,present,absent,absent,absent,0,0,0,0,0,success,True,False
IS 3370 (Part 4/Sec 2):2021,IS 3370 (Part 4/Sec 2):2021,True,True,match_version_verified,3370_4_2,https://standardsbis.bsbedge.com/BIS_Preview.aspx?id=3370_4_2,present,absent,absent,present,2,2,0,0,0,success,True,False
IS 12835 (Part 1):2021,IS 12835 (Part 1):2021,True,True,match_version_verified,12835_1_2021,https://standardsbis.bsbedge.com/BIS_Preview.aspx?id=12835_1_2021,present,absent,absent,absent,0,0,0,0,0,success,True,False
IS 15883 (Part 11):2021,IS 15883 (Part 11):2021,True,True,match_version_verified,15883_11,https://standardsbis.bsbedge.com/BIS_Preview.aspx?id=15883_11,present,absent,absent,present,5,4,0,1,0,success,True,False
IS 3370 (Part 4/Sec 1):2021,IS 3370 (Part 4/Sec 1):2021,True,True,match_version_verified,3370_4_1,https://standardsbis.bsbedge.com/BIS_Preview.aspx?id=3370_4_1,present,absent,absent,present,1,1,0,0,0,success,True,False
IS 3370 (Part 4/Sec 3):2021,IS 3370 (Part 4/Sec 3):2021,True,True,match_version_verified,3370_4_3,https://standardsbis.bsbedge.com/BIS_Preview.aspx?id=3370_4_3,present,absent,absent,present,1,1,0,0,0,success,True,False
IS 516 (Part 2/Sec 4):2021,IS 516 (Part 2/Sec 4):2021,True,True,match_version_verified,516_2_4,https://standardsbis.bsbedge.com/BIS_Preview.aspx?id=516_2_4,present,absent,absent,absent,0,0,0,0,0,success,True,False
IS 516 (Part 5/Sec 2):2021,IS 516 (Part 5/Sec 2):2021,True,True,match_version_verified,516_5_2,https://standardsbis.bsbedge.com/BIS_Preview.aspx?id=516_5_2,present,absent,present,absent,0,0,0,0,0,success,True,False
IS 15908:2021,IS 15908:2021,True,True,match_version_verified,15908_2021,https://standardsbis.bsbedge.com/BIS_Preview.aspx?id=15908_2021,present,absent,absent,absent,0,0,0,0,0,success,True,False
IS 516 (Part 1/Sec 1):2021,IS 516 (Part 1/Sec 1):2021,True,True,match_version_verified,516_1_1,https://standardsbis.bsbedge.com/BIS_Preview.aspx?id=516_1_1,present,absent,absent,present,7,6,1,0,0,success,True,False
IS 4873 (Part 2):2021,IS 4873 (Part 2):2021,True,True,match_version_verified,4873_2_2021,https://standardsbis.bsbedge.com/BIS_Preview.aspx?id=4873_2_2021,present,absent,absent,absent,0,0,0,0,0,success,True,False
IS 17400:2021,IS 17400:2021,True,True,match_version_verified,17400,https://standardsbis.bsbedge.com/BIS_Preview.aspx?id=17400,present,absent,absent,present,11,11,0,0,0,success,True,False
IS 17401:2021,IS 17401:2021,True,True,match_version_verified,17401,https://standardsbis.bsbedge.com/BIS_Preview.aspx?id=17401,present,absent,absent,absent,0,0,0,0,0,success,True,False
IS 13713:2021,IS 13713:2021,True,True,match_version_verified,13713_2021,https://standardsbis.bsbedge.com/BIS_Preview.aspx?id=13713_2021,present,absent,absent,present,6,6,0,0,0,success,True,False
IS 2372:2021,IS 2372:2021,True,True,match_version_verified,2372_2021,https://standardsbis.bsbedge.com/BIS_Preview.aspx?id=2372_2021,present,absent,absent,present,3,3,0,0,0,success,True,False
IS 516 (Part 5/Sec 3):2021,IS 516 (Part 5/Sec 3):2021,True,True,match_version_verified,516_5_3,https://standardsbis.bsbedge.com/BIS_Preview.aspx?id=516_5_3,present,absent,absent,absent,0,0,0,0,0,success,True,False
IS/ISO 7240 (Part 8):2014,IS/ISO 7240 (Part 8):2014,True,True,unknown,iso7240_8_2014,,absent,absent,absent,absent,0,0,0,0,0,partial_success,False,True
IS/ISO 7240 (Part 18):2017,IS/ISO 7240 (Part 18):2017,True,True,unknown,iso7240_18_2017,,absent,absent,absent,absent,0,0,0,0,0,partial_success,False,True
IS/ISO 7240 (Part 21):2005,IS/ISO 7240 (Part 21):2005,True,True,unknown,iso7240_21_2005,,absent,absent,absent,absent,0,0,0,0,0,partial_success,False,True
IS/ISO 7240 (Part 22):2017,IS/ISO 7240 (Part 22):2017,True,True,unknown,iso7240_22_2017,,absent,absent,absent,absent,0,0,0,0,0,partial_success,False,True
IS/ISO 7240 (Part 24):2016,IS/ISO 7240 (Part 24):2016,True,True,unknown,iso7240_24_2016,,absent,absent,absent,absent,0,0,0,0,0,partial_success,False,True
IS/ISO 7240 (Part 25):2010,IS/ISO 7240 (Part 25):2010,True,True,unknown,iso7240_25_2010,,absent,absent,absent,absent,0,0,0,0,0,partial_success,False,True
IS/ISO 7240 (Part 27):2018,IS/ISO 7240 (Part 27):2018,True,True,unknown,iso7240_27_2018,,absent,absent,absent,absent,0,0,0,0,0,partial_success,False,True
IS/ISO 7240 (Part 29):2017,IS/ISO 7240 (Part 29):2017,True,True,unknown,iso7240_29_2017,,absent,absent,absent,absent,0,0,0,0,0,partial_success,False,True
IS 15381:2021,IS 15381:2021,True,True,match_version_verified,15381_2021,https://standardsbis.bsbedge.com/BIS_Preview.aspx?id=15381_2021,present,absent,absent,present,4,3,1,0,1,success,True,False
IS/ISO 7240 (Part 10):2012,IS/ISO 7240 (Part 10):2012,True,True,unknown,iso7240_10_2012,,absent,absent,absent,absent,0,0,0,0,0,partial_success,False,True
IS 15658:2021,Is 15658:2021,True,True,match_version_verified,15658_2021,https://standardsbis.bsbedge.com/BIS_Preview.aspx?id=15658_2021,present,absent,absent,absent,0,0,0,0,0,success,True,False
IS 5509:2021,IS 5509:2021,True,True,match_version_verified,5509_2021,https://standardsbis.bsbedge.com/BIS_Preview.aspx?id=5509_2021,present,absent,absent,present,7,7,0,0,0,success,True,False
IS 12817:2020,IS 12817 : 2020,True,True,match_version_verified,12817_2020,https://standardsbis.bsbedge.com/BIS_Preview.aspx?id=12817_2020,present,absent,absent,present,5,4,1,0,1,success,True,False
IS 4326:2013,IS 4326:2013,True,True,match_version_verified,4326,https://standardsbis.bsbedge.com/BIS_Preview.aspx?id=4326,present,absent,absent,present,19,19,0,0,0,success,True,False
IS 15834:2020,IS 15834:2020,True,True,match_version_verified,15834_2020,https://standardsbis.bsbedge.com/BIS_Preview.aspx?id=15834_2020,present,absent,absent,present,7,5,2,0,2,success,True,False
IS 13727:2020,IS 13727:2020,True,True,unknown,13727_2020,,absent,absent,absent,absent,0,0,0,0,0,partial_success,False,True
IS 13745:2020,IS 13745:2020,True,True,unknown,13745_2020,,absent,absent,absent,absent,0,0,0,0,0,partial_success,False,True
IS 208:2020,IS 208:2020,True,True,match_version_verified,208_2020,https://standardsbis.bsbedge.com/BIS_Preview.aspx?id=208_2020,present,absent,absent,absent,0,0,0,0,0,success,True,False
IS 4651 (Part 2):2020,IS 4651 (Part 2):2020,True,True,unknown,4651_2_2020,,absent,absent,absent,absent,0,0,0,0,0,partial_success,False,True
IS 7317:2020,IS 7317:2020,True,True,unknown,7317_2020,,absent,absent,absent,absent,0,0,0,0,0,partial_success,False,True
IS 15916:2020,IS 15916:2020,True,True,unknown,15916_2020,,absent,absent,absent,absent,0,0,0,0,0,partial_success,False,True
IS 17165:2020,IS 17165:2020,True,True,unknown,17165_2020,,absent,absent,absent,absent,0,0,0,0,0,partial_success,False,True
IS 14496 (Part 1):2020,IS 14496 (Part 1):2020,True,True,unknown,14496_1_2020,,absent,absent,absent,absent,0,0,0,0,0,partial_success,False,True
IS 17452:2020,IS 17452:2020,True,True,unknown,17452_2020,,absent,absent,absent,absent,0,0,0,0,0,partial_success,False,True
IS 8888:2020,IS 8888:2020,True,True,unknown,8888_2020,,absent,absent,absent,absent,0,0,0,0,0,partial_success,False,True
IS 17511:2020,IS 17511:2020,True,True,match_version_verified,17511,https://standardsbis.bsbedge.com/BIS_Preview.aspx?id=17511,present,absent,absent,present,1,1,0,0,0,success,True,False
IS 4651 (Part 3):2021,IS 4651 (Part 3):2021,True,True,match_version_uncertain,4651_3_2020,,present,absent,absent,present,3,3,0,0,0,partial_success,False,True
IS 15155:2020,IS 15155:2020,True,True,match_version_verified,15155_2020,https://standardsbis.bsbedge.com/BIS_Preview.aspx?id=15155_2020,present,absent,absent,absent,0,0,0,0,0,success,True,False
IS 15917:2020,IS 15917:2020,True,True,unknown,15917_2020,,absent,absent,absent,absent,0,0,0,0,0,partial_success,False,True
IS 460 (Part 1):2020,IS 460 (Part 1):2020,True,True,unknown,460_1_2020,,absent,absent,absent,absent,0,0,0,0,0,partial_success,False,True
IS 460 (Part 2):2020,IS 460 (Part 2):2020,True,True,unknown,460_2_2020,,absent,absent,absent,absent,0,0,0,0,0,partial_success,False,True
IS 460 (Part 3):2020,IS 460 (Part 3):2020,True,True,unknown,460_3_2020,,absent,absent,absent,absent,0,0,0,0,0,partial_success,False,True
IS 4651 (Part 1):2020,IS 4651 (Part 1):2020,True,True,unknown,4651_1_2020,,absent,absent,absent,absent,0,0,0,0,0,partial_success,False,True
IS 5758:2020,IS 5758:2020,True,True,match_version_verified,5758_2020,https://standardsbis.bsbedge.com/BIS_Preview.aspx?id=5758_2020,present,absent,absent,absent,0,0,0,0,0,success,True,False
IS 17451:2020,IS 17451:2020,True,True,match_version_verified,17451,https://standardsbis.bsbedge.com/BIS_Preview.aspx?id=17451,present,absent,absent,present,1,1,0,0,0,success,True,False
IS 17457:2020,IS 17457:2020,True,True,match_version_verified,17457,https://standardsbis.bsbedge.com/BIS_Preview.aspx?id=17457,present,absent,absent,present,1,1,0,0,0,success,True,False
IS 17190:2020,IS 17190:2020,True,True,unknown,17190_2020,,absent,absent,absent,absent,0,0,0,0,0,partial_success,False,True
IS 17296:2020,IS 17296:2020,True,True,unknown,17296_2020,,absent,absent,absent,absent,0,0,0,0,0,partial_success,False,True
IS 17456:2020,IS 17456:2020,True,True,unknown,17456_2020,,absent,absent,absent,absent,0,0,0,0,0,partial_success,False,True
IS 14458 (Part 6):2020,IS 14458 (Part 6):2020,True,True,match_version_verified,14458_6,https://standardsbis.bsbedge.com/BIS_Preview.aspx?id=14458_6,present,absent,absent,present,4,4,0,0,0,success,True,False
IS 17162:2020,IS 17162:2020,True,True,match_version_verified,17162,https://standardsbis.bsbedge.com/BIS_Preview.aspx?id=17162,present,absent,present,absent,0,0,0,0,0,success,True,False
IS 17163:2020,IS 17163:2020,True,True,match_version_verified,17163,https://standardsbis.bsbedge.com/BIS_Preview.aspx?id=17163,present,absent,absent,absent,0,0,0,0,0,success,True,False
IS 17446:2020,IS 17446:2020,True,True,match_version_verified,17446,https://standardsbis.bsbedge.com/BIS_Preview.aspx?id=17446,present,absent,absent,absent,0,0,0,0,0,success,True,False
IS 11504:2020,IS 11504:2020,True,True,match_version_verified,11504_2020,https://standardsbis.bsbedge.com/BIS_Preview.aspx?id=11504_2020,present,absent,absent,absent,0,0,0,0,0,success,True,False
IS 17164:2020,IS 17164:2020,True,True,match_version_verified,17164,https://standardsbis.bsbedge.com/BIS_Preview.aspx?id=17164,present,absent,absent,absent,0,0,0,0,0,success,True,False
IS 516 (Part 5/Sec 4):2020,IS 516 (Part 5/Sec 4):2020,True,True,match_version_verified,516_5_4,https://standardsbis.bsbedge.com/BIS_Preview.aspx?id=516_5_4,present,absent,absent,present,1,1,0,0,0,success,True,False
IS 516 (Part 8/Sec 1):2020,IS 516 (Part 8/Sec 1):2020,True,True,match_version_verified,516_8_1,https://standardsbis.bsbedge.com/BIS_Preview.aspx?id=516_8_1,present,absent,absent,present,1,1,0,0,0,success,True,False
IS 13182:2020,IS 13182:2020,True,True,match_version_verified,13182_2020,https://standardsbis.bsbedge.com/BIS_Preview.aspx?id=13182_2020,present,absent,absent,absent,0,0,0,0,0,success,True,False
IS 17161:2020,IS 17161:2020,True,True,match_version_verified,17161,https://standardsbis.bsbedge.com/BIS_Preview.aspx?id=17161,present,absent,absent,present,4,4,0,0,0,success,True,False
IS 516 (Part 2/Sec 2):2020,IS 516 (Part 2/Sec 2):2020,True,True,match_version_verified,516_2_2,https://standardsbis.bsbedge.com/BIS_Preview.aspx?id=516_2_2,present,absent,absent,absent,0,0,0,0,0,success,True,False
IS 516 (Part 6):2020,IS 516 (Part 6):2020,True,True,match_version_verified,516_6,https://standardsbis.bsbedge.com/BIS_Preview.aspx?id=516_6,present,absent,absent,present,1,1,0,0,0,success,True,False
IS 516 (Part 11):2020,IS 516 (Part 11):2020,True,True,match_version_verified,516_11,https://standardsbis.bsbedge.com/BIS_Preview.aspx?id=516_11,present,absent,absent,present,1,1,0,0,0,success,True,False
IS 15325:2020,IS 15325:2020,True,True,match_version_verified,15325_2020,https://standardsbis.bsbedge.com/BIS_Preview.aspx?id=15325_2020,present,absent,absent,absent,0,0,0,0,0,success,True,False
IS 15519:2020,IS 15519:2020,True,True,match_version_verified,15519_2020,https://standardsbis.bsbedge.com/BIS_Preview.aspx?id=15519_2020,present,absent,absent,absent,0,0,0,0,0,success,True,False
IS 12458:2019,IS 12458:2019,True,True,match_version_verified,12458_2019,https://standardsbis.bsbedge.com/BIS_Preview.aspx?id=12458_2019,present,absent,present,present,3,3,0,0,0,success,True,False
IS 17000:2019,IS 17000:2019,True,True,match_version_verified,17000,https://standardsbis.bsbedge.com/BIS_Preview.aspx?id=17000,absent,absent,absent,absent,0,0,0,0,0,partial_success,True,True
IS 17057:2019,IS 17057:2019,True,True,match_version_verified,17057,https://standardsbis.bsbedge.com/BIS_Preview.aspx?id=17057,absent,absent,absent,absent,0,0,0,0,0,partial_success,True,True
IS 17058:2019,IS 17058:2019,True,True,match_version_verified,17058,https://standardsbis.bsbedge.com/BIS_Preview.aspx?id=17058,absent,absent,absent,absent,0,0,0,0,0,partial_success,True,True
IS 17059:2019,IS 17059:2019,True,True,match_version_verified,17059_2019,https://standardsbis.bsbedge.com/BIS_Preview.aspx?id=17059_2019,present,absent,absent,present,10,10,0,0,0,success,True,False
IS/ISO 21927 (Part 1):2008,IS/ISO 21927 (Part 1):2008,True,True,unknown,iso21927_1_2008,,absent,absent,absent,absent,0,0,0,0,0,partial_success,False,True
IS 3495 (Part 1):2019,IS 3495 (Part 1):2019,True,True,match_version_verified,3495_1,https://standardsbis.bsbedge.com/BIS_Preview.aspx?id=3495_1,absent,absent,absent,absent,0,0,0,0,0,partial_success,True,True
IS 3495 (Part 2):2019,IS 3495 (Part 2):2019,True,True,match_version_verified,3495_2,https://standardsbis.bsbedge.com/BIS_Preview.aspx?id=3495_2,absent,absent,absent,absent,0,0,0,0,0,partial_success,True,True
IS 3495 (Part 3):2019,IS 3495 (Part 3):2019,True,True,match_version_verified,3495_3,https://standardsbis.bsbedge.com/BIS_Preview.aspx?id=3495_3,absent,absent,absent,absent,0,0,0,0,0,partial_success,True,True
IS 3495 (Part 4):2019,IS 3495 (Part 4):2019,True,True,match_version_verified,3495_4,https://standardsbis.bsbedge.com/BIS_Preview.aspx?id=3495_4,absent,absent,absent,absent,0,0,0,0,0,partial_success,True,True
IS 15477:2019,IS 15477:2019,True,True,match_version_verified,15477,https://standardsbis.bsbedge.com/BIS_Preview.aspx?id=15477,present,absent,present,present,1,1,0,0,0,success,True,False
IS 13712:2019,IS 13712:2019,True,True,match_version_verified,13712,https://standardsbis.bsbedge.com/BIS_Preview.aspx?id=13712,present,absent,absent,absent,0,0,0,0,0,success,True,False
IS 13630 (Part 1):2019,IS 13630 (Part 1):2019,True,True,match_version_verified,13630_1,https://standardsbis.bsbedge.com/BIS_Preview.aspx?id=13630_1,present,absent,absent,absent,0,0,0,0,0,success,True,False
IS 13630 (Part 2):2019,IS 13630 (Part 2):2019,True,True,match_version_verified,13630_2,https://standardsbis.bsbedge.com/BIS_Preview.aspx?id=13630_2,present,absent,absent,absent,0,0,0,0,0,success,True,False
IS 13630 (Part 3):2019,IS 13630 (Part 3):2019,True,True,match_version_verified,13630_3,https://standardsbis.bsbedge.com/BIS_Preview.aspx?id=13630_3,present,absent,absent,absent,0,0,0,0,0,success,True,False
IS 13630 (Part 4):2019,IS 13630 (Part 4):2019,True,True,match_version_verified,13630_4,https://standardsbis.bsbedge.com/BIS_Preview.aspx?id=13630_4,present,absent,absent,absent,0,0,0,0,0,success,True,False
IS 13630 (Part 5):2019,IS 13630 (Part 5):2019,True,True,match_version_verified,13630_5,https://standardsbis.bsbedge.com/BIS_Preview.aspx?id=13630_5,present,absent,absent,absent,0,0,0,0,0,success,True,False
IS 13630 (Part 6):2019,IS 13630 (Part 6):2019,True,True,match_version_verified,13630_6,https://standardsbis.bsbedge.com/BIS_Preview.aspx?id=13630_6,present,absent,absent,present,2,1,1,0,1,success,True,False
IS 13630 (Part 7):2019,IS 13630 (Part 7):2019,True,True,match_version_verified,13630_7,https://standardsbis.bsbedge.com/BIS_Preview.aspx?id=13630_7,present,absent,absent,absent,0,0,0,0,0,success,True,False
IS 13630 (Part 8):2019,IS 13630 (Part 8):2019,True,True,match_version_verified,13630_8,https://standardsbis.bsbedge.com/BIS_Preview.aspx?id=13630_8,present,absent,absent,absent,0,0,0,0,0,success,True,False
IS 13630 (Part 9):2019,IS 13630 (Part 9):2019,True,True,match_version_verified,13630_9,https://standardsbis.bsbedge.com/BIS_Preview.aspx?id=13630_9,present,absent,absent,absent,0,0,0,0,0,success,True,False
IS 13630 (Part 10):2019,IS 13630 (Part 10):2019,True,True,match_version_verified,13630_10,https://standardsbis.bsbedge.com/BIS_Preview.aspx?id=13630_10,present,absent,absent,absent,0,0,0,0,0,success,True,False
IS 13630 (Part 11):2019,IS 13630 (Part 11):2019,True,True,match_version_verified,13630_11,https://standardsbis.bsbedge.com/BIS_Preview.aspx?id=13630_11,present,absent,absent,present,2,2,0,0,0,success,True,False
IS 13630 (Part 12):2019,IS 13630 (Part 12):2019,True,True,match_version_verified,13630_12,https://standardsbis.bsbedge.com/BIS_Preview.aspx?id=13630_12,present,absent,absent,present,2,2,0,0,0,success,True,False
IS 13630 (Part 13):2019,IS 13630 (Part 13):2019,True,True,match_version_verified,13630_13,https://standardsbis.bsbedge.com/BIS_Preview.aspx?id=13630_13,present,absent,absent,absent,0,0,0,0,0,success,True,False
IS 13630 (Part 14):2019,IS 13630 (Part 14):2019,True,True,match_version_verified,13630_14,https://standardsbis.bsbedge.com/BIS_Preview.aspx?id=13630_14,present,absent,absent,absent,0,0,0,0,0,success,True,False
IS 13630 (Part 15):2019,IS 13630 (Part 15):2019,True,True,match_version_verified,13630_15,https://standardsbis.bsbedge.com/BIS_Preview.aspx?id=13630_15,present,absent,absent,present,3,3,0,0,0,success,True,False
IS 13630 (Part 16):2019,IS 13630 (Part 16):2019,True,True,match_version_verified,13630_16,https://standardsbis.bsbedge.com/BIS_Preview.aspx?id=13630_16,present,absent,absent,present,2,2,0,0,0,success,True,False
IS 784:2019,IS 784:2019,True,True,match_version_verified,784,https://standardsbis.bsbedge.com/BIS_Preview.aspx?id=784,present,absent,absent,absent,0,0,0,0,0,success,True,False
IS 13365 (Part 2):2019,IS 13365 (Part 2):2019,True,True,match_version_verified,13365_2,https://standardsbis.bsbedge.com/BIS_Preview.aspx?id=13365_2,present,absent,absent,present,2,2,0,0,0,success,True,False
IS 10262:2019,IS 10262:2019,True,True,match_version_verified,10262,https://standardsbis.bsbedge.com/BIS_Preview.aspx?id=10262,present,absent,absent,present,11,11,0,0,0,success,True,False
IS 4308:2019,IS 4308:2019,True,True,match_version_verified,4308,https://standardsbis.bsbedge.com/BIS_Preview.aspx?id=4308,present,absent,absent,present,4,3,1,0,1,success,True,False
IS 16231 (Part 4):2019,IS 16231 (Part 4):2019,True,True,match_version_verified,16231_4,https://standardsbis.bsbedge.com/BIS_Preview.aspx?id=16231_4,present,absent,present,present,6,5,0,1,0,success,True,False
IS 16231 (Part 1):2019,IS 16231 (Part 1):2019,True,True,match_version_verified,16231_1,https://standardsbis.bsbedge.com/BIS_Preview.aspx?id=16231_1,absent,present,absent,present,1,1,0,0,0,partial_success,True,False
IS 16231 (Part 2):2019,IS 16231 (Part 2):2019,True,True,match_version_verified,16231_2,https://standardsbis.bsbedge.com/BIS_Preview.aspx?id=16231_2,present,absent,present,absent,0,0,0,0,0,success,True,False
IS 16231 (Part 3):2019,IS 16231 (Part 3):2019,True,True,match_version_verified,16231_3,https://standardsbis.bsbedge.com/BIS_Preview.aspx?id=16231_3,present,absent,present,absent,0,0,0,0,0,success,True,False
IS 16777:2019,IS 16777:2019,True,True,match_version_verified,16777,https://standardsbis.bsbedge.com/BIS_Preview.aspx?id=16777,present,absent,absent,present,1,1,0,0,0,success,True,False
IS 15683:2018,IS 15683:2018,True,True,match_version_verified,15683,https://standardsbis.bsbedge.com/BIS_Preview.aspx?id=15683,present,absent,absent,absent,0,0,0,0,0,success,True,False
IS 4989:2018,IS 4989:2018,True,True,match_version_verified,4989,https://standardsbis.bsbedge.com/BIS_Preview.aspx?id=4989,present,absent,absent,present,11,10,1,0,1,success,True,False
IS 1199 (Part 2):2018,IS 1199 (Part 2):2018,True,True,match_version_verified,1199_2,https://standardsbis.bsbedge.com/BIS_Preview.aspx?id=1199_2,present,absent,present,absent,0,0,0,0,0,success,True,False
IS 1199 (Part 6):2018,IS 1199 (Part 6):2018,True,True,match_version_verified,1199_6,https://standardsbis.bsbedge.com/BIS_Preview.aspx?id=1199_6,present,absent,absent,absent,0,0,0,0,0,success,True,False
IS 516 (Part 2/Sec 1):2018,IS 516 (Part 2/Sec 1):2018,True,True,unknown,516_2_1_2018,,absent,absent,absent,absent,0,0,0,0,0,partial_success,False,True
IS 516 (Part 4):2018,IS 516 (Part 4):2018,True,True,match_version_verified,516_4,https://standardsbis.bsbedge.com/BIS_Preview.aspx?id=516_4,present,absent,present,present,6,6,0,0,0,success,True,False
IS 516 (Part 5/Sec 1):2018,IS 516 (Part 5/Sec 1):2018,True,True,match_version_verified,516_5_1,https://standardsbis.bsbedge.com/BIS_Preview.aspx?id=516_5_1,present,absent,present,absent,0,0,0,0,0,success,True,False
IS 1199 (Part 1):2018,IS 1199 (Part 1):2018,True,True,match_version_verified,1199_1,https://standardsbis.bsbedge.com/BIS_Preview.aspx?id=1199_1,present,absent,present,absent,0,0,0,0,0,success,True,False
IS 1199 (Part 3):2018,IS 1199 (Part 3):2018,True,True,match_version_verified,1199_3,https://standardsbis.bsbedge.com/BIS_Preview.aspx?id=1199_3,present,absent,absent,absent,0,0,0,0,0,success,True,False
IS 1199 (Part 4):2018,IS 1199 (Part 4):2018,True,True,match_version_verified,1199_4,https://standardsbis.bsbedge.com/BIS_Preview.aspx?id=1199_4,present,absent,absent,absent,0,0,0,0,0,success,True,False
IS 1199 (Part 5):2018,IS 1199 (Part 5):2018,True,True,match_version_verified,1199_5,https://standardsbis.bsbedge.com/BIS_Preview.aspx?id=1199_5,present,absent,absent,absent,0,0,0,0,0,success,True,False
IS 1199 (Part 7):2018,IS 1199 (Part 7):2018,True,True,match_version_verified,1199_7,https://standardsbis.bsbedge.com/BIS_Preview.aspx?id=1199_7,present,absent,absent,absent,0,0,0,0,0,success,True,False
IS 15183 (Part 1):2018,IS 15183 (Part 1):2018,True,True,match_version_verified,15183_1,https://standardsbis.bsbedge.com/BIS_Preview.aspx?id=15183_1,present,absent,present,present,2,1,0,1,0,success,True,False
IS 15183 (Part 2):2018,IS 15183 (Part 2):2018,True,True,match_version_verified,15183_2,https://standardsbis.bsbedge.com/BIS_Preview.aspx?id=15183_2,present,absent,present,present,5,4,0,1,0,success,True,False
IS 15183 (Part 3):2018,IS 15183 (Part 3):2018,True,True,match_version_verified,15183_3,https://standardsbis.bsbedge.com/BIS_Preview.aspx?id=15183_3,present,absent,present,present,4,3,0,1,0,success,True,False
IS 15912:2018,IS 15912:2018,True,True,match_version_verified,15912,https://standardsbis.bsbedge.com/BIS_Preview.aspx?id=15912,present,absent,absent,absent,0,0,0,0,0,success,True,False
IS 14458 (Part 5):2018,IS 14458 (Part 5):2018,True,True,match_version_verified,14458_5,https://standardsbis.bsbedge.com/BIS_Preview.aspx?id=14458_5,present,absent,absent,present,1,1,0,0,0,success,True,False
IS 14458 (Part 4):2018,IS 14458 (Part 4):2018,True,True,match_version_verified,14458_4,https://standardsbis.bsbedge.com/BIS_Preview.aspx?id=14458_4,present,absent,absent,present,1,1,0,0,0,success,True,False
IS 1916:2018,IS 1916:2018,True,True,unknown,1916_2018,,absent,absent,absent,absent,0,0,0,0,0,partial_success,False,True
IS 9142 (Part 1):2018,IS 9142 (Part 1):2018,True,True,match_version_verified,9142_1,https://standardsbis.bsbedge.com/BIS_Preview.aspx?id=9142_1,present,absent,absent,present,12,11,1,0,1,success,True,False
IS 9142 (Part 2):2018,IS 9142 (Part 2):2018,True,True,match_version_verified,9142_2,https://standardsbis.bsbedge.com/BIS_Preview.aspx?id=9142_2,present,absent,absent,present,16,15,1,0,1,success,True,False
IS 16715:2018,IS 16715:2018,True,True,match_version_verified,16715,https://standardsbis.bsbedge.com/BIS_Preview.aspx?id=16715,present,absent,absent,absent,0,0,0,0,0,success,True,False
IS 16993:2018,IS 16993:2018,True,True,match_version_verified,16993,https://standardsbis.bsbedge.com/BIS_Preview.aspx?id=16993,present,absent,absent,absent,0,0,0,0,0,success,True,False
IS 1443:2018,IS 1443:2018,True,True,match_version_verified,1443,https://standardsbis.bsbedge.com/BIS_Preview.aspx?id=1443,present,absent,absent,absent,0,0,0,0,0,success,True,False
IS 2114:2018,IS 2114:2018,True,True,match_version_verified,2114,https://standardsbis.bsbedge.com/BIS_Preview.aspx?id=2114,present,absent,absent,absent,0,0,0,0,0,success,True,False
IS 1341:2018,IS 1341 : 2018,True,True,match_version_verified,1341,https://standardsbis.bsbedge.com/BIS_Preview.aspx?id=1341,present,absent,present,absent,0,0,0,0,0,success,True,False
IS 9417:2018,IS 9417:2018,True,True,unknown,9417_2018,,absent,absent,absent,absent,0,0,0,0,0,partial_success,False,True
IS 15883 (Part 9):2018,IS 15883 (Part 9):2018,True,True,match_version_verified,15883_9,https://standardsbis.bsbedge.com/BIS_Preview.aspx?id=15883_9,present,absent,absent,present,14,14,0,0,0,success,True,False
IS 16644:2018,IS 16644:2018,True,True,unknown,16644_2018,,absent,absent,absent,absent,0,0,0,0,0,partial_success,False,True
IS/ISO 7240 (Part 23):2013,IS/ISO 7240 (Part 23):2013,True,True,unknown,iso7240_23_2013,,absent,absent,absent,absent,0,0,0,0,0,partial_success,False,True
IS/ISO 7240 (Part 20):2010,IS/ISO 7240 (Part 20):2010,True,True,unknown,iso7240_20_2010,,absent,absent,absent,absent,0,0,0,0,0,partial_success,False,True
IS/ISO 7240 (Part 6):2011,IS/ISO 7240 (Part 6):2011,True,True,unknown,iso7240_6_2011,,absent,absent,absent,absent,0,0,0,0,0,partial_success,False,True
IS/ISO 7240 (Part 16):2007,IS/ISO 7240 (Part 16):2007,True,True,unknown,iso7240_16_2007,,absent,absent,absent,absent,0,0,0,0,0,partial_success,False,True
IS 16720:2018,IS 16720:2018,True,True,unknown,16720_2018,,absent,absent,absent,absent,0,0,0,0,0,partial_success,False,True
IS 16714:2018,IS 16714:2018,True,True,match_version_verified,16714,https://standardsbis.bsbedge.com/BIS_Preview.aspx?id=16714,absent,present,absent,present,1,1,0,0,0,partial_success,True,False
IS 3663:2018,IS 3663:2018,True,True,match_version_verified,3663,https://standardsbis.bsbedge.com/BIS_Preview.aspx?id=3663,present,absent,absent,present,1,1,0,0,0,success,True,False
IS 16471:2017,IS 16471:2017,True,True,unknown,16471_2017,,absent,absent,absent,absent,0,0,0,0,0,partial_success,False,True
IS 1829 (Part 1):2017,IS 1829 (Part 1):2017,True,True,match_version_verified,1829_1,https://standardsbis.bsbedge.com/BIS_Preview.aspx?id=1829_1,present,absent,absent,absent,0,0,0,0,0,success,True,False
IS 1829 (Part 2):2017,IS 1829 (Part 2):2017,True,True,match_version_verified,1829_2,https://standardsbis.bsbedge.com/BIS_Preview.aspx?id=1829_2,present,absent,absent,absent,0,0,0,0,0,success,True,False
IS 16647:2017,IS 16647:2017,True,True,unknown,16647_2017,,absent,absent,absent,absent,0,0,0,0,0,partial_success,False,True
IS 2691:2017,IS 2691:2017,True,True,unknown,2691_2017,,absent,absent,absent,absent,0,0,0,0,0,partial_success,False,True
IS 16534:2017,IS 16534:2017,True,True,match_version_verified,16534,https://standardsbis.bsbedge.com/BIS_Preview.aspx?id=16534,present,absent,absent,absent,0,0,0,0,0,success,True,False
IS 15622:2017,IS 15622:2017,True,True,unknown,15622_2017,,absent,absent,absent,absent,0,0,0,0,0,partial_success,False,True
IS 16651:2017,IS 16651:2017,True,True,unknown,16651_2017,,absent,absent,absent,absent,0,0,0,0,0,partial_success,False,True
IS 16525:2017,IS 16525:2017,True,True,unknown,16525_2017,,absent,absent,absent,absent,0,0,0,0,0,partial_success,False,True
IS 16526:2017,IS 16526:2017,True,True,unknown,16526_2017,,absent,absent,absent,absent,0,0,0,0,0,partial_success,False,True
IS 16532:2017,IS 16532:2017,True,True,unknown,16532_2017,,absent,absent,absent,absent,0,0,0,0,0,partial_success,False,True
IS 16540:2017,IS 16540:2017,True,True,unknown,16540_2017,,absent,absent,absent,absent,0,0,0,0,0,partial_success,False,True
IS/ISO 834 (Part 6):2000,IS/ISO 834 (Part 6):2000,True,True,unknown,iso834_6_2000,,absent,absent,absent,absent,0,0,0,0,0,partial_success,False,True
IS 16268:2017,IS 16268:2017,True,True,unknown,16268_2017,,absent,absent,absent,absent,0,0,0,0,0,partial_success,False,True
IS 883:2016,IS 883:2016,True,True,unknown,883_2016,,absent,absent,absent,absent,0,0,0,0,0,partial_success,False,True
IS 15883 (Part 12):2016,IS 15883 (Part 12):2016,True,True,unknown,15883_12_2016,,absent,absent,absent,absent,0,0,0,0,0,partial_success,False,True
IS 16601:2016,IS 16601:2016,True,True,unknown,16601_2016,,absent,absent,absent,absent,0,0,0,0,0,partial_success,False,True
IS 802 (Part 1/Sec 2):2016,IS 802 (Part 1/Sec 2):2016,True,True,unknown,802_1_2_2016,,absent,absent,absent,absent,0,0,0,0,0,partial_success,False,True
IS/ISO 834 (Part 7):2000,IS/ISO 834 (Part 7):2000,True,True,unknown,iso834_7_2000,,absent,absent,absent,absent,0,0,0,0,0,partial_success,False,True
IS/ISO 834 (Part 8):2002,IS/ISO 834 (Part 8):2002,True,True,unknown,iso834_8_2002,,absent,absent,absent,absent,0,0,0,0,0,partial_success,False,True
IS/ISO 834 (Part 9):2003,IS/ISO 834 (Part 9):2003,True,True,unknown,iso834_9_2003,,absent,absent,absent,absent,0,0,0,0,0,partial_success,False,True
IS/ISO 3009:2003,IS/ISO 3009:2003,True,True,unknown,iso3009_2003,,absent,absent,absent,absent,0,0,0,0,0,partial_success,False,True
IS 13920:2016,IS 13920:2016,True,True,unknown,13920_2016,,absent,absent,absent,absent,0,0,0,0,0,partial_success,False,True
IS 14276:2016,IS 14276:2016,True,True,unknown,14276_2016,,absent,absent,absent,absent,0,0,0,0,0,partial_success,False,True
IS 4984:2016,IS 4984:2016,True,True,unknown,4984_2016,,absent,absent,absent,absent,0,0,0,0,0,partial_success,False,True
IS 16462:2016,IS 16462:2016,True,True,unknown,16462_2016,,absent,absent,absent,absent,0,0,0,0,0,partial_success,False,True
IS 16416:2016,IS 16416:2016,True,True,unknown,16416_2016,,absent,absent,absent,absent,0,0,0,0,0,partial_success,False,True
IS 269:2015,IS 269:2015,True,True,unknown,269_2015,,absent,absent,absent,absent,0,0,0,0,0,partial_success,False,True
IS 1489 (Part 1):2015,IS 1489 (Part 1)  : 2015,True,True,unknown,1489_1_2015,,absent,absent,absent,absent,0,0,0,0,0,partial_success,False,True
IS 1646:2015,IS 1646:2015,True,True,unknown,1646_2015,,absent,absent,absent,absent,0,0,0,0,0,partial_success,False,True
IS 4151:2015,IS 4151:2015,True,True,unknown,4151_2015,,absent,absent,absent,absent,0,0,0,0,0,partial_success,False,True
IS 455:2015,IS 455:2015,True,True,unknown,455_2015,,absent,absent,absent,absent,0,0,0,0,0,partial_success,False,True
IS 8042:2015,IS 8042:2015,True,True,unknown,8042_2015,,absent,absent,absent,absent,0,0,0,0,0,partial_success,False,True
IS 16415:2015,IS 16415:2015,True,True,unknown,16415_2015,,absent,absent,absent,absent,0,0,0,0,0,partial_success,False,True
IS/ISO 19706:2011,IS/ISO 19706:2011,True,True,unknown,iso19706_2011,,absent,absent,absent,absent,0,0,0,0,0,partial_success,False,True
IS 4998:2015,IS 4998:2015,True,True,unknown,4998_2015,,absent,absent,absent,absent,0,0,0,0,0,partial_success,False,True
IS 15883 (Part 3):2015,IS 15883 (Part 3):2015,True,True,unknown,15883_3_2015,,absent,absent,absent,absent,0,0,0,0,0,partial_success,False,True
IS 15883 (Part 4):2015,IS 15883 (Part 4):2015,True,True,unknown,15883_4_2015,,absent,absent,absent,absent,0,0,0,0,0,partial_success,False,True
IS 15883 (Part 6):2015,IS 15883 (Part 6):2015,True,True,unknown,15883_6_2015,,absent,absent,absent,absent,0,0,0,0,0,partial_success,False,True
IS 1489 (Part 2):2015,IS 1489 (Part 2):2015,True,True,unknown,1489_2_2015,,absent,absent,absent,absent,0,0,0,0,0,partial_success,False,True
IS 15883 (Part 8):2015,IS 15883 (Part 8):2015,True,True,unknown,15883_8_2015,,absent,absent,absent,absent,0,0,0,0,0,partial_success,False,True
IS 12823:2015,IS 12823:2015,True,True,unknown,12823_2015,,absent,absent,absent,absent,0,0,0,0,0,partial_success,False,True
IS 802 (Part 1/Sec 1):2015,IS 802 (Part 1/Sec 1):2015,True,True,unknown,802_1_1_2015,,absent,absent,absent,absent,0,0,0,0,0,partial_success,False,True
IS 16353:2015,IS 16353:2015,True,True,unknown,16353_2015,,absent,absent,absent,absent,0,0,0,0,0,partial_success,False,True
IS 16354:2015,IS 16354:2015,True,True,unknown,16354_2015,,absent,absent,absent,absent,0,0,0,0,0,partial_success,False,True
IS 875 (Part 3):2015,IS 875 (Part 3):2015,True,True,unknown,875_3_2015,,absent,absent,absent,absent,0,0,0,0,0,partial_success,False,True
IS/ISO 834 (Part 1):1999,IS/ISO 834 (Part 1):1999,True,True,unknown,iso834_1_1999,,absent,absent,absent,absent,0,0,0,0,0,partial_success,False,True
IS/ISO 834 (Part 4):2000,IS/ISO 834 (Part 4):2000,True,True,unknown,iso834_4_2000,,absent,absent,absent,absent,0,0,0,0,0,partial_success,False,True
IS/ISO 834 (Part 5):2000,IS/ISO 834 (Part 5):2000,True,True,unknown,iso834_5_2000,,absent,absent,absent,absent,0,0,0,0,0,partial_success,False,True
IS 1893 (Part 2):2014,IS 1893 (Part 2):2014,True,True,unknown,1893_2_2014,,absent,absent,absent,absent,0,0,0,0,0,partial_success,False,True
IS 1893 (Part 3):2014,IS 1893 (Part 3):2014,True,True,match_version_verified,1893_3,https://standardsbis.bsbedge.com/BIS_Preview.aspx?id=1893_3,absent,absent,absent,absent,0,0,0,0,0,partial_success,True,True
IS 13365 (Part 4):2014,IS 13365 (Part 4):2014,True,True,unknown,13365_4_2014,,absent,absent,absent,absent,0,0,0,0,0,partial_success,False,True
IS 13039:2014,IS 13039:2014,True,True,match_version_verified,13039,https://standardsbis.bsbedge.com/BIS_Preview.aspx?id=13039,present,absent,absent,absent,0,0,0,0,0,success,True,False
IS/ISO 12460-1:2007,IS/ISO 12460-1:2007,True,True,unknown,iso12460-1_2007,,absent,absent,absent,absent,0,0,0,0,0,partial_success,False,True
IS 16135:2014,IS 16135:2014,True,True,match_version_verified,16135,https://standardsbis.bsbedge.com/BIS_Preview.aspx?id=16135,present,absent,absent,absent,0,0,0,0,0,success,True,False
IS 12592:2002,IS 12592:2002,True,True,match_version_verified,12592,https://standardsbis.bsbedge.com/BIS_Preview.aspx?id=12592,present,absent,absent,present,15,15,0,0,0,success,True,False
IS 2753 (Part 2):2014,IS 2753 (Part 2):2014,True,True,match_version_verified,2753_2,https://standardsbis.bsbedge.com/BIS_Preview.aspx?id=2753_2,present,absent,absent,present,1,1,0,0,0,success,True,False
IS 6006:2014,IS 6006:2014,True,True,match_version_verified,6006,https://standardsbis.bsbedge.com/BIS_Preview.aspx?id=6006,present,absent,absent,present,6,6,0,0,0,success,True,False
IS 16171:2014,IS 16171:2014,True,True,unknown,16171_2014,,absent,absent,absent,absent,0,0,0,0,0,partial_success,False,True
IS 16130:2014,IS 16130:2014,True,True,match_version_verified,16130,https://standardsbis.bsbedge.com/BIS_Preview.aspx?id=16130,absent,present,absent,absent,0,0,0,0,0,partial_success,True,False
IS 2911 (Part 4):2013,IS 2911 (Part 4):2013,True,True,match_version_verified,2911_4,https://standardsbis.bsbedge.com/BIS_Preview.aspx?id=2911_4,present,absent,absent,present,8,8,0,0,0,success,True,False
IS 3952:2013,IS 3952:2013,True,True,match_version_verified,3952,https://standardsbis.bsbedge.com/BIS_Preview.aspx?id=3952,present,absent,absent,present,3,3,0,0,0,success,True,False
IS 4014 (Part 2):2013,IS 4014 (Part 2):2013,True,True,unknown,4014_2_2013,,absent,absent,absent,absent,0,0,0,0,0,partial_success,False,True
IS 9338:2013,IS 9338:2013,True,True,match_version_verified,9338,https://standardsbis.bsbedge.com/BIS_Preview.aspx?id=9338,present,absent,absent,absent,0,0,0,0,0,success,True,False
IS 16096:2013,IS 16096:2013,True,True,match_version_verified,16096,https://standardsbis.bsbedge.com/BIS_Preview.aspx?id=16096,present,absent,absent,absent,0,0,0,0,0,success,True,False
IS 4081:2013,IS 4081:2013,True,True,unknown,4081_2013,,absent,absent,absent,absent,0,0,0,0,0,partial_success,False,True
IS 5916:2013,IS 5916:2013,True,True,unknown,5916_2013,,absent,absent,absent,absent,0,0,0,0,0,partial_success,False,True
IS 15883 (Part 5):2013,IS 15883 (Part 5):2013,True,True,match_version_verified,15883_5,https://standardsbis.bsbedge.com/BIS_Preview.aspx?id=15883_5,present,absent,absent,present,6,4,0,2,0,success,True,False
IS 15972:2012,IS 15972:2012,True,True,unknown,15972_2012,,absent,absent,absent,absent,0,0,0,0,0,partial_success,False,True
IS 5121:2013,IS 5121:2013,True,True,unknown,5121_2013,,absent,absent,absent,absent,0,0,0,0,0,partial_success,False,True
IS 16088:2012,IS 16088:2012,True,True,match_version_verified,16088,https://standardsbis.bsbedge.com/BIS_Preview.aspx?id=16088,present,absent,absent,absent,0,0,0,0,0,success,True,False
IS 16073:2013,IS 16073:2013,True,True,match_version_verified,16073,https://standardsbis.bsbedge.com/BIS_Preview.aspx?id=16073,present,absent,absent,absent,0,0,0,0,0,success,True,False
IS 16095:2013,IS 16095:2013,True,True,match_version_verified,16095,https://standardsbis.bsbedge.com/BIS_Preview.aspx?id=16095,present,absent,absent,absent,0,0,0,0,0,success,True,False
IS 16109:2013,IS 16109:2013,True,True,match_version_verified,16109,https://standardsbis.bsbedge.com/BIS_Preview.aspx?id=16109,present,absent,absent,absent,0,0,0,0,0,success,True,False
IS/ISO 6182 (Part 7):2004,IS/ISO 6182 (Part 7):2004,True,True,unknown,iso6182_7_2004,,absent,absent,absent,absent,0,0,0,0,0,partial_success,False,True
IS/ISO 7240 (Part 11):2011,IS/ISO 7240 (Part 11):2011,True,True,unknown,iso7240_11_2011,,absent,absent,absent,absent,0,0,0,0,0,partial_success,False,True
IS 5219:2013,IS 5219:2013,True,True,match_version_verified,5219,https://standardsbis.bsbedge.com/BIS_Preview.aspx?id=5219,present,absent,absent,absent,0,0,0,0,0,success,True,False
IS 1125:2013,IS 1125:2013,True,True,unknown,1125_2013,,absent,absent,absent,absent,0,0,0,0,0,partial_success,False,True
IS 1200 (Part 10):2013,IS 1200 (Part 10):2013,True,True,match_version_verified,1200_10,https://standardsbis.bsbedge.com/BIS_Preview.aspx?id=1200_10,present,absent,absent,absent,0,0,0,0,0,success,True,False
IS 1200 (Part 7):2013,IS 1200 (Part 7):2013,True,True,match_version_verified,1200_7,https://standardsbis.bsbedge.com/BIS_Preview.aspx?id=1200_7,present,absent,absent,absent,0,0,0,0,0,success,True,False
IS 2963:2013,IS 2963:2013,True,True,match_version_verified,2963,https://standardsbis.bsbedge.com/BIS_Preview.aspx?id=2963,present,absent,absent,absent,0,0,0,0,0,success,True,False
IS 5312 (Part 2):2013,IS 5312 (Part 2):2013,True,True,match_version_verified,5312_2,https://standardsbis.bsbedge.com/BIS_Preview.aspx?id=5312_2,present,absent,absent,absent,0,0,0,0,0,success,True,False
IS 10 (Part 2):2013,IS 10 (Part 2):2013,True,True,match_version_verified,10_2,https://standardsbis.bsbedge.com/BIS_Preview.aspx?id=10_2,present,absent,absent,absent,0,0,0,0,0,success,True,False
IS 1126:2013,IS 1126:2013,True,True,unknown,1126_2013,,absent,absent,absent,absent,0,0,0,0,0,partial_success,False,True
IS 1643:2013,IS 1643:2013,True,True,match_version_verified,1643,https://standardsbis.bsbedge.com/BIS_Preview.aspx?id=1643,present,absent,absent,present,4,4,0,0,0,success,True,False
IS 1644:2013,IS 1644:2013,True,True,match_version_verified,1644,https://standardsbis.bsbedge.com/BIS_Preview.aspx?id=1644,present,absent,absent,present,9,8,0,1,0,success,True,False
IS 1641:2013,IS 1641:2013,True,True,match_version_verified,1641,https://standardsbis.bsbedge.com/BIS_Preview.aspx?id=1641,present,absent,absent,present,4,3,0,1,0,success,True,False
IS 1642:2013,IS 1642:2013,True,True,match_version_verified,1642,https://standardsbis.bsbedge.com/BIS_Preview.aspx?id=1642,present,absent,absent,absent,0,0,0,0,0,success,True,False
IS 13592:2013,IS 13592:2013,True,True,match_version_verified,13592,https://standardsbis.bsbedge.com/BIS_Preview.aspx?id=13592,present,absent,absent,absent,0,0,0,0,0,success,True,False
IS 13801:2013,IS 13801:2013,True,True,match_version_verified,13801,https://standardsbis.bsbedge.com/BIS_Preview.aspx?id=13801,present,absent,absent,absent,0,0,0,0,0,success,True,False
IS 3812 (Part 1):2013,IS 3812 (Part 1)  : 2013,True,True,unknown,3812_1_2013,,absent,absent,absent,absent,0,0,0,0,0,partial_success,False,True
IS 3812 (Part 2):2013,IS 3812 (Part 2):2013,True,True,unknown,3812_2_2013,,absent,absent,absent,absent,0,0,0,0,0,partial_success,False,True
IS 8758:2013,IS 8758:2013,True,True,match_version_verified,8758,https://standardsbis.bsbedge.com/BIS_Preview.aspx?id=8758,present,absent,present,absent,0,0,0,0,0,success,True,False
IS 7193:2013,IS 7193:2013,True,True,unknown,7193_2013,,absent,absent,absent,absent,0,0,0,0,0,partial_success,False,True
IS 16018:2012,IS 16018:2012,True,True,match_version_verified,16018,https://standardsbis.bsbedge.com/BIS_Preview.aspx?id=16018,present,absent,present,present,13,13,0,0,0,success,True,False
IS 1607:2013,IS 1607:2013,True,True,match_version_verified,1607,https://standardsbis.bsbedge.com/BIS_Preview.aspx?id=1607,present,absent,absent,present,2,2,0,0,0,success,True,False
IS 16098 (Part 1):2013,IS 16098 (Part 1):2013,True,True,unknown,16098_1_2013,,absent,absent,absent,absent,0,0,0,0,0,partial_success,False,True
IS 16098 (Part 2):2013,IS 16098 (Part 2):2013,True,True,unknown,16098_2_2013,,absent,absent,absent,absent,0,0,0,0,0,partial_success,False,True
IS 15883 (Part 2):2013,IS 15883 (Part 2):2013,True,True,unknown,15883_2_2013,,absent,absent,absent,absent,0,0,0,0,0,partial_success,False,True
IS 15988:2013,IS 15988:2013,True,True,match_version_verified,15988,https://standardsbis.bsbedge.com/BIS_Preview.aspx?id=15988,present,absent,absent,present,3,3,0,0,0,success,True,False
IS 1121 (Part 4):2013,IS 1121 (Part 4):2013,True,True,match_version_verified,1121_4,https://standardsbis.bsbedge.com/BIS_Preview.aspx?id=1121_4,present,absent,absent,absent,0,0,0,0,0,success,True,False
IS 1343:2012,IS 1343:2012,True,True,unknown,1343_2012,,absent,absent,absent,absent,0,0,0,0,0,partial_success,False,True
IS 950:2012,IS 950:2012,True,True,match_version_verified,950,https://standardsbis.bsbedge.com/BIS_Preview.aspx?id=950,present,absent,absent,absent,0,0,0,0,0,success,True,False
IS 15932 (Part 1):2012,IS 15932 (Part 1):2012,True,True,unknown,15932_1_2012,,absent,absent,absent,absent,0,0,0,0,0,partial_success,False,True
IS 15931:2012,IS 15931:2012,True,True,unknown,15931_2012,,absent,absent,absent,absent,0,0,0,0,0,partial_success,False,True
IS 10701:2012,IS 10701:2012,True,True,unknown,10701_2012,,absent,absent,absent,absent,0,0,0,0,0,partial_success,False,True
IS 2871:2012,IS 2871:2012,True,True,match_version_verified,2871,https://standardsbis.bsbedge.com/BIS_Preview.aspx?id=2871,present,absent,absent,absent,0,0,0,0,0,success,True,False
IS 7634 (Part 2):2012,IS 7634 (Part 2):2012,True,True,unknown,7634_2_2012,,absent,absent,absent,absent,0,0,0,0,0,partial_success,False,True
IS 952:2012,IS 952:2012,True,True,match_version_verified,952,https://standardsbis.bsbedge.com/BIS_Preview.aspx?id=952,present,absent,absent,absent,0,0,0,0,0,success,True,False
IS 15927 (Part 1):2012,IS 15927 (Part 1):2012,True,True,unknown,15927_1_2012,,absent,absent,absent,absent,0,0,0,0,0,partial_success,False,True
IS 1237:2012,IS 1237:2012,True,True,unknown,1237_2012,,absent,absent,absent,absent,0,0,0,0,0,partial_success,False,True
IS 949:2012,IS 949:2012,True,True,match_version_verified,949,https://standardsbis.bsbedge.com/BIS_Preview.aspx?id=949,present,absent,absent,absent,0,0,0,0,0,success,True,False
IS 15927 (Part 2):2012,IS 15927 (Part 2):2012,True,True,unknown,15927_2_2012,,absent,absent,absent,absent,0,0,0,0,0,partial_success,False,True
IS 1838 (Part 3):2011,IS 1838 (Part 3):2011,True,True,unknown,1838_3_2011,,absent,absent,absent,absent,0,0,0,0,0,partial_success,False,True
IS 15927 (Part 3):2011,IS 15927 (Part 3):2011,True,True,unknown,15927_3_2011,,absent,absent,absent,absent,0,0,0,0,0,partial_success,False,True
IS 707:2011,IS 707:2011,True,True,unknown,707_2011,,absent,absent,absent,absent,0,0,0,0,0,partial_success,False,True
IS 10124 (Part 1):2009,IS 10124 (Part 1):2009,True,True,match_version_verified,10124_1,https://standardsbis.bsbedge.com/BIS_Preview.aspx?id=10124_1,present,absent,absent,present,3,3,0,0,0,success,True,False
IS 10124 (Part 10):2009,IS 10124 (Part 10):2009,True,True,match_version_verified,10124_10,https://standardsbis.bsbedge.com/BIS_Preview.aspx?id=10124_10,present,absent,absent,present,2,2,0,0,0,success,True,False
IS 10124 (Part 11):2009,IS 10124 (Part 11):2009,True,True,match_version_verified,10124_11,https://standardsbis.bsbedge.com/BIS_Preview.aspx?id=10124_11,present,absent,absent,present,2,2,0,0,0,success,True,False
IS 10124 (Part 12):2009,IS 10124 (Part 12):2009,True,True,match_version_verified,10124_12,https://standardsbis.bsbedge.com/BIS_Preview.aspx?id=10124_12,present,absent,absent,present,2,2,0,0,0,success,True,False
IS 10124 (Part 13):2009,IS 10124 (Part 13):2009,True,True,match_version_verified,10124_13,https://standardsbis.bsbedge.com/BIS_Preview.aspx?id=10124_13,present,absent,absent,present,2,2,0,0,0,success,True,False
IS 10124 (Part 2):2009,IS 10124 (Part 2):2009,True,True,match_version_verified,10124_2,https://standardsbis.bsbedge.com/BIS_Preview.aspx?id=10124_2,present,absent,absent,present,2,2,0,0,0,success,True,False
IS 10124 (Part 3):2009,IS 10124 (Part 3):2009,True,True,match_version_verified,10124_3,https://standardsbis.bsbedge.com/BIS_Preview.aspx?id=10124_3,present,absent,absent,present,2,2,0,0,0,success,True,False
IS 10124 (Part 4):2009,IS 10124 (Part 4):2009,True,True,match_version_verified,10124_4,https://standardsbis.bsbedge.com/BIS_Preview.aspx?id=10124_4,present,absent,absent,present,2,2,0,0,0,success,True,False
IS 10124 (Part 5):2009,IS 10124 (Part 5):2009,True,True,match_version_verified,10124_5,https://standardsbis.bsbedge.com/BIS_Preview.aspx?id=10124_5,present,absent,absent,present,2,2,0,0,0,success,True,False
IS 10124 (Part 6):2009,IS 10124 (Part 6):2009,True,True,match_version_verified,10124_6,https://standardsbis.bsbedge.com/BIS_Preview.aspx?id=10124_6,present,absent,absent,present,3,3,0,0,0,success,True,False
IS 10124 (Part 7):2009,IS 10124 (Part 7):2009,True,True,match_version_verified,10124_7,https://standardsbis.bsbedge.com/BIS_Preview.aspx?id=10124_7,present,absent,absent,present,3,3,0,0,0,success,True,False
IS 10124 (Part 8):2009,IS 10124 (Part 8):2009,True,True,match_version_verified,10124_8,https://standardsbis.bsbedge.com/BIS_Preview.aspx?id=10124_8,present,absent,absent,present,2,2,0,0,0,success,True,False
IS 10124 (Part 9):2009,IS 10124 (Part 9):2009,True,True,match_version_verified,10124_9,https://standardsbis.bsbedge.com/BIS_Preview.aspx?id=10124_9,present,absent,absent,present,2,2,0,0,0,success,True,False
IS 206:2010,IS 206 : 2010,True,True,unknown,206_2010,,absent,absent,absent,absent,0,0,0,0,0,partial_success,False,True
IS 2911 (Part 1/Sec 1):2010,IS 2911 (Part 1/Sec 1):2010,True,True,unknown,2911_1_1_2010,,absent,absent,absent,absent,0,0,0,0,0,partial_success,False,True
IS 2911 (Part 1/Sec 2):2010,IS 2911 (Part 1/Sec 2):2010,True,True,unknown,2911_1_2_2010,,absent,absent,absent,absent,0,0,0,0,0,partial_success,False,True
IS 2911 (Part 1/Sec 3):2010,IS 2911 (Part 1/Sec 3):2010,True,True,unknown,2911_1_3_2010,,absent,absent,absent,absent,0,0,0,0,0,partial_success,False,True
IS 2911 (Part 1/Sec 4):2010,IS 2911 (Part 1/Sec 4):2010,True,True,unknown,2911_1_4_2010,,absent,absent,absent,absent,0,0,0,0,0,partial_success,False,True
IS 6003:2010,IS 6003:2010,True,True,unknown,6003_2010,,absent,absent,absent,absent,0,0,0,0,0,partial_success,False,True
IS 15890:2010,IS 15890:2010,True,True,unknown,15890_2010,,absent,absent,absent,absent,0,0,0,0,0,partial_success,False,True
IS 15877:2010,IS 15877:2010,True,True,unknown,15877_2010,,absent,absent,absent,absent,0,0,0,0,0,partial_success,False,True
IS 15878:2010,IS 15878:2010,True,True,unknown,15878_2010,,absent,absent,absent,absent,0,0,0,0,0,partial_success,False,True
IS 13935:2009,IS 13935:2009,True,True,match_version_verified,13935,https://standardsbis.bsbedge.com/BIS_Preview.aspx?id=13935,absent,absent,absent,absent,0,0,0,0,0,partial_success,True,True
IS 15883 (Part 1):2009,IS 15883 (Part 1):2009,True,True,match_version_verified,15883_1,https://standardsbis.bsbedge.com/BIS_Preview.aspx?id=15883_1,present,absent,absent,present,4,4,0,0,0,success,True,False
IS 15835:2009,IS 15835:2009,True,True,unknown,15835_2009,,absent,absent,absent,absent,0,0,0,0,0,partial_success,False,True
IS 15833:2009,IS 15833:2009,True,True,match_version_verified,15833,https://standardsbis.bsbedge.com/BIS_Preview.aspx?id=15833,present,absent,absent,present,3,3,0,0,0,success,True,False
IS 281:2009,IS 281:2009,True,True,match_version_verified,281,https://standardsbis.bsbedge.com/BIS_Preview.aspx?id=281,present,absent,absent,present,8,8,0,0,0,success,True,False
IS 15811:2008,IS 15811:2008,True,True,match_version_verified,15811,https://standardsbis.bsbedge.com/BIS_Preview.aspx?id=15811,present,absent,absent,present,17,17,0,0,0,success,True,False
IS 15786:2008,IS 15786:2008,True,True,match_version_verified,15786,https://standardsbis.bsbedge.com/BIS_Preview.aspx?id=15786,present,absent,absent,present,7,7,0,0,0,success,True,False
IS 4873 (Part 1):2008,IS 4873 (Part 1):2008,True,True,match_version_verified,4873_1,https://standardsbis.bsbedge.com/BIS_Preview.aspx?id=4873_1,present,absent,absent,absent,0,0,0,0,0,success,True,False
IS 6874:2008,IS 6874:2008,True,True,match_version_verified,6874,https://standardsbis.bsbedge.com/BIS_Preview.aspx?id=6874,present,absent,absent,absent,0,0,0,0,0,success,True,False
IS 1786:2008,IS 1786:2008,True,True,match_version_verified,1786,https://standardsbis.bsbedge.com/BIS_Preview.aspx?id=1786,present,absent,present,present,5,5,0,0,0,success,True,False
IS 2185 (Part 4):2008,IS 2185 (Part 4):2008,True,True,unknown,2185_4_2008,,absent,absent,absent,absent,0,0,0,0,0,partial_success,False,True
IS 15801:2008,IS 15801:2008,True,True,unknown,15801_2008,,absent,absent,absent,absent,0,0,0,0,0,partial_success,False,True
IS 15791:2007,IS 15791:2007,True,True,match_version_verified,15791,https://standardsbis.bsbedge.com/BIS_Preview.aspx?id=15791,present,absent,absent,present,8,8,0,0,0,success,True,False
IS 800:2007,IS 800:2007,True,True,match_version_verified,800,https://standardsbis.bsbedge.com/BIS_Preview.aspx?id=800,absent,absent,absent,present,64,63,1,0,1,partial_success,True,True
IS 651:2007,IS 651:2007,True,True,unknown,651_2007,,absent,absent,absent,absent,0,0,0,0,0,partial_success,False,True
IS 15778:2007,IS 15778:2007,True,True,unknown,15778_2007,,absent,absent,absent,absent,0,0,0,0,0,partial_success,False,True
IS 4457:2007,IS 4457:2007,True,True,unknown,4457_2007,,absent,absent,absent,absent,0,0,0,0,0,partial_success,False,True
IS 4971:2007,IS 4971:2007,True,True,unknown,4971_2007,,absent,absent,absent,absent,0,0,0,0,0,partial_success,False,True
IS 6073:2006,IS 6073:2006,True,True,unknown,6073_2006,,absent,absent,absent,absent,0,0,0,0,0,partial_success,False,True
IS 15682:2006,IS 15682:2006,True,True,match_version_verified,15682,https://standardsbis.bsbedge.com/BIS_Preview.aspx?id=15682,present,absent,absent,absent,0,0,0,0,0,success,True,False
IS 15684:2006,IS 15684:2006,True,True,unknown,15684_2006,,absent,absent,absent,absent,0,0,0,0,0,partial_success,False,True
IS 1658:2006,IS 1658:2006,True,True,unknown,1658_2006,,absent,absent,absent,absent,0,0,0,0,0,partial_success,False,True
IS 4947:2006,IS 4947:2006,True,True,unknown,4947_2006,,absent,absent,absent,absent,0,0,0,0,0,partial_success,False,True
IS 11450:2006,IS 11450:2006,True,True,unknown,11450_2006,,absent,absent,absent,absent,0,0,0,0,0,partial_success,False,True
IS 15663 (Part 1):2006,IS 15663 (Part 1):2006,True,True,unknown,15663_1_2006,,absent,absent,absent,absent,0,0,0,0,0,partial_success,False,True
IS 15648:2006,IS 15648:2006,True,True,unknown,15648_2006,,absent,absent,absent,absent,0,0,0,0,0,partial_success,False,True
IS 15663 (Part 2):2006,IS 15663 (Part 2):2006,True,True,unknown,15663_2_2006,,absent,absent,absent,absent,0,0,0,0,0,partial_success,False,True
IS 15663 (Part 3):2006,IS 15663 (Part 3):2006,True,True,unknown,15663_3_2006,,absent,absent,absent,absent,0,0,0,0,0,partial_success,False,True
IS 1902:2006,IS 1902:2006,True,True,unknown,1902_2006,,absent,absent,absent,absent,0,0,0,0,0,partial_success,False,True
IS 9096:2006,IS 9096:2006,True,True,unknown,9096_2006,,absent,absent,absent,absent,0,0,0,0,0,partial_success,False,True
IS 12082 (Part 1):2006,IS 12082 (Part 1):2006,True,True,unknown,12082_1_2006,,absent,absent,absent,absent,0,0,0,0,0,partial_success,False,True
IS 12082 (Part 2):2006,IS 12082 (Part 2):2006,True,True,unknown,12082_2_2006,,absent,absent,absent,absent,0,0,0,0,0,partial_success,False,True
IS 11770 (Part 2):2006,IS 11770 (Part 2):2006,True,True,unknown,11770_2_2006,,absent,absent,absent,absent,0,0,0,0,0,partial_success,False,True
IS 11769 (Part 2):2005,IS 11769 (Part 2):2005,True,True,unknown,11769_2_2005,,absent,absent,absent,absent,0,0,0,0,0,partial_success,False,True
IS 11767:2005,IS 11767:2005,True,True,unknown,11767_2005,,absent,absent,absent,absent,0,0,0,0,0,partial_success,False,True
IS 3087:2005,IS 3087:2005,True,True,unknown,3087_2005,,absent,absent,absent,absent,0,0,0,0,0,partial_success,False,True
IS 2572:2005,IS 2572:2005,True,True,unknown,2572_2005,,absent,absent,absent,absent,0,0,0,0,0,partial_success,False,True
IS 2185 (Part 1):2005,IS 2185 (Part 1):2005,True,True,unknown,2185_1_2005,,absent,absent,absent,absent,0,0,0,0,0,partial_success,False,True
IS 5312 (Part 1):2004,IS 5312 (Part 1):2004,True,True,match_version_verified,5312_1,https://standardsbis.bsbedge.com/BIS_Preview.aspx?id=5312_1,present,absent,absent,present,16,16,0,0,0,success,True,False
IS 12235 (Part 1 to 19):2004,IS 12235 (Part 1 to 19):2004,True,False,unknown,,,not_verified,not_verified,not_verified,absent,0,0,0,0,0,failed,False,True
IS 15499:2004,IS 15499:2004,True,True,unknown,15499_2004,,absent,absent,absent,absent,0,0,0,0,0,partial_success,False,True
IS 15512:2004,IS 15512:2004,True,True,unknown,15512_2004,,absent,absent,absent,absent,0,0,0,0,0,partial_success,False,True
IS 2556 (Part 4):2004,IS 2556 (Part 4):2004,True,True,match_version_verified,2556_4,https://standardsbis.bsbedge.com/BIS_Preview.aspx?id=2556_4,present,absent,absent,present,6,6,0,0,0,success,True,False
IS 2556 (Part 9):2004,IS 2556 (Part 9):2004,True,True,match_version_verified,2556_9,https://standardsbis.bsbedge.com/BIS_Preview.aspx?id=2556_9,present,absent,absent,present,2,2,0,0,0,success,True,False
IS 12456:2004,IS 12456:2004,True,True,unknown,12456_2004,,absent,absent,absent,absent,0,0,0,0,0,partial_success,False,True
IS 12778:2004,IS 12778:2004,True,True,unknown,12778_2004,,absent,absent,absent,absent,0,0,0,0,0,partial_success,False,True
IS 15497:2004,IS 15497:2004,True,True,unknown,15497_2004,,absent,absent,absent,absent,0,0,0,0,0,partial_success,False,True
IS 15505:2004,IS 15505:2004,True,True,unknown,15505_2004,,absent,absent,absent,absent,0,0,0,0,0,partial_success,False,True
IS 15517:2004,IS 15517:2004,True,True,unknown,15517_2004,,absent,absent,absent,absent,0,0,0,0,0,partial_success,False,True
IS 15525:2004,IS 15525:2004,True,True,unknown,15525_2004,,absent,absent,absent,absent,0,0,0,0,0,partial_success,False,True
IS 15528:2004,IS 15528:2004,True,True,unknown,15528_2004,,absent,absent,absent,absent,0,0,0,0,0,partial_success,False,True
IS 15284 (Part 2):2004,IS 15284 (Part 2):2004,True,True,unknown,15284_2_2004,,absent,absent,absent,absent,0,0,0,0,0,partial_success,False,True
IS 15455:2004,IS 15455:2004,True,True,unknown,15455_2004,,absent,absent,absent,absent,0,0,0,0,0,partial_success,False,True
IS 15456:2004,IS 15456:2004,True,True,unknown,15456_2004,,absent,absent,absent,absent,0,0,0,0,0,partial_success,False,True
IS 15457:2004,IS 15457:2004,True,True,unknown,15457_2004,,absent,absent,absent,absent,0,0,0,0,0,partial_success,False,True
IS 15458:2004,IS 15458:2004,True,True,unknown,15458_2004,,absent,absent,absent,absent,0,0,0,0,0,partial_success,False,True
IS 15491:2004,IS 15491:2004,True,True,unknown,15491_2004,,absent,absent,absent,absent,0,0,0,0,0,partial_success,False,True
IS 15496:2004,IS 15496:2004,True,True,unknown,15496_2004,,absent,absent,absent,absent,0,0,0,0,0,partial_success,False,True
IS 15501:2004,IS 15501:2004,True,True,unknown,15501_2004,,absent,absent,absent,absent,0,0,0,0,0,partial_success,False,True
IS 15506:2004,IS 15506:2004,True,True,unknown,15506_2004,,absent,absent,absent,absent,0,0,0,0,0,partial_success,False,True
IS 1659:2004,IS 1659:2004,True,True,unknown,1659_2004,,absent,absent,absent,absent,0,0,0,0,0,partial_success,False,True
IS 4907:2004,IS 4907:2004,True,True,unknown,4907_2004,,absent,absent,absent,absent,0,0,0,0,0,partial_success,False,True
IS 7673:2004,IS 7673:2004,True,True,match_version_verified,7673,https://standardsbis.bsbedge.com/BIS_Preview.aspx?id=7673,present,absent,absent,absent,0,0,0,0,0,success,True,False
IS 956:2004,IS 956:2004,True,True,unknown,956_2004,,absent,absent,absent,absent,0,0,0,0,0,partial_success,False,True
IS 9271:2004,IS 9271:2004,True,True,match_version_verified,9271,https://standardsbis.bsbedge.com/BIS_Preview.aspx?id=9271,present,absent,absent,present,5,5,0,0,0,success,True,False
IS 15476:2004,IS 15476:2004,True,True,unknown,15476_2004,,absent,absent,absent,absent,0,0,0,0,0,partial_success,False,True
IS 15418:2003,IS 15418:2003,True,True,match_version_verified,15418,https://standardsbis.bsbedge.com/BIS_Preview.aspx?id=15418,present,absent,absent,present,3,3,0,0,0,success,True,False
IS 15401:2003,IS 15401:2003,True,True,match_version_verified,15401,https://standardsbis.bsbedge.com/BIS_Preview.aspx?id=15401,present,absent,absent,absent,0,0,0,0,0,success,True,False
IS 1592:2003,IS 1592:2003,True,True,unknown,1592_2003,,absent,absent,absent,absent,0,0,0,0,0,partial_success,False,True
IS 14435:2013,IS 14435:2013,True,True,match_version_verified,14435,https://standardsbis.bsbedge.com/BIS_Preview.aspx?id=14435,present,absent,absent,absent,0,0,0,0,0,success,True,False
IS 5913:2003,IS 5913:2003,True,True,unknown,5913_2003,,absent,absent,absent,absent,0,0,0,0,0,partial_success,False,True
IS 1003 (Part 1):2003,IS 1003 (Part 1):2003,True,True,match_version_verified,1003_1,https://standardsbis.bsbedge.com/BIS_Preview.aspx?id=1003_1,present,absent,absent,present,24,24,0,0,0,success,True,False
IS 15388:2003,IS 15388:2003,True,True,unknown,15388_2003,,absent,absent,absent,absent,0,0,0,0,0,partial_success,False,True
IS 15394:2003,IS 15394:2003,True,True,match_version_verified,15394,https://standardsbis.bsbedge.com/BIS_Preview.aspx?id=15394,present,absent,absent,present,5,5,0,0,0,success,True,False
IS 15328:2003,IS 15328:2003,True,True,match_version_verified,15328,https://standardsbis.bsbedge.com/BIS_Preview.aspx?id=15328,present,absent,absent,present,5,5,0,0,0,success,True,False
IS 2645:2003,IS 2645:2003,True,True,unknown,2645_2003,,absent,absent,absent,absent,0,0,0,0,0,partial_success,False,True
IS 951:2003,IS 951:2003,True,True,match_version_verified,951,https://standardsbis.bsbedge.com/BIS_Preview.aspx?id=951,present,absent,absent,present,18,18,0,0,0,success,True,False
IS 15345:2003,IS 15345:2003,True,True,match_version_verified,15345,https://standardsbis.bsbedge.com/BIS_Preview.aspx?id=15345,present,absent,absent,absent,0,0,0,0,0,success,True,False
IS 4926:2003,IS 4926:2003,True,True,unknown,4926_2003,,absent,absent,absent,absent,0,0,0,0,0,partial_success,False,True
IS 4989 (Part 4):2003,IS 4989 (Part 4):2003,True,True,match_version_verified,4989_4,https://standardsbis.bsbedge.com/BIS_Preview.aspx?id=4989_4,present,absent,absent,present,6,6,0,0,0,success,True,False
IS 15265:2003,IS 15265:2003,True,True,match_version_verified,15265,https://standardsbis.bsbedge.com/BIS_Preview.aspx?id=15265,present,absent,absent,present,3,3,0,0,0,success,True,False
IS 15301:2003,IS 15301:2003,True,True,match_version_verified,15301,https://standardsbis.bsbedge.com/BIS_Preview.aspx?id=15301,present,absent,absent,present,8,7,0,1,0,success,True,False
IS 7634 (Part 3):2003,IS 7634 (Part 3):2003,True,True,match_version_verified,7634_3,https://standardsbis.bsbedge.com/BIS_Preview.aspx?id=7634_3,present,absent,absent,present,3,3,0,0,0,success,True,False
IS 15284 (Part 1):2003,IS 15284 (Part 1):2003,True,True,match_version_verified,15284_1,https://standardsbis.bsbedge.com/BIS_Preview.aspx?id=15284_1,present,absent,absent,present,3,3,0,0,0,success,True,False
IS 15220:2002,IS 15220:2002,True,True,match_version_verified,15220,https://standardsbis.bsbedge.com/BIS_Preview.aspx?id=15220,present,absent,absent,present,2,2,0,0,0,success,True,False
IS 15221:2002,IS 15221:2002,True,True,match_version_verified,15221,https://standardsbis.bsbedge.com/BIS_Preview.aspx?id=15221,present,absent,absent,present,1,1,0,0,0,success,True,False
IS 15222:2002,IS 15222:2002,True,True,match_version_verified,15222,https://standardsbis.bsbedge.com/BIS_Preview.aspx?id=15222,present,absent,absent,present,4,4,0,0,0,success,True,False
IS 15224:2002,IS 15224:2002,True,True,match_version_verified,15224,https://standardsbis.bsbedge.com/BIS_Preview.aspx?id=15224,present,absent,absent,absent,0,0,0,0,0,success,True,False
IS 5131:2002,IS 5131:2002,True,True,match_version_verified,5131,https://standardsbis.bsbedge.com/BIS_Preview.aspx?id=5131,present,absent,absent,absent,0,0,0,0,0,success,True,False
IS 1195:2002,IS 1195:2002,True,True,match_version_verified,1195,https://standardsbis.bsbedge.com/BIS_Preview.aspx?id=1195,present,absent,absent,absent,0,0,0,0,0,success,True,False
IS 15180:2002,IS 15180:2002,True,True,unknown,15180_2002,,absent,absent,absent,absent,0,0,0,0,0,partial_success,False,True
IS 15194:2002,IS 15194:2002,True,True,match_version_uncertain,15194,,present,absent,absent,absent,0,0,0,0,0,partial_success,False,True
IS 5317:2002,IS 5317:2002,True,True,unknown,5317_2002,,absent,absent,absent,absent,0,0,0,0,0,partial_success,False,True
IS 9972:2002,IS 9972:2002,True,True,unknown,9972_2002,,absent,absent,absent,absent,0,0,0,0,0,partial_success,False,True
IS 15193:2002,IS 15193:2002,True,True,match_version_verified,15193,https://standardsbis.bsbedge.com/BIS_Preview.aspx?id=15193,present,absent,absent,absent,0,0,0,0,0,success,True,False
IS 3595:2002,IS 3595:2002,True,True,unknown,3595_2002,,absent,absent,absent,absent,0,0,0,0,0,partial_success,False,True
IS 3861:2002,IS 3861:2002,True,True,unknown,3861_2002,,absent,absent,absent,absent,0,0,0,0,0,partial_success,False,True
IS 12894:2002,IS 12894:2002,True,True,unknown,12894_2002,,absent,absent,absent,absent,0,0,0,0,0,partial_success,False,True
IS 14881:2001,IS 14881:2001,True,True,unknown,14881_2001,,absent,absent,absent,absent,0,0,0,0,0,partial_success,False,True
IS 15051:2001,IS 15051:2001,True,True,match_version_verified,15051,https://standardsbis.bsbedge.com/BIS_Preview.aspx?id=15051,present,absent,absent,present,7,7,0,0,0,success,True,False
IS 2556 (Part 17):2001,IS 2556 (Part 17):2001,True,True,unknown,2556_17_2001,,absent,absent,absent,absent,0,0,0,0,0,partial_success,False,True
IS 401:2001,IS 401:2001,True,True,unknown,401_2001,,absent,absent,absent,absent,0,0,0,0,0,partial_success,False,True
IS 14959 (Part 2):2001,IS 14959 (Part 2):2001,True,True,unknown,14959_2_2001,,absent,absent,absent,absent,0,0,0,0,0,partial_success,False,True
IS 14960:2001,IS 14960:2001,True,True,match_version_verified,14960,https://standardsbis.bsbedge.com/BIS_Preview.aspx?id=14960,present,absent,absent,present,7,7,0,0,0,success,True,False
IS 14959 (Part 1):2001,IS 14959 (Part 1):2001,True,True,unknown,14959_1_2001,,absent,absent,absent,absent,0,0,0,0,0,partial_success,False,True
IS 14933:2001,IS 14933:2001,True,True,unknown,14933_2001,,absent,absent,absent,absent,0,0,0,0,0,partial_success,False,True
IS 14951:2001,IS 14951:2001,True,True,unknown,14951_2001,,absent,absent,absent,absent,0,0,0,0,0,partial_success,False,True
SP 70:2001,SP 70:2001,True,True,unknown,70_2001,,absent,absent,absent,absent,0,0,0,0,0,partial_success,False,True
IS 14862:2000,IS 14862:2000,True,True,unknown,14862_2000,,absent,absent,absent,absent,0,0,0,0,0,partial_success,False,True
IS 14871:2000,IS 14871:2000,True,True,unknown,14871_2000,,absent,absent,absent,absent,0,0,0,0,0,partial_success,False,True
IS 14858:2000,IS 14858:2000,True,True,unknown,14858_2000,,absent,absent,absent,absent,0,0,0,0,0,partial_success,False,True
IS 1150:2000,IS 1150:2000,True,True,unknown,1150_2000,,absent,absent,absent,absent,0,0,0,0,0,partial_success,False,True
IS 14842:2000,IS 14842:2000,True,True,unknown,14842_2000,,absent,absent,absent,absent,0,0,0,0,0,partial_success,False,True
IS 14845:2000,IS 14845:2000,True,True,unknown,14845_2000,,absent,absent,absent,absent,0,0,0,0,0,partial_success,False,True
IS 14846:2000,IS 14846:2000,True,True,unknown,14846_2000,,absent,absent,absent,absent,0,0,0,0,0,partial_success,False,True
IS 14851:2000,IS 14851:2000,True,True,unknown,14851_2000,,absent,absent,absent,absent,0,0,0,0,0,partial_success,False,True
IS 14856:2000,IS 14856:2000,True,True,unknown,14856_2000,,absent,absent,absent,absent,0,0,0,0,0,partial_success,False,True
IS 14860:2000,IS 14860:2000,True,True,match_version_verified,14860,https://standardsbis.bsbedge.com/BIS_Preview.aspx?id=14860,present,absent,absent,absent,0,0,0,0,0,success,True,False
IS 5246:2000,IS 5246:2000,True,True,unknown,5246_2000,,absent,absent,absent,absent,0,0,0,0,0,partial_success,False,True
IS 6329:2000,IS 6329:2000,True,True,unknown,6329_2000,,absent,absent,absent,absent,0,0,0,0,0,partial_success,False,True
IS 9763:2000,IS 9763:2000,True,True,unknown,9763_2000,,absent,absent,absent,absent,0,0,0,0,0,partial_success,False,True
IS 14804:2000,IS 14804:2000,True,True,unknown,14804_2000,,absent,absent,absent,absent,0,0,0,0,0,partial_success,False,True
IS 14850:2000,IS 14850:2000,True,True,unknown,14850_2000,,absent,absent,absent,absent,0,0,0,0,0,partial_success,False,True
IS 3836:2000,IS 3836:2000,True,True,unknown,3836_2000,,absent,absent,absent,absent,0,0,0,0,0,partial_success,False,True
IS 9109:2000,IS 9109:2000,True,True,unknown,9109_2000,,absent,absent,absent,absent,0,0,0,0,0,partial_success,False,True
IS 456:2000,IS 456:2000,True,True,unknown,456_2000,,absent,absent,absent,absent,0,0,0,0,0,partial_success,False,True
IS 14787:2000,IS 14787:2000,True,True,unknown,14787_2000,,absent,absent,absent,absent,0,0,0,0,0,partial_success,False,True
IS 1703:2000,IS 1703:2000,True,True,unknown,1703_2000,,absent,absent,absent,absent,0,0,0,0,0,partial_success,False,True
IS 10957:1999,IS 10957:1999,True,True,match_version_verified,10957,https://standardsbis.bsbedge.com/BIS_Preview.aspx?id=10957,absent,present,absent,absent,0,0,0,0,0,partial_success,True,False
IS 14735:1999,IS 14735:1999,True,True,match_version_verified,14735,https://standardsbis.bsbedge.com/BIS_Preview.aspx?id=14735,present,absent,absent,present,6,6,0,0,0,success,True,False
IS 14687:1999,IS 14687:1999,True,True,match_version_verified,14687,https://standardsbis.bsbedge.com/BIS_Preview.aspx?id=14687,present,absent,absent,present,16,16,0,0,0,success,True,False
IS 14689:1999,IS 14689:1999,True,True,unknown,14689_1999,,absent,absent,absent,absent,0,0,0,0,0,partial_success,False,True
IS 14695:1999,IS 14695:1999,True,True,unknown,14695_1999,,absent,absent,absent,absent,0,0,0,0,0,partial_success,False,True
IS 4423:1999,IS 4423:1999,True,True,unknown,4423_1999,,absent,absent,absent,absent,0,0,0,0,0,partial_success,False,True
IS 7308:1999,IS 7308:1999,True,True,unknown,7308_1999,,absent,absent,absent,absent,0,0,0,0,0,partial_success,False,True
IS 3007 (Part 1):1999,IS 3007 (Part 1):1999,True,True,unknown,3007_1_1999,,absent,absent,absent,absent,0,0,0,0,0,partial_success,False,True
IS 9103:1999,IS 9103:1999,True,True,match_version_verified,9103,https://standardsbis.bsbedge.com/BIS_Preview.aspx?id=9103,present,absent,absent,present,11,11,0,0,0,success,True,False
IS 3007 (Part 2):1999,IS 3007 (Part 2):1999,True,True,unknown,3007_2_1999,,absent,absent,absent,absent,0,0,0,0,0,partial_success,False,True
IS 7638:1999,IS 7638:1999,True,True,match_version_verified,7638,https://standardsbis.bsbedge.com/BIS_Preview.aspx?id=7638,present,absent,absent,present,1,1,0,0,0,success,True,False
IS 14588:1999,IS 14588:1999,True,True,match_version_verified,14588,https://standardsbis.bsbedge.com/BIS_Preview.aspx?id=14588,present,absent,absent,present,11,11,0,0,0,success,True,False
IS 14616:1999,IS 14616:1999,True,True,match_version_verified,14616,https://standardsbis.bsbedge.com/BIS_Preview.aspx?id=14616,present,absent,absent,present,6,6,0,0,0,success,True,False
IS 4031 (Part 2):1999,IS 4031 (Part 2):1999,True,True,match_version_verified,4031_2,https://standardsbis.bsbedge.com/BIS_Preview.aspx?id=4031_2,present,absent,present,present,2,2,0,0,0,success,True,False
IS 4020 (Part 1 to 16):1998,IS 4020 (Part 1 to 16):1998,True,False,unknown,,,not_verified,not_verified,not_verified,absent,0,0,0,0,0,failed,False,True
IS 14593:1998,IS 14593:1998,True,True,unknown,14593_1998,,absent,absent,absent,absent,0,0,0,0,0,partial_success,False,True
IS 8764:1998,IS 8764:1998,True,True,match_version_verified,8764,https://standardsbis.bsbedge.com/BIS_Preview.aspx?id=8764,present,absent,absent,present,2,2,0,0,0,success,True,False
IS 3597:1998,IS 3597:1998,True,True,unknown,3597_1998,,absent,absent,absent,absent,0,0,0,0,0,partial_success,False,True
IS 14458 (Part 3):1998,IS 14458 (Part 3):1998,True,True,unknown,14458_3_1998,,absent,absent,absent,absent,0,0,0,0,0,partial_success,False,True
IS 14458 (Part 1):1998,IS 14458 (Part 1):1998,True,True,unknown,14458_1_1998,,absent,absent,absent,absent,0,0,0,0,0,partial_success,False,True
IS 14496 (Part 2):1998,IS 14496 (Part 2):1998,True,True,unknown,14496_2_1998,,absent,absent,absent,absent,0,0,0,0,0,partial_success,False,True
IS 1678:1998,IS 1678:1998,True,True,unknown,1678_1998,,absent,absent,absent,absent,0,0,0,0,0,partial_success,False,True
IS 785:1998,IS 785:1998,True,True,unknown,785_1998,,absent,absent,absent,absent,0,0,0,0,0,partial_success,False,True
IS 2098:1997,IS 2098:1997,True,True,unknown,2098_1997,,absent,absent,absent,absent,0,0,0,0,0,partial_success,False,True
IS 7779 (Part 5/Sec 1 to 3):1997,IS 7779 (Part 5/Sec 1 to 3):1997,True,False,unknown,,,not_verified,not_verified,not_verified,absent,0,0,0,0,0,failed,False,True
IS 14448:1997,IS 14448:1997,True,True,unknown,14448_1997,,absent,absent,absent,absent,0,0,0,0,0,partial_success,False,True
IS 14458 (Part 2):1997,IS 14458 (Part 2):1997,True,True,unknown,14458_2_1997,,absent,absent,absent,absent,0,0,0,0,0,partial_success,False,True
IS 14436:1997,IS 14436:1997,True,True,unknown,14436_1997,,absent,absent,absent,absent,0,0,0,0,0,partial_success,False,True
IS 14428:1997,IS 14428:1997,True,True,match_version_verified,14428,https://standardsbis.bsbedge.com/BIS_Preview.aspx?id=14428,present,absent,absent,absent,0,0,0,0,0,success,True,False
IS 14402:1996,IS 14402:1996,True,True,unknown,14402_1996,,absent,absent,absent,absent,0,0,0,0,0,partial_success,False,True
IS 2548 (Part 1):1996,IS 2548 (Part 1):1996,True,True,unknown,2548_1_1996,,absent,absent,absent,absent,0,0,0,0,0,partial_success,False,True
IS 2548 (Part 2):1996,IS 2548 (Part 2):1996,True,True,unknown,2548_2_1996,,absent,absent,absent,absent,0,0,0,0,0,partial_success,False,True
IS 14399 (Part 1 and 2):1996,IS 14399 (Part 1 and 2):1996,True,False,unknown,,,not_verified,not_verified,not_verified,absent,0,0,0,0,0,failed,False,True
IS 5514:1996,IS 5514:1996,True,True,unknown,5514_1996,,absent,absent,absent,absent,0,0,0,0,0,partial_success,False,True
IS 14396 (Part 1 to 4):1996,IS 14396 (Part 1 to 4):1996,True,False,unknown,,,not_verified,not_verified,not_verified,absent,0,0,0,0,0,failed,False,True
IS 9140:1996,IS 9140:1996,True,True,unknown,9140_1996,,absent,absent,absent,absent,0,0,0,0,0,partial_success,False,True
IS 14395:1996,IS 14395:1996,True,True,unknown,14395_1996,,absent,absent,absent,absent,0,0,0,0,0,partial_success,False,True
IS 12701:1996,IS 12701:1996,True,True,unknown,12701_1996,,absent,absent,absent,absent,0,0,0,0,0,partial_success,False,True
IS 7779 (Part 4/Sec 1 to 3):1996,IS 7779 (Part 4/Sec 1 to 3):1996,True,False,unknown,,,not_verified,not_verified,not_verified,absent,0,0,0,0,0,failed,False,True
IS 14345:1996,IS 14345:1996,True,True,unknown,14345_1996,,absent,absent,absent,absent,0,0,0,0,0,partial_success,False,True
IS 4031 (Part 1):1996,IS 4031 (Part 1):1996,True,True,unknown,4031_1_1996,,absent,absent,absent,absent,0,0,0,0,0,partial_success,False,True
IS 4082:1996,IS 4082:1996,True,True,match_version_verified,4082,https://standardsbis.bsbedge.com/BIS_Preview.aspx?id=4082,present,absent,absent,present,2,2,0,0,0,success,True,False
IS 5513:1996,IS 5513:1996,True,True,unknown,5513_1996,,absent,absent,absent,absent,0,0,0,0,0,partial_success,False,True
IS 5516:1996,IS 5516:1996,True,True,unknown,5516_1996,,absent,absent,absent,absent,0,0,0,0,0,partial_success,False,True
IS 6784:1996,IS 6784:1996,True,True,unknown,6784_1996,,absent,absent,absent,absent,0,0,0,0,0,partial_success,False,True
IS 14315:1995,IS 14315:1995,True,True,unknown,14315_1995,,absent,absent,absent,absent,0,0,0,0,0,partial_success,False,True
IS 3843:1995,IS 3843 : 1995,True,True,match_version_verified,3843,https://standardsbis.bsbedge.com/BIS_Preview.aspx?id=3843,present,absent,absent,present,6,6,0,0,0,success,True,False
IS 14243 (Part 1):1995,IS 14243 (Part 1):1995,True,True,unknown,14243_1_1995,,absent,absent,absent,absent,0,0,0,0,0,partial_success,False,True
IS 14241:1995,IS 14241:1995,True,True,match_version_verified,14241,https://standardsbis.bsbedge.com/BIS_Preview.aspx?id=14241,present,absent,absent,present,6,6,0,0,0,success,True,False
IS 2556 (Part 7):1995,IS 2556 (Part 7):1995,True,True,match_version_verified,2556_7,https://standardsbis.bsbedge.com/BIS_Preview.aspx?id=2556_7,present,absent,absent,present,1,1,0,0,0,success,True,False
IS 3564:1995,IS 3564:1995,True,True,unknown,3564_1995,,absent,absent,absent,absent,0,0,0,0,0,partial_success,False,True
IS 14242:1995,IS 14242:1995,True,True,unknown,14242_1995,,absent,absent,absent,absent,0,0,0,0,0,partial_success,False,True
IS 14243 (Part 2):1995,IS 14243 (Part 2):1995,True,True,unknown,14243_2_1995,,absent,absent,absent,absent,0,0,0,0,0,partial_success,False,True
IS 4021:1995,IS 4021:1995,True,True,unknown,4021_1995,,absent,absent,absent,absent,0,0,0,0,0,partial_success,False,True
IS 13946 (Part 2):1994,IS 13946 (Part 2):1994,True,True,unknown,13946_2_1994,,absent,absent,absent,absent,0,0,0,0,0,partial_success,False,True
IS 14215:1994,IS 14215:1994,True,True,unknown,14215_1994,,absent,absent,absent,absent,0,0,0,0,0,partial_success,False,True
IS 1626 (Part 2):1994,IS 1626 (Part 2):1994,True,True,unknown,1626_2_1994,,absent,absent,absent,absent,0,0,0,0,0,partial_success,False,True
IS 3114:1994,IS 3114:1994,True,True,unknown,3114_1994,,absent,absent,absent,absent,0,0,0,0,0,partial_success,False,True
IS 13946 (Part 3):1994,IS 13946 (Part 3):1994,True,True,unknown,13946_3_1994,,absent,absent,absent,absent,0,0,0,0,0,partial_success,False,True
IS 14143:1994,IS 14143:1994,True,True,unknown,14143_1994,,absent,absent,absent,absent,0,0,0,0,0,partial_success,False,True
IS 14201:1994,IS 14201:1994,True,True,match_version_verified,14201,https://standardsbis.bsbedge.com/BIS_Preview.aspx?id=14201,present,absent,absent,present,5,5,0,0,0,success,True,False
IS 779:1994,IS 779:1994,True,True,unknown,779_1994,,absent,absent,absent,absent,0,0,0,0,0,partial_success,False,True
IS 13416 (Part 5):1994,IS 13416 (Part 5):1994,True,True,unknown,13416_5_1994,,absent,absent,absent,absent,0,0,0,0,0,partial_success,False,True
IS 13994:1994,IS 13994:1994,True,True,unknown,13994_1994,,absent,absent,absent,absent,0,0,0,0,0,partial_success,False,True
IS 1626 (Part 3):1994,IS 1626 (Part 3):1994,True,True,unknown,1626_3_1994,,absent,absent,absent,absent,0,0,0,0,0,partial_success,False,True
IS 2395 (Part 1):1994,IS 2395 (Part 1):1994,True,True,match_version_verified,2395_1,https://standardsbis.bsbedge.com/BIS_Preview.aspx?id=2395_1,present,absent,absent,present,13,13,0,0,0,success,True,False
IS 13990:1994,IS 13990:1994,True,True,match_version_verified,13990,https://standardsbis.bsbedge.com/BIS_Preview.aspx?id=13990,present,absent,absent,present,4,4,0,0,0,success,True,False
IS 1626 (Part 1):1994,IS 1626 (Part 1):1994,True,True,unknown,1626_1_1994,,absent,absent,absent,absent,0,0,0,0,0,partial_success,False,True
IS 2556 (Part 5):1994,IS 2556 (Part 5):1994,True,True,match_version_verified,2556_5,https://standardsbis.bsbedge.com/BIS_Preview.aspx?id=2556_5,present,absent,absent,present,3,3,0,0,0,success,True,False
IS 13416 (Part 3):1994,IS 13416 (Part 3):1994,True,True,unknown,13416_3_1994,,absent,absent,absent,absent,0,0,0,0,0,partial_success,False,True
IS 13416 (Part 4):1994,IS 13416 (Part 4):1994,True,True,unknown,13416_4_1994,,absent,absent,absent,absent,0,0,0,0,0,partial_success,False,True
IS 13916:1994,IS 13916:1994,True,True,match_version_verified,13916,https://standardsbis.bsbedge.com/BIS_Preview.aspx?id=13916,present,absent,absent,present,3,3,0,0,0,success,True,False
IS 14142:1994,IS 14142:1994,True,True,unknown,14142_1994,,absent,absent,absent,absent,0,0,0,0,0,partial_success,False,True
IS 2395 (Part 2):1994,IS 2395 (Part 2):1994,True,True,match_version_verified,2395_2,https://standardsbis.bsbedge.com/BIS_Preview.aspx?id=2395_2,present,absent,absent,present,14,14,0,0,0,success,True,False
IS 5822:1994,IS 5822:1994,True,True,unknown,5822_1994,,absent,absent,absent,absent,0,0,0,0,0,partial_success,False,True
IS 12709:1994,IS 12709:1994,True,True,match_version_verified,12709,https://standardsbis.bsbedge.com/BIS_Preview.aspx?id=12709,present,absent,absent,present,6,6,0,0,0,success,True,False
IS 13983:1994,IS 13983:1994,True,True,match_version_verified,13983,https://standardsbis.bsbedge.com/BIS_Preview.aspx?id=13983,present,absent,absent,absent,0,0,0,0,0,success,True,False
IS 13826 (Part 5):1994,IS 13826 (Part 5):1994,True,True,unknown,13826_5_1994,,absent,absent,absent,absent,0,0,0,0,0,partial_success,False,True
IS 13896:1994,IS 13896:1994,True,True,unknown,13896_1994,,absent,absent,absent,absent,0,0,0,0,0,partial_success,False,True
IS 13958:1994,IS 13958:1994,True,True,unknown,13958_1994,,absent,absent,absent,absent,0,0,0,0,0,partial_success,False,True
IS 14213:1994,IS 14213:1994,True,True,unknown,14213_1994,,absent,absent,absent,absent,0,0,0,0,0,partial_success,False,True
IS 8423:1994,IS 8423:1994,True,True,unknown,8423_1994,,absent,absent,absent,absent,0,0,0,0,0,partial_success,False,True
IS 9762:1994,IS 9762:1994,True,True,match_version_verified,9762,https://standardsbis.bsbedge.com/BIS_Preview.aspx?id=9762,present,absent,present,present,3,3,0,0,0,success,True,False
IS 13946 (Part 4):1994,IS 13946 (Part 4):1994,True,True,unknown,13946_4_1994,,absent,absent,absent,absent,0,0,0,0,0,partial_success,False,True
IS 13957:1994,IS 13957:1994,True,True,unknown,13957_1994,,absent,absent,absent,absent,0,0,0,0,0,partial_success,False,True
IS 852:1994,IS 852:1994,True,True,unknown,852_1994,,absent,absent,absent,absent,0,0,0,0,0,partial_success,False,True
IS 8745:1994,IS 8745:1994,True,True,unknown,8745_1994,,absent,absent,absent,absent,0,0,0,0,0,partial_success,False,True
IS 2695:1993,IS 2695:1993,True,True,unknown,2695_1993,,absent,absent,absent,absent,0,0,0,0,0,partial_success,False,True
IS 6662:1993,IS 6662:1993,True,True,unknown,6662_1993,,absent,absent,absent,absent,0,0,0,0,0,partial_success,False,True
IS 8126:1993,IS 8126:1993,True,True,unknown,8126_1993,,absent,absent,absent,absent,0,0,0,0,0,partial_success,False,True
IS 9236:1993,IS 9236:1993,True,True,unknown,9236_1993,,absent,absent,absent,absent,0,0,0,0,0,partial_success,False,True
IS 1322:1993,IS 1322:1993,True,True,unknown,1322_1993,,absent,absent,absent,absent,0,0,0,0,0,partial_success,False,True
IS 1141:1993,IS 1141:1993,True,True,unknown,1141_1993,,absent,absent,absent,absent,0,0,0,0,0,partial_success,False,True
IS 13826 (Part 7):1993,IS 13826 (Part 7):1993,True,True,unknown,13826_7_1993,,absent,absent,absent,absent,0,0,0,0,0,partial_success,False,True
IS 13827:1993,IS 13827:1993,True,True,match_version_verified,13827,https://standardsbis.bsbedge.com/BIS_Preview.aspx?id=13827,present,absent,absent,present,3,3,0,0,0,success,True,False
IS 2720 (Part 11):1993,IS 2720 (Part 11):1993,True,True,unknown,2720_11_1993,,absent,absent,absent,absent,0,0,0,0,0,partial_success,False,True
IS 13826 (Part 4):1993,IS 13826 (Part 4):1993,True,True,unknown,13826_4_1993,,absent,absent,absent,absent,0,0,0,0,0,partial_success,False,True
IS 13826 (Part 6):1993,IS 13826 (Part 6):1993,True,True,unknown,13826_6_1993,,absent,absent,absent,absent,0,0,0,0,0,partial_success,False,True
IS 13826 (Part 3):1993,IS 13826 (Part 3):1993,True,True,unknown,13826_3_1993,,absent,absent,absent,absent,0,0,0,0,0,partial_success,False,True
IS 13828:1993,IS 13828:1993,True,True,match_version_verified,13828,https://standardsbis.bsbedge.com/BIS_Preview.aspx?id=13828,present,absent,present,present,4,4,0,0,0,success,True,False
IS 3034:1993,IS 3034:1993,True,True,unknown,3034_1993,,absent,absent,absent,absent,0,0,0,0,0,partial_success,False,True
IS 364:1993,IS 364:1993,True,True,match_version_verified,364,https://standardsbis.bsbedge.com/BIS_Preview.aspx?id=364,present,absent,absent,present,7,7,0,0,0,success,True,False
IS 453:1993,IS 453:1993,True,True,match_version_verified,453,https://standardsbis.bsbedge.com/BIS_Preview.aspx?id=453,present,absent,absent,present,7,7,0,0,0,success,True,False
IS 2681:1993,IS 2681:1993,True,True,match_version_verified,2681,https://standardsbis.bsbedge.com/BIS_Preview.aspx?id=2681,present,absent,absent,present,7,7,0,0,0,success,True,False
SP 57 (QAWSM):1993,SP 57 (QAWSM):1993,True,False,unknown,,,not_verified,not_verified,not_verified,absent,0,0,0,0,0,failed,False,True
IS 287:1993,IS 287:1993,True,True,unknown,287_1993,,absent,absent,absent,absent,0,0,0,0,0,partial_success,False,True
IS 13716:1993,IS 13716:1993,True,True,match_version_verified,13716,https://standardsbis.bsbedge.com/BIS_Preview.aspx?id=13716,present,absent,absent,present,7,6,0,1,0,success,True,False
IS 363:1993,IS 363:1993,True,True,match_version_verified,363,https://standardsbis.bsbedge.com/BIS_Preview.aspx?id=363,present,absent,absent,present,10,10,0,0,0,success,True,False
IS 4111 (Part 5):1993,IS 4111 (Part 5):1993,True,True,unknown,4111_5_1993,,absent,absent,absent,absent,0,0,0,0,0,partial_success,False,True
IS 1200 (Part 8):1993,IS 1200 (Part 8):1993,True,True,unknown,1200_8_1993,,absent,absent,absent,absent,0,0,0,0,0,partial_success,False,True
IS 13694:1993,IS 13694:1993,True,True,match_version_verified,13694,https://standardsbis.bsbedge.com/BIS_Preview.aspx?id=13694,present,absent,absent,present,7,7,0,0,0,success,True,False
IS 13757:1993,IS 13757:1993,True,True,unknown,13757_1993,,absent,absent,absent,absent,0,0,0,0,0,partial_success,False,True
IS 2203:1993,IS 2203:1993,True,True,unknown,2203_1993,,absent,absent,absent,absent,0,0,0,0,0,partial_success,False,True
IS 2064:1993,IS 2064:1993,True,True,unknown,2064_1993,,absent,absent,absent,absent,0,0,0,0,0,partial_success,False,True
IS 4833:1993,IS 4833:1993,True,True,unknown,4833_1993,,absent,absent,absent,absent,0,0,0,0,0,partial_success,False,True
IS 1172:1993,IS 1172:1993,True,True,unknown,1172_1993,,absent,absent,absent,absent,0,0,0,0,0,partial_success,False,True
IS 13612 (Part 1):1993,IS 13612 (Part 1):1993,True,True,match_version_verified,13612_1,https://standardsbis.bsbedge.com/BIS_Preview.aspx?id=13612_1,present,absent,absent,present,8,8,0,0,0,success,True,False
IS 13620:1993,IS 13620:1993,True,True,unknown,13620_1993,,absent,absent,absent,absent,0,0,0,0,0,partial_success,False,True
IS 13621:1993,IS 13621:1993,True,True,unknown,13621_1993,,absent,absent,absent,absent,0,0,0,0,0,partial_success,False,True
IS 13622:1993,IS 13622:1993,True,True,unknown,13622_1993,,absent,absent,absent,absent,0,0,0,0,0,partial_success,False,True
IS 13593:1992,IS 13593:1992,True,True,unknown,13593_1992,,absent,absent,absent,absent,0,0,0,0,0,partial_success,False,True
IS 13613:1992,IS 13613:1992,True,True,match_version_verified,13613,https://standardsbis.bsbedge.com/BIS_Preview.aspx?id=13613,present,absent,absent,present,5,5,0,0,0,success,True,False
IS 2096:1992,IS 2096:1992,True,True,unknown,2096_1992,,absent,absent,absent,absent,0,0,0,0,0,partial_success,False,True
IS 5817:1992,IS 5817:1992,True,True,match_version_verified,5817,https://standardsbis.bsbedge.com/BIS_Preview.aspx?id=5817,present,absent,absent,present,14,14,0,0,0,success,True,False
IS 2720 (Part 19):1992,IS 2720 (Part 19):1992,True,True,unknown,2720_19_1992,,absent,absent,absent,absent,0,0,0,0,0,partial_success,False,True
IS 5249:1992,IS 5249:1992,True,True,unknown,5249_1992,,absent,absent,absent,absent,0,0,0,0,0,partial_success,False,True
IS 13496:1992,IS 13496:1992,True,True,unknown,13496_1992,,absent,absent,absent,absent,0,0,0,0,0,partial_success,False,True
IS 1634:1992,IS 1634:1992,True,True,unknown,1634_1992,,absent,absent,absent,absent,0,0,0,0,0,partial_success,False,True
IS 902:1992,IS 902:1992,True,True,match_version_verified,902,https://standardsbis.bsbedge.com/BIS_Preview.aspx?id=902,present,absent,absent,absent,0,0,0,0,0,success,True,False
IS 2720 (Part 18):1992,IS 2720 (Part 18):1992,True,True,unknown,2720_18_1992,,absent,absent,absent,absent,0,0,0,0,0,partial_success,False,True
IS 3115:1992,IS 3115:1992,True,True,match_version_verified,3115,https://standardsbis.bsbedge.com/BIS_Preview.aspx?id=3115,present,absent,absent,present,12,12,0,0,0,success,True,False
IS 3630:1992,IS 3630:1992,True,True,unknown,3630_1992,,absent,absent,absent,absent,0,0,0,0,0,partial_success,False,True
IS 1597 (Part 1):1992,IS 1597 (Part 1):1992,True,True,unknown,1597_1_1992,,absent,absent,absent,absent,0,0,0,0,0,partial_success,False,True
IS 8096:1992,IS 8096:1992,True,True,match_version_verified,8096,https://standardsbis.bsbedge.com/BIS_Preview.aspx?id=8096,present,absent,absent,absent,0,0,0,0,0,success,True,False
IS 876:1992,IS 876:1992,True,True,unknown,876_1992,,absent,absent,absent,absent,0,0,0,0,0,partial_success,False,True
IS 909:1992,IS 909:1992,True,True,match_version_verified,909,https://standardsbis.bsbedge.com/BIS_Preview.aspx?id=909,present,absent,present,absent,0,0,0,0,0,success,True,False
IS 13301:1992,IS 13301:1992,True,True,unknown,13301_1992,,absent,absent,absent,absent,0,0,0,0,0,partial_success,False,True
IS 13430:1992,IS 13430:1992,True,True,unknown,13430_1992,,absent,absent,absent,absent,0,0,0,0,0,partial_success,False,True
IS 13435 (Part 2):1992,IS 13435 (Part 2):1992,True,True,unknown,13435_2_1992,,absent,absent,absent,absent,0,0,0,0,0,partial_success,False,True
IS 13435 (Part 3):1992,IS 13435 (Part 3):1992,True,True,unknown,13435_3_1992,,absent,absent,absent,absent,0,0,0,0,0,partial_success,False,True
IS 1542:1992,IS 1542:1992,True,True,match_version_verified,1542,https://standardsbis.bsbedge.com/BIS_Preview.aspx?id=1542,present,absent,absent,present,5,5,0,0,0,success,True,False
IS 1597 (Part 2):1992,IS 1597 (Part 2):1992,True,True,unknown,1597_2_1992,,absent,absent,absent,absent,0,0,0,0,0,partial_success,False,True
IS 1635:1992,IS 1635:1992,True,True,unknown,1635_1992,,absent,absent,absent,absent,0,0,0,0,0,partial_success,False,True
IS 2720 (Part 20):1992,IS 2720 (Part 20):1992,True,True,unknown,2720_20_1992,,absent,absent,absent,absent,0,0,0,0,0,partial_success,False,True
IS 2720 (Part 9):1992,IS 2720 (Part 9):1992,True,True,unknown,2720_9_1992,,absent,absent,absent,absent,0,0,0,0,0,partial_success,False,True
IS 3764:1992,IS 3764:1992,True,True,unknown,3764_1992,,absent,absent,absent,absent,0,0,0,0,0,partial_success,False,True
IS 13416 (Part 1):1992,IS 13416 (Part 1):1992,True,True,unknown,13416_1_1992,,absent,absent,absent,absent,0,0,0,0,0,partial_success,False,True
IS 13435 (Part 4):1992,IS 13435 (Part 4):1992,True,True,match_version_verified,13435_4,https://standardsbis.bsbedge.com/BIS_Preview.aspx?id=13435_4,present,absent,absent,present,2,2,0,0,0,success,True,False
IS 653:1992,IS 653:1992,True,True,unknown,653_1992,,absent,absent,absent,absent,0,0,0,0,0,partial_success,False,True
IS 13415:1992,IS 13415:1992,True,True,unknown,13415_1992,,absent,absent,absent,absent,0,0,0,0,0,partial_success,False,True
IS 13416 (Part 2):1992,IS 13416 (Part 2):1992,True,True,unknown,13416_2_1992,,absent,absent,absent,absent,0,0,0,0,0,partial_success,False,True
IS 3818:1992,IS 3818:1992,True,True,unknown,3818_1992,,absent,absent,absent,absent,0,0,0,0,0,partial_success,False,True
IS 13311 (Part 2):1992,IS 13311 (Part 2):1992,True,True,match_version_verified,13311_2,https://standardsbis.bsbedge.com/BIS_Preview.aspx?id=13311_2,present,absent,present,present,2,2,0,0,0,success,True,False
IS 13349:1992,IS 13349:1992,True,True,unknown,13349_1992,,absent,absent,absent,absent,0,0,0,0,0,partial_success,False,True
IS 13372 (Part 1):1992,IS 13372 (Part 1):1992,True,True,unknown,13372_1_1992,,absent,absent,absent,absent,0,0,0,0,0,partial_success,False,True
IS 13372 (Part 2):1992,IS 13372 (Part 2):1992,True,True,unknown,13372_2_1992,,absent,absent,absent,absent,0,0,0,0,0,partial_success,False,True
IS 7208:1992,IS 7208:1992,True,True,unknown,7208_1992,,absent,absent,absent,absent,0,0,0,0,0,partial_success,False,True
IS 10987:1992,IS 10987:1992,True,True,match_version_verified,10987,https://standardsbis.bsbedge.com/BIS_Preview.aspx?id=10987,present,absent,absent,present,23,23,0,0,0,success,True,False
IS 1200 (Part 28):1992,IS 1200 (Part 28):1992,True,True,unknown,1200_28_1992,,absent,absent,absent,absent,0,0,0,0,0,partial_success,False,True
IS 13356:1992,IS 13356:1992,True,True,unknown,13356_1992,,absent,absent,absent,absent,0,0,0,0,0,partial_success,False,True
IS 2893:1992,IS 2893:1992,True,True,unknown,2893_1992,,absent,absent,absent,absent,0,0,0,0,0,partial_success,False,True
IS 459:1992,IS 459:1992,True,True,match_version_verified,459,https://standardsbis.bsbedge.com/BIS_Preview.aspx?id=459,present,absent,absent,present,7,7,0,0,0,success,True,False
IS 7548:1992,IS 7548:1992,True,True,unknown,7548_1992,,absent,absent,absent,absent,0,0,0,0,0,partial_success,False,True
IS 11246:1992,IS 11246:1992,True,True,unknown,11246_1992,,absent,absent,absent,absent,0,0,0,0,0,partial_success,False,True
IS 204 (Part 2):1992,IS 204 (Part 2):1992,True,True,unknown,204_2_1992,,absent,absent,absent,absent,0,0,0,0,0,partial_success,False,True
IS 205:1992,IS 205:1992,True,True,unknown,205_1992,,absent,absent,absent,absent,0,0,0,0,0,partial_success,False,True
IS 5391:1992,IS 5391:1992,True,True,unknown,5391_1992,,absent,absent,absent,absent,0,0,0,0,0,partial_success,False,True
IS 6315:1992,IS 6315:1992,True,True,unknown,6315_1992,,absent,absent,absent,absent,0,0,0,0,0,partial_success,False,True
IS 4000:1992,IS 4000:1992,True,True,match_version_verified,4000,https://standardsbis.bsbedge.com/BIS_Preview.aspx?id=4000,present,absent,absent,present,5,5,0,0,0,success,True,False
IS 6165:1992,IS 6165:1992,True,True,unknown,6165_1992,,absent,absent,absent,absent,0,0,0,0,0,partial_success,False,True
IS 6198:1992,IS 6198:1992,True,True,unknown,6198_1992,,absent,absent,absent,absent,0,0,0,0,0,partial_success,False,True
IS 6408 (Part 2):1992,IS 6408 (Part 2):1992,True,True,unknown,6408_2_1992,,absent,absent,absent,absent,0,0,0,0,0,partial_success,False,True
IS 8292:1992,IS 8292:1992,True,True,unknown,8292_1992,,absent,absent,absent,absent,0,0,0,0,0,partial_success,False,True
IS 13166:1992,IS 13166:1992,True,True,unknown,13166_1992,,absent,absent,absent,absent,0,0,0,0,0,partial_success,False,True
IS 2222:1991,IS 2222:1991,True,True,unknown,2222_1991,,absent,absent,absent,absent,0,0,0,0,0,partial_success,False,True
IS 2541:1991,IS 2541:1991,True,True,match_version_verified,2541,https://standardsbis.bsbedge.com/BIS_Preview.aspx?id=2541,present,absent,present,present,12,12,0,0,0,success,True,False
IS 4634:1991,IS 4634:1991,True,True,match_version_verified,4634,https://standardsbis.bsbedge.com/BIS_Preview.aspx?id=4634,present,absent,absent,present,9,9,0,0,0,success,True,False
IS 1726:1991,IS 1726:1991,True,True,unknown,1726_1991,,absent,absent,absent,absent,0,0,0,0,0,partial_success,False,True
IS 190:1991,IS 190:1991,True,True,unknown,190_1991,,absent,absent,absent,absent,0,0,0,0,0,partial_success,False,True
IS 2212:1991,IS 2212:1991,True,True,match_version_verified,2212,https://standardsbis.bsbedge.com/BIS_Preview.aspx?id=2212,present,absent,absent,present,37,37,0,0,0,success,True,False
IS 3954:1991,IS 3954:1991,True,True,unknown,3954_1991,,absent,absent,absent,absent,0,0,0,0,0,partial_success,False,True
IS 11215:1991,IS 11215:1991,True,True,unknown,11215_1991,,absent,absent,absent,absent,0,0,0,0,0,partial_success,False,True
IS 13158:1991,IS 13158:1991,True,True,unknown,13158_1991,,absent,absent,absent,absent,0,0,0,0,0,partial_success,False,True
IS 1849 (Part 1/Sec 2):1991,IS 1849 (Part 1/Sec 2):1991,True,True,match_version_verified,1849_1_2,https://standardsbis.bsbedge.com/BIS_Preview.aspx?id=1849_1_2,present,absent,absent,present,4,4,0,0,0,success,True,False
IS 1609:1991,IS 1609:1991,True,True,unknown,1609_1991,,absent,absent,absent,absent,0,0,0,0,0,partial_success,False,True
IS 3696 (Part 2):1991,IS 3696 (Part 2):1991,True,True,unknown,3696_2_1991,,absent,absent,absent,absent,0,0,0,0,0,partial_success,False,True
IS 11650:1991,IS 11650:1991,True,True,unknown,11650_1991,,absent,absent,absent,absent,0,0,0,0,0,partial_success,False,True
IS 13077:1991,IS 13077:1991,True,True,unknown,13077_1991,,absent,absent,absent,absent,0,0,0,0,0,partial_success,False,True
IS 204 (Part 1):1991,IS 204 (Part 1):1991,True,True,unknown,204_1_1991,,absent,absent,absent,absent,0,0,0,0,0,partial_success,False,True
IS 362:1991,IS 362:1991,True,True,unknown,362_1991,,absent,absent,absent,absent,0,0,0,0,0,partial_success,False,True
IS 1580:1991,IS 1580:1991,True,True,unknown,1580_1991,,absent,absent,absent,absent,0,0,0,0,0,partial_success,False,True
IS 13114:1991,IS 13114:1991,True,True,unknown,13114_1991,,absent,absent,absent,absent,0,0,0,0,0,partial_success,False,True
IS 4031 (Part 15):1991,IS 4031 (Part 15):1991,True,True,match_version_verified,4031_15,https://standardsbis.bsbedge.com/BIS_Preview.aspx?id=4031_15,present,absent,absent,present,2,2,0,0,0,success,True,False
IS 4886:1991,IS 4886:1991,True,True,unknown,4886_1991,,absent,absent,absent,absent,0,0,0,0,0,partial_success,False,True
IS 13074:1991,IS 13074:1991,True,True,unknown,13074_1991,,absent,absent,absent,absent,0,0,0,0,0,partial_success,False,True
IS 2117:1991,IS 2117:1991,True,True,unknown,2117_1991,,absent,absent,absent,absent,0,0,0,0,0,partial_success,False,True
IS 650:1991,IS 650:1991,True,True,unknown,650_1991,,absent,absent,absent,absent,0,0,0,0,0,partial_success,False,True
IS 1346:1991,IS 1346:1991,True,True,unknown,1346_1991,,absent,absent,absent,absent,0,0,0,0,0,partial_success,False,True
IS 13000:1990,IS 13000:1990,True,True,unknown,13000_1990,,absent,absent,absent,absent,0,0,0,0,0,partial_success,False,True
IS 13026:1991,IS 13026:1991,True,True,unknown,13026_1991,,absent,absent,absent,absent,0,0,0,0,0,partial_success,False,True
IS 2753 (Part 1):1991,IS 2753 (Part 1):1991,True,True,unknown,2753_1_1991,,absent,absent,absent,absent,0,0,0,0,0,partial_success,False,True
IS 6908:1991,IS 6908:1991,True,True,unknown,6908_1991,,absent,absent,absent,absent,0,0,0,0,0,partial_success,False,True
IS 13001:1991,IS 13001:1991,True,True,unknown,13001_1991,,absent,absent,absent,absent,0,0,0,0,0,partial_success,False,True
IS 13045:1991,IS 13045:1991,True,True,unknown,13045_1991,,absent,absent,absent,absent,0,0,0,0,0,partial_success,False,True
IS 13047:1991,IS 13047:1991,True,True,unknown,13047_1991,,absent,absent,absent,absent,0,0,0,0,0,partial_success,False,True
IS 13049:1991,IS 13049:1991,True,True,unknown,13049_1991,,absent,absent,absent,absent,0,0,0,0,0,partial_success,False,True
IS 2720 (Part 31):1990,IS 2720 (Part 31):1990,True,True,unknown,2720_31_1990,,absent,absent,absent,absent,0,0,0,0,0,partial_success,False,True
IS 4837:1990,IS 4837:1990,True,True,unknown,4837_1990,,absent,absent,absent,absent,0,0,0,0,0,partial_success,False,True
IS 6533 (Part 2):1989,IS 6533 (Part 2):1989,True,True,match_version_verified,6533_2,https://standardsbis.bsbedge.com/BIS_Preview.aspx?id=6533_2,present,absent,absent,present,37,37,0,0,0,success,True,False
IS 962:1989,IS 962:1989,True,True,unknown,962_1989,,absent,absent,absent,absent,0,0,0,0,0,partial_success,False,True
IS 10 (Part 1):1990,IS 10 (Part 1):1990,True,True,unknown,10_1_1990,,absent,absent,absent,absent,0,0,0,0,0,partial_success,False,True
IS 13008:1990,IS 13008:1990,True,True,unknown,13008_1990,,absent,absent,absent,absent,0,0,0,0,0,partial_success,False,True
IS 7452:1990,IS 7452:1990,True,True,match_version_verified,7452,https://standardsbis.bsbedge.com/BIS_Preview.aspx?id=7452,present,absent,absent,present,4,4,0,0,0,success,True,False
IS 9222 (Part 1):1990,IS 9222 (Part 1):1990,True,True,unknown,9222_1_1990,,absent,absent,absent,absent,0,0,0,0,0,partial_success,False,True
IS 1849 (Part 1/Sec 1):1990,IS 1849 (Part 1/Sec 1):1990,True,True,match_version_verified,1849_1_1,https://standardsbis.bsbedge.com/BIS_Preview.aspx?id=1849_1_1,present,absent,absent,present,4,4,0,0,0,success,True,False
IS 2455:1990,IS 2455:1990,True,True,unknown,2455_1990,,absent,absent,absent,absent,0,0,0,0,0,partial_success,False,True
IS 2720 (Part 10):1991,IS 2720 (Part 10):1991,True,True,unknown,2720_10_1991,,absent,absent,absent,absent,0,0,0,0,0,partial_success,False,True
IS 1861 (Part 1):1990,IS 1861 (Part 1):1990,True,True,match_version_verified,1861_1,https://standardsbis.bsbedge.com/BIS_Preview.aspx?id=1861_1,present,absent,absent,present,2,2,0,0,0,success,True,False
IS 4414:1990,IS 4414:1990,True,True,unknown,4414_1990,,absent,absent,absent,absent,0,0,0,0,0,partial_success,False,True
IS 6497:1990,IS 6497:1990,True,True,unknown,6497_1990,,absent,absent,absent,absent,0,0,0,0,0,partial_success,False,True
IS 11401 (Part 2):1990,IS 11401 (Part 2):1990,True,True,unknown,11401_2_1990,,absent,absent,absent,absent,0,0,0,0,0,partial_success,False,True
IS 12955 (Part 2):1990,IS 12955 (Part 2):1990,True,True,unknown,12955_2_1990,,absent,absent,absent,absent,0,0,0,0,0,partial_success,False,True
IS 3079:1990,IS 3079:1990,True,True,unknown,3079_1990,,absent,absent,absent,absent,0,0,0,0,0,partial_success,False,True
IS 9527 (Part 6):1989,IS 9527 (Part 6):1989,True,True,unknown,9527_6_1989,,absent,absent,absent,absent,0,0,0,0,0,partial_success,False,True
IS 6452:1989,IS 6452:1989,True,True,match_version_verified,6452,https://standardsbis.bsbedge.com/BIS_Preview.aspx?id=6452,present,absent,absent,present,11,11,0,0,0,success,True,False
IS 12955 (Part 1):1990,IS 12955 (Part 1):1990,True,True,unknown,12955_1_1990,,absent,absent,absent,absent,0,0,0,0,0,partial_success,False,True
IS 3058:1990,IS 3058:1990,True,True,unknown,3058_1990,,absent,absent,absent,absent,0,0,0,0,0,partial_success,False,True
IS 6533 (Part 1):1989,IS 6533 (Part 1):1989,True,True,unknown,6533_1_1989,,absent,absent,absent,absent,0,0,0,0,0,partial_success,False,True
IS 9668:1990,IS 9668:1990,True,True,unknown,9668_1990,,absent,absent,absent,absent,0,0,0,0,0,partial_success,False,True
IS 12777:1989,IS 12777:1989,True,True,unknown,12777_1989,,absent,absent,absent,absent,0,0,0,0,0,partial_success,False,True
IS 12896:1990,IS 12896:1990,True,True,unknown,12896_1990,,absent,absent,absent,absent,0,0,0,0,0,partial_success,False,True
IS 2692:1989,IS 2692:1989,True,True,match_version_verified,2692,https://standardsbis.bsbedge.com/BIS_Preview.aspx?id=2692,present,absent,absent,present,10,10,0,0,0,success,True,False
IS 2905:1989,IS 2905:1989,True,True,unknown,2905_1989,,absent,absent,absent,absent,0,0,0,0,0,partial_success,False,True
IS 12861:1989,IS 12861:1989,True,True,unknown,12861_1989,,absent,absent,absent,absent,0,0,0,0,0,partial_success,False,True
IS 12862:1989,IS 12862:1989,True,True,unknown,12862_1989,,absent,absent,absent,absent,0,0,0,0,0,partial_success,False,True
IS 12867:1989,IS 12867:1989,True,True,unknown,12867_1989,,absent,absent,absent,absent,0,0,0,0,0,partial_success,False,True
IS 12870:1989,IS 12870:1989,True,True,unknown,12870_1989,,absent,absent,absent,absent,0,0,0,0,0,partial_success,False,True
IS 1898:1990,IS 1898:1990,True,True,unknown,1898_1990,,absent,absent,absent,absent,0,0,0,0,0,partial_success,False,True
IS 2895:1990,IS 2895:1990,True,True,unknown,2895_1990,,absent,absent,absent,absent,0,0,0,0,0,partial_success,False,True
IS 10 (Part 4):1989,IS 10 (Part 4):1989,True,True,unknown,10_4_1989,,absent,absent,absent,absent,0,0,0,0,0,partial_success,False,True
IS 12803:1989,IS 12803:1989,True,True,match_version_verified,12803,https://standardsbis.bsbedge.com/BIS_Preview.aspx?id=12803,present,absent,present,present,2,2,0,0,0,success,True,False
IS 12805:1989,IS 12805:1989,True,True,unknown,12805_1989,,absent,absent,absent,absent,0,0,0,0,0,partial_success,False,True
IS 12813:1989,IS 12813:1989,True,True,match_version_verified,12813,https://standardsbis.bsbedge.com/BIS_Preview.aspx?id=12813,present,absent,present,present,5,5,0,0,0,success,True,False
IS 12843:1989,IS 12843:1989,True,True,unknown,12843_1989,,absent,absent,absent,absent,0,0,0,0,0,partial_success,False,True
IS 12853:1989,IS 12853:1989,True,True,unknown,12853_1989,,absent,absent,absent,absent,0,0,0,0,0,partial_success,False,True
IS 12859:1989,IS 12859:1989,True,True,unknown,12859_1989,,absent,absent,absent,absent,0,0,0,0,0,partial_success,False,True
IS 3844:1989,IS 3844:1989,True,True,unknown,3844_1989,,absent,absent,absent,absent,0,0,0,0,0,partial_success,False,True
IS 12727:1989,IS 12727:1989,True,True,unknown,12727_1989,,absent,absent,absent,absent,0,0,0,0,0,partial_success,False,True
IS 12779:1989,IS 12779:1989,True,True,unknown,12779_1989,,absent,absent,absent,absent,0,0,0,0,0,partial_success,False,True
IS 12796:1989,IS 12796:1989,True,True,unknown,12796_1989,,absent,absent,absent,absent,0,0,0,0,0,partial_success,False,True
IS 4205:1989,IS 4205:1989,True,True,unknown,4205_1989,,absent,absent,absent,absent,0,0,0,0,0,partial_success,False,True
IS 4031 (Part 14):1989,IS 4031 (Part 14):1989,True,True,match_version_verified,4031_14,https://standardsbis.bsbedge.com/BIS_Preview.aspx?id=4031_14,present,absent,absent,present,3,3,0,0,0,success,True,False
IS 3670:1989,IS 3670:1989,True,True,unknown,3670_1989,,absent,absent,absent,absent,0,0,0,0,0,partial_success,False,True
IS 12600:1989,IS 12600:1989,True,True,match_version_verified,12600,https://standardsbis.bsbedge.com/BIS_Preview.aspx?id=12600,present,absent,absent,present,12,12,0,0,0,success,True,False
IS 1730:1989,IS 1730:1989,True,True,unknown,1730_1989,,absent,absent,absent,absent,0,0,0,0,0,partial_success,False,True
IS 2663:1989,IS 2663:1989,True,True,unknown,2663_1989,,absent,absent,absent,absent,0,0,0,0,0,partial_success,False,True
IS 12717:1989,IS 12717:1989,True,True,unknown,12717_1989,,absent,absent,absent,absent,0,0,0,0,0,partial_success,False,True
IS 1414:1989,IS 1414:1989,True,True,match_version_verified,1414,https://standardsbis.bsbedge.com/BIS_Preview.aspx?id=1414,present,absent,absent,present,16,16,0,0,0,success,True,False
IS 1732:1989,IS 1732:1989,True,True,unknown,1732_1989,,absent,absent,absent,absent,0,0,0,0,0,partial_success,False,True
SP 36 (Part 2):1988,SP 36 (Part 2):1988,True,True,unknown,36_2_1988,,absent,absent,absent,absent,0,0,0,0,0,partial_success,False,True
IS 12674 (Part 1):1989,IS 12674 (Part 1):1989,True,True,unknown,12674_1_1989,,absent,absent,absent,absent,0,0,0,0,0,partial_success,False,True
IS 12674 (Part 2):1989,IS 12674 (Part 2):1989,True,True,unknown,12674_2_1989,,absent,absent,absent,absent,0,0,0,0,0,partial_success,False,True
IS 12680:1989,IS 12680:1989,True,True,unknown,12680_1989,,absent,absent,absent,absent,0,0,0,0,0,partial_success,False,True
IS 1553:1989,IS 1553:1989,True,True,unknown,1553_1989,,absent,absent,absent,absent,0,0,0,0,0,partial_success,False,True
IS 3513 (Part 1):1989,IS 3513 (Part 1):1989,True,True,unknown,3513_1_1989,,absent,absent,absent,absent,0,0,0,0,0,partial_success,False,True
IS 3513 (Part 2):1989,IS 3513 (Part 2):1989,True,True,match_version_verified,3513_2,https://standardsbis.bsbedge.com/BIS_Preview.aspx?id=3513_2,present,absent,absent,present,4,4,0,0,0,success,True,False
IS 3513 (Part 3):1989,IS 3513 (Part 3):1989,True,True,match_version_verified,3513_3,https://standardsbis.bsbedge.com/BIS_Preview.aspx?id=3513_3,present,absent,absent,present,10,10,0,0,0,success,True,False
IS 4139:1989,IS 4139:1989,True,True,match_version_verified,4139,https://standardsbis.bsbedge.com/BIS_Preview.aspx?id=4139,present,absent,absent,present,3,3,0,0,0,success,True,False
IS 12654:1989,IS 12654:1989,True,True,unknown,12654_1989,,absent,absent,absent,absent,0,0,0,0,0,partial_success,False,True
IS 12583:1988,IS 12583:1988,True,True,match_version_verified,12583,https://standardsbis.bsbedge.com/BIS_Preview.aspx?id=12583,present,absent,absent,present,3,3,0,0,0,success,True,False
IS 5416 (Part 1):1988,IS 5416 (Part 1):1988,True,True,unknown,5416_1_1988,,absent,absent,absent,absent,0,0,0,0,0,partial_success,False,True
IS 12594:1988,IS 12594:1988,True,True,unknown,12594_1988,,absent,absent,absent,absent,0,0,0,0,0,partial_success,False,True
IS 5416 (Part 2):1988,IS 5416 (Part 2):1988,True,True,unknown,5416_2_1988,,absent,absent,absent,absent,0,0,0,0,0,partial_success,False,True
IS 901:1988,IS 901:1988,True,True,match_version_verified,901,https://standardsbis.bsbedge.com/BIS_Preview.aspx?id=901,present,absent,absent,present,10,10,0,0,0,success,True,False
IS 3067:1988,IS 3067:1988,True,True,unknown,3067_1988,,absent,absent,absent,absent,0,0,0,0,0,partial_success,False,True
IS 6494:1988,IS 6494:1988,True,True,unknown,6494_1988,,absent,absent,absent,absent,0,0,0,0,0,partial_success,False,True
IS 12303:1987,IS 12303:1987,True,True,unknown,12303_1987,,absent,absent,absent,absent,0,0,0,0,0,partial_success,False,True
IS 12506:1988,IS 12506:1988,True,True,match_version_verified,12506,https://standardsbis.bsbedge.com/BIS_Preview.aspx?id=12506,present,absent,absent,absent,0,0,0,0,0,success,True,False
IS 5967 (Part 1):1988,IS 5967 (Part 1):1988,True,True,unknown,5967_1_1988,,absent,absent,absent,absent,0,0,0,0,0,partial_success,False,True
IS 5967 (Part 2):1988,IS 5967 (Part 2):1988,True,True,unknown,5967_2_1988,,absent,absent,absent,absent,0,0,0,0,0,partial_success,False,True
IS 811:1987,IS 811:1987,True,True,unknown,811_1987,,absent,absent,absent,absent,0,0,0,0,0,partial_success,False,True
IS 4891:1988,IS 4891:1988,True,True,match_version_verified,4891,https://standardsbis.bsbedge.com/BIS_Preview.aspx?id=4891,present,absent,absent,present,4,4,0,0,0,success,True,False
IS 1200 (Part 23):1988,IS 1200 (Part 23):1988,True,True,unknown,1200_23_1988,,absent,absent,absent,absent,0,0,0,0,0,partial_success,False,True
IS 875 (Part 2):1987,IS 875 (Part 2):1987,True,True,unknown,875_2_1987,,absent,absent,absent,absent,0,0,0,0,0,partial_success,False,True
SP 36 (Part 1):1987,SP 36 (Part 1):1987,True,True,unknown,36_1_1987,,absent,absent,absent,absent,0,0,0,0,0,partial_success,False,True
IS 3583:1988,IS 3583:1988,True,True,unknown,3583_1988,,absent,absent,absent,absent,0,0,0,0,0,partial_success,False,True
IS H3583:1988,IS H3583:1988,True,False,unknown,,,not_verified,not_verified,not_verified,absent,0,0,0,0,0,failed,False,True
IS 1905:1987,IS 1905:1987,True,True,match_version_verified,1905,https://standardsbis.bsbedge.com/BIS_Preview.aspx?id=1905,present,absent,absent,absent,0,0,0,0,0,success,True,False
IS 4031 (Part 8):1988,IS 4031 (Part 8):1988,True,True,match_version_verified,4031_8,https://standardsbis.bsbedge.com/BIS_Preview.aspx?id=4031_8,present,absent,absent,present,6,6,0,0,0,success,True,False
IS 12440:1988,IS 12440:1988,True,True,unknown,12440_1988,,absent,absent,absent,absent,0,0,0,0,0,partial_success,False,True
IS 12423:1988,IS 12423:1988,True,True,match_version_verified,12423,https://standardsbis.bsbedge.com/BIS_Preview.aspx?id=12423,present,absent,absent,present,9,9,0,0,0,success,True,False
IS 7556:1988,IS 7556:1988,True,True,unknown,7556_1988,,absent,absent,absent,absent,0,0,0,0,0,partial_success,False,True
IS 11358:1987,IS 11358:1987,True,True,unknown,11358_1987,,absent,absent,absent,absent,0,0,0,0,0,partial_success,False,True
IS 4226:1988,IS 4226:1988,True,True,match_identity_only_version_uncertain,4226,,present,absent,absent,absent,0,0,0,0,0,partial_success,False,True
IS 12288:1987,IS 12288:1987,True,True,unknown,12288_1987,,absent,absent,absent,absent,0,0,0,0,0,partial_success,False,True
IS 3201:1988,IS 3201:1988,True,True,unknown,3201_1988,,absent,absent,absent,absent,0,0,0,0,0,partial_success,False,True
IS 4031 (Part 3):1988,IS 4031 (Part 3):1988,True,True,match_version_verified,4031_3,https://standardsbis.bsbedge.com/BIS_Preview.aspx?id=4031_3,present,absent,absent,present,7,7,0,0,0,success,True,False
IS 12332:1988,IS 12332:1988,True,True,match_version_verified,12332,https://standardsbis.bsbedge.com/BIS_Preview.aspx?id=12332,present,absent,absent,present,7,7,0,0,0,success,True,False
IS 4031 (Part 9):1988,IS 4031 (Part 9):1988,True,True,match_version_verified,4031_9,https://standardsbis.bsbedge.com/BIS_Preview.aspx?id=4031_9,present,absent,absent,present,6,6,0,0,0,success,True,False
IS 6508:1988,IS 6508:1988,True,True,unknown,6508_1988,,absent,absent,absent,absent,0,0,0,0,0,partial_success,False,True
IS 4031 (Part 7):1988,IS 4031 (Part 7):1988,True,True,match_version_verified,4031_7,https://standardsbis.bsbedge.com/BIS_Preview.aspx?id=4031_7,present,absent,absent,present,7,7,0,0,0,success,True,False
IS 4031 (Part 10):1988,IS 4031 (Part 10):1988,True,True,match_version_verified,4031_10,https://standardsbis.bsbedge.com/BIS_Preview.aspx?id=4031_10,present,absent,absent,present,7,7,0,0,0,success,True,False
IS 4031 (Part 13):1988,IS 4031 (Part 13):1988,True,True,match_version_verified,4031_13,https://standardsbis.bsbedge.com/BIS_Preview.aspx?id=4031_13,present,absent,absent,present,9,9,0,0,0,success,True,False
IS 12093:1987,IS 12093:1987,True,True,match_version_verified,12093,https://standardsbis.bsbedge.com/BIS_Preview.aspx?id=12093,present,absent,absent,present,4,4,0,0,0,success,True,False
IS 12330:1988,IS 12330:1988,True,True,match_version_verified,12330,https://standardsbis.bsbedge.com/BIS_Preview.aspx?id=12330,present,absent,absent,present,13,13,0,0,0,success,True,False
IS 2726:1988,IS 2726:1988,True,True,match_version_verified,2726,https://standardsbis.bsbedge.com/BIS_Preview.aspx?id=2726,present,absent,absent,present,8,8,0,0,0,success,True,False
IS 4031 (Part 11):1988,IS 4031 (Part 11):1988,True,True,match_version_verified,4031_11,https://standardsbis.bsbedge.com/BIS_Preview.aspx?id=4031_11,present,absent,absent,present,3,3,0,0,0,success,True,False
IS 4031 (Part 12):1988,IS 4031 (Part 12):1988,True,True,match_version_verified,4031_12,https://standardsbis.bsbedge.com/BIS_Preview.aspx?id=4031_12,present,absent,absent,absent,0,0,0,0,0,success,True,False
IS 4031 (Part 4):1988,IS 4031 (Part 4):1988,True,True,match_version_verified,4031_4,https://standardsbis.bsbedge.com/BIS_Preview.aspx?id=4031_4,present,absent,absent,present,5,5,0,0,0,success,True,False
IS 4031 (Part 6):1988,IS 4031 (Part 6):1988,True,True,match_version_verified,4031_6,https://standardsbis.bsbedge.com/BIS_Preview.aspx?id=4031_6,present,absent,absent,present,6,6,0,0,0,success,True,False
IS 4885:1988,IS 4885:1988,True,True,unknown,4885_1988,,absent,absent,absent,absent,0,0,0,0,0,partial_success,False,True
IS 12118 (Part 2):1987,IS 12118 (Part 2):1987,True,True,match_version_verified,12118_2,https://standardsbis.bsbedge.com/BIS_Preview.aspx?id=12118_2,present,absent,absent,present,6,6,0,0,0,success,True,False
IS 12231:1987,IS 12231:1987,True,True,match_version_verified,12231,https://standardsbis.bsbedge.com/BIS_Preview.aspx?id=12231,present,absent,absent,absent,0,0,0,0,0,success,True,False
IS 12251:1987,IS 12251:1987,True,True,unknown,12251_1987,,absent,absent,absent,absent,0,0,0,0,0,partial_success,False,True
IS 12314:1987,IS 12314:1987,True,True,unknown,12314_1987,,absent,absent,absent,absent,0,0,0,0,0,partial_success,False,True
IS 875 (Part 5):1987,IS 875 (Part 5):1987,True,True,unknown,875_5_1987,,absent,absent,absent,absent,0,0,0,0,0,partial_success,False,True
IS 2180:1988,IS 2180:1988,True,True,unknown,2180_1988,,absent,absent,absent,absent,0,0,0,0,0,partial_success,False,True
IS 12208:1987,IS 12208:1987,True,True,unknown,12208_1987,,absent,absent,absent,absent,0,0,0,0,0,partial_success,False,True
IS 12349:1988,IS 12349:1988,True,True,match_version_verified,12349,https://standardsbis.bsbedge.com/BIS_Preview.aspx?id=12349,present,absent,absent,absent,0,0,0,0,0,success,True,False
IS 12183 (Part 1):1987,IS 12183 (Part 1):1987,True,True,unknown,12183_1_1987,,absent,absent,absent,absent,0,0,0,0,0,partial_success,False,True
IS 12407:1988,IS 12407:1988,True,True,match_version_verified,12407,https://standardsbis.bsbedge.com/BIS_Preview.aspx?id=12407,present,absent,absent,absent,0,0,0,0,0,success,True,False
IS 2720 (Part 16):1987,IS 2720 (Part 16):1987,True,True,unknown,2720_16_1987,,absent,absent,absent,absent,0,0,0,0,0,partial_success,False,True
IS 2720 (Part 36):1987,IS 2720 (Part 36):1987,True,True,unknown,2720_36_1987,,absent,absent,absent,absent,0,0,0,0,0,partial_success,False,True
IS 2974 (Part 5):1987,IS 2974 (Part 5):1987,True,True,match_version_verified,2974_5,https://standardsbis.bsbedge.com/BIS_Preview.aspx?id=2974_5,present,absent,absent,present,7,7,0,0,0,success,True,False
IS 6476:1987,IS 6476:1987,True,True,unknown,6476_1987,,absent,absent,absent,absent,0,0,0,0,0,partial_success,False,True
IS 3696 (Part 1):1987,IS 3696 (Part 1):1987,True,True,unknown,3696_1_1987,,absent,absent,absent,absent,0,0,0,0,0,partial_success,False,True
IS 6643:1987,IS 6643:1987,True,True,unknown,6643_1987,,absent,absent,absent,absent,0,0,0,0,0,partial_success,False,True
IS 12120:1987,IS 12120:1987,True,True,unknown,12120_1987,,absent,absent,absent,absent,0,0,0,0,0,partial_success,False,True
IS 6475:1987,IS 6475:1987,True,True,unknown,6475_1987,,absent,absent,absent,absent,0,0,0,0,0,partial_success,False,True
IS 5871:1987,IS 5871:1987,True,True,unknown,5871_1987,,absent,absent,absent,absent,0,0,0,0,0,partial_success,False,True
IS 11818:1986,IS 11818:1986,True,True,unknown,11818_1986,,absent,absent,absent,absent,0,0,0,0,0,partial_success,False,True
IS 2700:1987,IS 2700:1987,True,True,unknown,2700_1987,,absent,absent,absent,absent,0,0,0,0,0,partial_success,False,True
IS 6449:1987,IS 6449:1987,True,True,unknown,6449_1987,,absent,absent,absent,absent,0,0,0,0,0,partial_success,False,True
IS 10553 (Part 5):1987,IS 10553 (Part 5):1987,True,True,unknown,10553_5_1987,,absent,absent,absent,absent,0,0,0,0,0,partial_success,False,True
IS 12053:1987,IS 12053:1987,True,True,unknown,12053_1987,,absent,absent,absent,absent,0,0,0,0,0,partial_success,False,True
IS 12070:1987,IS 12070:1987,True,True,unknown,12070_1987,,absent,absent,absent,absent,0,0,0,0,0,partial_success,False,True
IS 12073:1987,IS 12073:1987,True,True,match_version_verified,12073,https://standardsbis.bsbedge.com/BIS_Preview.aspx?id=12073,present,absent,absent,present,5,5,0,0,0,success,True,False
IS 12077:1987,IS 12077:1987,True,True,unknown,12077_1987,,absent,absent,absent,absent,0,0,0,0,0,partial_success,False,True
IS 12118 (Part 1):1987,IS 12118 (Part 1):1987,True,True,match_version_verified,12118_1,https://standardsbis.bsbedge.com/BIS_Preview.aspx?id=12118_1,present,absent,absent,present,2,2,0,0,0,success,True,False
IS 12119:1987,IS 12119:1987,True,True,match_version_verified,12119,https://standardsbis.bsbedge.com/BIS_Preview.aspx?id=12119,present,absent,absent,present,4,4,0,0,0,success,True,False
IS 2720 (Part 26):1987,IS 2720 (Part 26):1987,True,True,unknown,2720_26_1987,,absent,absent,absent,absent,0,0,0,0,0,partial_success,False,True
IS 2894:1987,IS 2894:1987,True,True,unknown,2894_1987,,absent,absent,absent,absent,0,0,0,0,0,partial_success,False,True
IS 7834 (Part 7):1987,IS 7834 (Part 7):1987,True,True,match_version_verified,7834_7,https://standardsbis.bsbedge.com/BIS_Preview.aspx?id=7834_7,present,absent,absent,absent,0,0,0,0,0,success,True,False
IS 7834 (Part 8):1987,IS 7834 (Part 8):1987,True,True,match_version_verified,7834_8,https://standardsbis.bsbedge.com/BIS_Preview.aspx?id=7834_8,present,absent,absent,absent,0,0,0,0,0,success,True,False
IS 12089:1987,IS 12089:1987,True,True,match_version_verified,12089,https://standardsbis.bsbedge.com/BIS_Preview.aspx?id=12089,present,absent,absent,present,3,3,0,0,0,success,True,False
IS 5488:1987,IS 5488:1987,True,True,unknown,5488_1987,,absent,absent,absent,absent,0,0,0,0,0,partial_success,False,True
IS 6295:1986,IS 6295:1986,True,True,unknown,6295_1986,,absent,absent,absent,absent,0,0,0,0,0,partial_success,False,True
IS 7834 (Part 1):1987,IS 7834 (Part 1):1987,True,True,match_version_verified,7834_1,https://standardsbis.bsbedge.com/BIS_Preview.aspx?id=7834_1,present,absent,absent,absent,0,0,0,0,0,success,True,False
IS 7834 (Part 2):1987,IS 7834 (Part 2):1987,True,True,match_version_verified,7834_2,https://standardsbis.bsbedge.com/BIS_Preview.aspx?id=7834_2,present,absent,absent,absent,0,0,0,0,0,success,True,False
IS 7834 (Part 3):1987,IS 7834 (Part 3):1987,True,True,match_version_verified,7834_3,https://standardsbis.bsbedge.com/BIS_Preview.aspx?id=7834_3,present,absent,absent,absent,0,0,0,0,0,success,True,False
IS 7834 (Part 4):1987,IS 7834 (Part 4):1987,True,True,match_version_verified,7834_4,https://standardsbis.bsbedge.com/BIS_Preview.aspx?id=7834_4,present,absent,absent,absent,0,0,0,0,0,success,True,False
IS 7834 (Part 5):1987,IS 7834 (Part 5):1987,True,True,match_version_verified,7834_5,https://standardsbis.bsbedge.com/BIS_Preview.aspx?id=7834_5,present,absent,absent,absent,0,0,0,0,0,success,True,False
IS 7834 (Part 6):1987,IS 7834 (Part 6):1987,True,True,match_version_verified,7834_6,https://standardsbis.bsbedge.com/BIS_Preview.aspx?id=7834_6,present,absent,absent,absent,0,0,0,0,0,success,True,False
IS 11770 (Part 1):1987,IS 11770 (Part 1):1987,True,True,unknown,11770_1_1987,,absent,absent,absent,absent,0,0,0,0,0,partial_success,False,True
IS 11770 (Part 3):1987,IS 11770 (Part 3):1987,True,True,unknown,11770_3_1987,,absent,absent,absent,absent,0,0,0,0,0,partial_success,False,True
IS 1200 (Part 15):1987,IS 1200 (Part 15):1987,True,True,unknown,1200_15_1987,,absent,absent,absent,absent,0,0,0,0,0,partial_success,False,True
IS 12078:1987,IS 12078:1987,True,True,unknown,12078_1987,,absent,absent,absent,absent,0,0,0,0,0,partial_success,False,True
IS 12079:1987,IS 12079:1987,True,True,unknown,12079_1987,,absent,absent,absent,absent,0,0,0,0,0,partial_success,False,True
IS 12080:1987,IS 12080:1987,True,True,unknown,12080_1987,,absent,absent,absent,absent,0,0,0,0,0,partial_success,False,True
IS 12081 (Part 1):1987,IS 12081 (Part 1):1987,True,True,unknown,12081_1_1987,,absent,absent,absent,absent,0,0,0,0,0,partial_success,False,True
IS 12081 (Part 2):1987,IS 12081 (Part 2):1987,True,True,unknown,12081_2_1987,,absent,absent,absent,absent,0,0,0,0,0,partial_success,False,True
IS 5611:1987,IS 5611:1987,True,True,unknown,5611_1987,,absent,absent,absent,absent,0,0,0,0,0,partial_success,False,True
IS 11925:1986,IS 11925:1986,True,True,unknown,11925_1986,,absent,absent,absent,absent,0,0,0,0,0,partial_success,False,True
IS 12023:1987,IS 12023:1987,True,True,unknown,12023_1987,,absent,absent,absent,absent,0,0,0,0,0,partial_success,False,True
IS 5197:1987,IS 5197:1987,True,True,match_version_verified,5197,https://standardsbis.bsbedge.com/BIS_Preview.aspx?id=5197,present,absent,absent,present,7,7,0,0,0,success,True,False
IS 6820:1987,IS 6820:1987,True,True,match_version_verified,6820,https://standardsbis.bsbedge.com/BIS_Preview.aspx?id=6820,present,absent,absent,present,7,7,0,0,0,success,True,False
IS 11972:1987,IS 11972:1987,True,True,unknown,11972_1987,,absent,absent,absent,absent,0,0,0,0,0,partial_success,False,True
IS 11993:1987,IS 11993:1987,True,True,match_version_verified,11993,https://standardsbis.bsbedge.com/BIS_Preview.aspx?id=11993,present,absent,absent,present,6,6,0,0,0,success,True,False
IS 4038:1986,IS 4038:1986,True,True,unknown,4038_1986,,absent,absent,absent,absent,0,0,0,0,0,partial_success,False,True
IS 7921:1987,IS 7921:1987,True,True,match_version_verified,7921,https://standardsbis.bsbedge.com/BIS_Preview.aspx?id=7921,present,absent,absent,present,4,4,0,0,0,success,True,False
IS 7922:1987,IS 7922:1987,True,True,match_version_verified,7922,https://standardsbis.bsbedge.com/BIS_Preview.aspx?id=7922,present,absent,absent,present,4,4,0,0,0,success,True,False
SP 34:1987,SP 34:1987,True,True,unknown,34_1987,,absent,absent,absent,absent,0,0,0,0,0,partial_success,False,True
IS 11769 (Part 1):1987,IS 11769 (Part 1):1987,True,True,unknown,11769_1_1987,,absent,absent,absent,absent,0,0,0,0,0,partial_success,False,True
IS 11931:1987,IS 11931:1987,True,True,unknown,11931_1987,,absent,absent,absent,absent,0,0,0,0,0,partial_success,False,True
IS 8229:1986,IS 8229:1986,True,True,match_version_verified,8229,https://standardsbis.bsbedge.com/BIS_Preview.aspx?id=8229,present,absent,absent,present,5,5,0,0,0,success,True,False
IS 4911:1986,IS 4911:1986,True,True,unknown,4911_1986,,absent,absent,absent,absent,0,0,0,0,0,partial_success,False,True
IS 1200 (Part 26):1987,IS 1200 (Part 26):1987,True,True,unknown,1200_26_1987,,absent,absent,absent,absent,0,0,0,0,0,partial_success,False,True
IS 2430:1986,IS 2430:1986,True,True,match_version_verified,2430,https://standardsbis.bsbedge.com/BIS_Preview.aspx?id=2430,present,absent,absent,absent,0,0,0,0,0,success,True,False
IS 4862 (Part 1):1986,IS 4862 (Part 1):1986,True,True,unknown,4862_1_1986,,absent,absent,absent,absent,0,0,0,0,0,partial_success,False,True
IS 4878:1986,IS 4878:1986,True,True,unknown,4878_1986,,absent,absent,absent,absent,0,0,0,0,0,partial_success,False,True
IS 11833:1986,IS 11833:1986,True,True,match_version_verified,11833,https://standardsbis.bsbedge.com/BIS_Preview.aspx?id=11833,present,absent,absent,absent,0,0,0,0,0,success,True,False
IS 11906:1986,IS 11906:1986,True,True,unknown,11906_1986,,absent,absent,absent,absent,0,0,0,0,0,partial_success,False,True
IS 11907:1986,IS 11907:1986,True,True,unknown,11907_1986,,absent,absent,absent,absent,0,0,0,0,0,partial_success,False,True
IS 2720 (Part 13):1986,IS 2720 (Part 13):1986,True,True,unknown,2720_13_1986,,absent,absent,absent,absent,0,0,0,0,0,partial_success,False,True
IS 2720 (Part 15):1965,IS 2720 (Part 15):1965,True,True,unknown,2720_15_1965,,absent,absent,absent,absent,0,0,0,0,0,partial_success,False,True
IS 10316:1986,IS 10316:1986,True,True,unknown,10316_1986,,absent,absent,absent,absent,0,0,0,0,0,partial_success,False,True
IS 1332:1986,IS 1332:1986,True,True,unknown,1332_1986,,absent,absent,absent,absent,0,0,0,0,0,partial_success,False,True
IS 2193:1986,IS 2193:1986,True,True,unknown,2193_1986,,absent,absent,absent,absent,0,0,0,0,0,partial_success,False,True
IS 5974:1986,IS 5974:1986,True,True,unknown,5974_1986,,absent,absent,absent,absent,0,0,0,0,0,partial_success,False,True
SP 33:1986,SP 33:1986,True,True,unknown,33_1986,,absent,absent,absent,absent,0,0,0,0,0,partial_success,False,True
IS 11775:1986,IS 11775:1986,True,True,unknown,11775_1986,,absent,absent,absent,absent,0,0,0,0,0,partial_success,False,True
IS 3384:1986,IS 3384:1986,True,True,unknown,3384_1986,,absent,absent,absent,absent,0,0,0,0,0,partial_success,False,True
IS 11682:1985,IS 11682:1985,True,True,unknown,11682_1985,,absent,absent,absent,absent,0,0,0,0,0,partial_success,False,True
IS 11707:1986,IS 11707:1986,True,True,unknown,11707_1986,,absent,absent,absent,absent,0,0,0,0,0,partial_success,False,True
IS 3068:1986,IS 3068:1986,True,True,match_version_verified,3068,https://standardsbis.bsbedge.com/BIS_Preview.aspx?id=3068,present,absent,absent,present,7,7,0,0,0,success,True,False
IS 3629:1986,IS 3629:1986,True,True,unknown,3629_1986,,absent,absent,absent,absent,0,0,0,0,0,partial_success,False,True
IS 3037:1986,IS 3037:1986,True,True,unknown,3037_1986,,absent,absent,absent,absent,0,0,0,0,0,partial_success,False,True
IS 11629:1986,IS 11629:1986,True,True,unknown,11629_1986,,absent,absent,absent,absent,0,0,0,0,0,partial_success,False,True
IS 11768:1986,IS 11768:1986,True,True,unknown,11768_1986,,absent,absent,absent,absent,0,0,0,0,0,partial_success,False,True
IS 11769 (Part 3):1986,IS 11769 (Part 3):1986,True,True,unknown,11769_3_1986,,absent,absent,absent,absent,0,0,0,0,0,partial_success,False,True
IS 1624:1986,IS 1624:1986,True,True,match_version_verified,1624,https://standardsbis.bsbedge.com/BIS_Preview.aspx?id=1624,present,absent,absent,present,4,4,0,0,0,success,True,False
IS 1837:1966,IS 1837:1966,True,True,unknown,1837_1966,,absent,absent,absent,absent,0,0,0,0,0,partial_success,False,True
IS 3182:1986,IS 3182:1986,True,True,match_version_verified,3182,https://standardsbis.bsbedge.com/BIS_Preview.aspx?id=3182,present,absent,absent,present,4,4,0,0,0,success,True,False
SP 32 (S&T):1986,SP 32 (S&T):1986,True,False,unknown,,,not_verified,not_verified,not_verified,absent,0,0,0,0,0,failed,False,True
IS 11550:1985,IS 11550:1985,True,True,unknown,11550_1985,,absent,absent,absent,absent,0,0,0,0,0,partial_success,False,True
IS 2132:1986,IS 2132:1986,True,True,unknown,2132_1986,,absent,absent,absent,absent,0,0,0,0,0,partial_success,False,True
IS 2720 (Part 17):1986,IS 2720 (Part 17):1986,True,True,unknown,2720_17_1986,,absent,absent,absent,absent,0,0,0,0,0,partial_success,False,True
IS 4111 (Part 1):1986,IS 4111 (Part 1):1986,True,True,unknown,4111_1_1986,,absent,absent,absent,absent,0,0,0,0,0,partial_success,False,True
IS 7740:1985,IS 7740:1985,True,True,unknown,7740_1985,,absent,absent,absent,absent,0,0,0,0,0,partial_success,False,True
IS 11433 (Part 2):1986,IS 11433 (Part 2):1986,True,True,unknown,11433_2_1986,,absent,absent,absent,absent,0,0,0,0,0,partial_success,False,True
IS 1708 (Part 1 to 18):1986,IS 1708 (Part 1 to 18):1986,True,False,unknown,,,not_verified,not_verified,not_verified,absent,0,0,0,0,0,failed,False,True
IS 3464:1986,IS 3464:1986,True,True,unknown,3464_1986,,absent,absent,absent,absent,0,0,0,0,0,partial_success,False,True
IS 4101 (Part 3):1985,IS 4101 (Part 3):1985,True,True,unknown,4101_3_1985,,absent,absent,absent,absent,0,0,0,0,0,partial_success,False,True
IS 5779:1986,IS 5779:1986,True,True,unknown,5779_1986,,absent,absent,absent,absent,0,0,0,0,0,partial_success,False,True
IS 11447:1985,IS 11447:1985,True,True,match_version_verified,11447,https://standardsbis.bsbedge.com/BIS_Preview.aspx?id=11447,present,absent,absent,present,6,6,0,0,0,success,True,False
IS 11578:1986,IS 11578:1986,True,True,unknown,11578_1986,,absent,absent,absent,absent,0,0,0,0,0,partial_success,False,True
IS 3744:1985,IS 3744:1985,True,True,unknown,3744_1985,,absent,absent,absent,absent,0,0,0,0,0,partial_success,False,True
IS 4631:1986,IS 4631:1986,True,True,unknown,4631_1986,,absent,absent,absent,absent,0,0,0,0,0,partial_success,False,True
IS 926:1985,IS 926:1985,True,True,unknown,926_1985,,absent,absent,absent,absent,0,0,0,0,0,partial_success,False,True
IS 11397:1985,IS 11397:1985,True,True,unknown,11397_1985,,absent,absent,absent,absent,0,0,0,0,0,partial_success,False,True
IS 3535:1986,IS 3535:1986,True,True,match_version_verified,3535,https://standardsbis.bsbedge.com/BIS_Preview.aspx?id=3535,present,absent,absent,absent,0,0,0,0,0,success,True,False
IS 4111 (Part 2):1985,IS 4111 (Part 2):1985,True,True,unknown,4111_2_1985,,absent,absent,absent,absent,0,0,0,0,0,partial_success,False,True
IS 4111 (Part 3):1985,IS 4111 (Part 3):1985,True,True,unknown,4111_3_1985,,absent,absent,absent,absent,0,0,0,0,0,partial_success,False,True
IS 1080:1985,IS 1080:1985,True,True,unknown,1080_1985,,absent,absent,absent,absent,0,0,0,0,0,partial_success,False,True
IS 6642:1986,IS 6642:1986,True,True,unknown,6642_1986,,absent,absent,absent,absent,0,0,0,0,0,partial_success,False,True
IS 6644:1986,IS 6644:1986,True,True,unknown,6644_1986,,absent,absent,absent,absent,0,0,0,0,0,partial_success,False,True
IS 6656:1986,IS 6656:1986,True,True,unknown,6656_1986,,absent,absent,absent,absent,0,0,0,0,0,partial_success,False,True
IS 6676:1986,IS 6676:1986,True,True,unknown,6676_1986,,absent,absent,absent,absent,0,0,0,0,0,partial_success,False,True
IS 7992:1983,IS 7992:1983,True,True,unknown,7992_1983,,absent,absent,absent,absent,0,0,0,0,0,partial_success,False,True
IS 3129:1985,IS 3129:1985,True,True,unknown,3129_1985,,absent,absent,absent,absent,0,0,0,0,0,partial_success,False,True
IS 6445:1985,IS 6445:1985,True,True,unknown,6445_1985,,absent,absent,absent,absent,0,0,0,0,0,partial_success,False,True
IS 10182 (Part 2):1985,IS 10182 (Part 2):1985,True,True,unknown,10182_2_1985,,absent,absent,absent,absent,0,0,0,0,0,partial_success,False,True
IS 11387:1985,IS 11387:1985,True,True,unknown,11387_1985,,absent,absent,absent,absent,0,0,0,0,0,partial_success,False,True
IS 11433 (Part 1):1985,IS 11433 (Part 1):1985,True,True,unknown,11433_1_1985,,absent,absent,absent,absent,0,0,0,0,0,partial_success,False,True
IS 3728:1985,IS 3728:1985,True,True,unknown,3728_1985,,absent,absent,absent,absent,0,0,0,0,0,partial_success,False,True
IS 783:1985,IS 783:1985,True,True,unknown,783_1985,,absent,absent,absent,absent,0,0,0,0,0,partial_success,False,True
IS 11401 (Part 1):1985,IS 11401 (Part 1):1985,True,True,unknown,11401_1_1985,,absent,absent,absent,absent,0,0,0,0,0,partial_success,False,True
IS 11457 (Part 1):1985,IS 11457 (Part 1):1985,True,True,unknown,11457_1_1985,,absent,absent,absent,absent,0,0,0,0,0,partial_success,False,True
IS 11460:1985,IS 11460:1985,True,True,unknown,11460_1985,,absent,absent,absent,absent,0,0,0,0,0,partial_success,False,True
IS 6041:1985,IS 6041:1985,True,True,unknown,6041_1985,,absent,absent,absent,absent,0,0,0,0,0,partial_success,False,True
IS 6411:1985,IS 6411:1985,True,True,unknown,6411_1985,,absent,absent,absent,absent,0,0,0,0,0,partial_success,False,True
IS 11451:1986,IS 11451:1986,True,True,unknown,11451_1986,,absent,absent,absent,absent,0,0,0,0,0,partial_success,False,True
IS 5505:1985,IS 5505:1985,True,True,unknown,5505_1985,,absent,absent,absent,absent,0,0,0,0,0,partial_success,False,True
IS 947:1985,IS 947:1985,True,True,match_version_verified,947,https://standardsbis.bsbedge.com/BIS_Preview.aspx?id=947,present,absent,absent,absent,0,0,0,0,0,success,True,False
IS 1711:1984,IS 1711:1984,True,True,unknown,1711_1984,,absent,absent,absent,absent,0,0,0,0,0,partial_success,False,True
IS 7090:1985,IS 7090:1985,True,True,unknown,7090_1985,,absent,absent,absent,absent,0,0,0,0,0,partial_success,False,True
IS 941:1985,IS 941:1985,True,True,unknown,941_1985,,absent,absent,absent,absent,0,0,0,0,0,partial_success,False,True
IS 11233:1985,IS 11233:1985,True,True,unknown,11233_1985,,absent,absent,absent,absent,0,0,0,0,0,partial_success,False,True
IS 11817:1986,IS 11817:1986,True,True,unknown,11817_1986,,absent,absent,absent,absent,0,0,0,0,0,partial_success,False,True
IS 2470 (Part 1):1985,IS 2470 (Part 1):1985,True,True,unknown,2470_1_1985,,absent,absent,absent,absent,0,0,0,0,0,partial_success,False,True
IS 2720 (Part 4):1985,IS 2720 (Part 4):1985,True,True,unknown,2720_4_1985,,absent,absent,absent,absent,0,0,0,0,0,partial_success,False,True
IS 778:1984,IS 778:1984,True,True,unknown,778_1984,,absent,absent,absent,absent,0,0,0,0,0,partial_success,False,True
IS 11288:1985,IS 11288:1985,True,True,unknown,11288_1985,,absent,absent,absent,absent,0,0,0,0,0,partial_success,False,True
IS 2470 (Part 2):1985,IS 2470 (Part 2):1985,True,True,unknown,2470_2_1985,,absent,absent,absent,absent,0,0,0,0,0,partial_success,False,True
IS 11263:1985,IS 11263:1985,True,True,match_version_verified,11263,https://standardsbis.bsbedge.com/BIS_Preview.aspx?id=11263,present,absent,absent,absent,0,0,0,0,0,success,True,False
IS 11267:1985,IS 11267:1985,True,True,unknown,11267_1985,,absent,absent,absent,absent,0,0,0,0,0,partial_success,False,True
IS 11275:1985,IS 11275:1985,True,True,unknown,11275_1985,,absent,absent,absent,absent,0,0,0,0,0,partial_success,False,True
IS 11276:1985,IS 11276:1985,True,True,unknown,11276_1985,,absent,absent,absent,absent,0,0,0,0,0,partial_success,False,True
IS 620:1985,IS 620:1985,True,True,unknown,620_1985,,absent,absent,absent,absent,0,0,0,0,0,partial_success,False,True
IS 6641:1985,IS 6641:1985,True,True,unknown,6641_1985,,absent,absent,absent,absent,0,0,0,0,0,partial_success,False,True
IS 7322:1985,IS 7322:1985,True,True,unknown,7322_1985,,absent,absent,absent,absent,0,0,0,0,0,partial_success,False,True
IS 11262:1985,IS 11262:1985,True,True,match_version_verified,11262,https://standardsbis.bsbedge.com/BIS_Preview.aspx?id=11262,present,absent,absent,absent,0,0,0,0,0,success,True,False
IS 5486:1985,IS 5486:1985,True,True,unknown,5486_1985,,absent,absent,absent,absent,0,0,0,0,0,partial_success,False,True
IS 6026:1985,IS 6026:1985,True,True,unknown,6026_1985,,absent,absent,absent,absent,0,0,0,0,0,partial_success,False,True
IS 6509:1985,IS 6509:1985,True,True,unknown,6509_1985,,absent,absent,absent,absent,0,0,0,0,0,partial_success,False,True
IS 11208:1985,IS 11208:1985,True,True,unknown,11208_1985,,absent,absent,absent,absent,0,0,0,0,0,partial_success,False,True
IS 2720 (Part 5):1985,IS 2720 (Part 5):1985,True,True,unknown,2720_5_1985,,absent,absent,absent,absent,0,0,0,0,0,partial_success,False,True
IS 3731:1985,IS 3731:1985,True,True,unknown,3731_1985,,absent,absent,absent,absent,0,0,0,0,0,partial_success,False,True
IS 4422:1985,IS 4422:1985,True,True,unknown,4422_1985,,absent,absent,absent,absent,0,0,0,0,0,partial_success,False,True
IS 4895:1985,IS 4895:1985,True,True,unknown,4895_1985,,absent,absent,absent,absent,0,0,0,0,0,partial_success,False,True
IS 6189:1985,IS 6189:1985,True,True,unknown,6189_1985,,absent,absent,absent,absent,0,0,0,0,0,partial_success,False,True
IS 9561:1985,IS 9561:1985,True,True,unknown,9561_1985,,absent,absent,absent,absent,0,0,0,0,0,partial_success,False,True
IS 712:1984,IS 712:1984,True,True,match_version_verified,712,https://standardsbis.bsbedge.com/BIS_Preview.aspx?id=712,present,absent,absent,present,4,4,0,0,0,success,True,False
SP 1650 Supplement:1973,SP 1650 Supplement:1973,True,False,unknown,,,not_verified,not_verified,not_verified,absent,0,0,0,0,0,failed,False,True
IS 11108:1984,IS 11108:1984,True,True,unknown,11108_1984,,absent,absent,absent,absent,0,0,0,0,0,partial_success,False,True
IS 11131:1984,IS 11131:1984,True,True,unknown,11131_1984,,absent,absent,absent,absent,0,0,0,0,0,partial_success,False,True
IS 11134:1984,IS 11134:1984,True,True,unknown,11134_1984,,absent,absent,absent,absent,0,0,0,0,0,partial_success,False,True
IS 11096:1984,IS 11096:1984,True,True,unknown,11096_1984,,absent,absent,absent,absent,0,0,0,0,0,partial_success,False,True
IS 11100:1984,IS 11100:1984,True,True,unknown,11100_1984,,absent,absent,absent,absent,0,0,0,0,0,partial_success,False,True
IS 11101:1984,IS 11101:1984,True,True,match_version_verified,11101,https://standardsbis.bsbedge.com/BIS_Preview.aspx?id=11101,present,absent,absent,absent,0,0,0,0,0,success,True,False
IS 11106:1984,IS 11106:1984,True,True,match_version_verified,11106,https://standardsbis.bsbedge.com/BIS_Preview.aspx?id=11106,present,absent,absent,present,3,3,0,0,0,success,True,False
IS 11117:1984,IS 11117:1984,True,True,unknown,11117_1984,,absent,absent,absent,absent,0,0,0,0,0,partial_success,False,True
IS 2185 (Part 3):1984,IS 2185 (Part 3):1984,True,True,unknown,2185_3_1984,,absent,absent,absent,absent,0,0,0,0,0,partial_success,False,True
IS 2441:1984,IS 2441:1984,True,True,unknown,2441_1984,,absent,absent,absent,absent,0,0,0,0,0,partial_success,False,True
IS 2858:1984,IS 2858:1984,True,True,unknown,2858_1984,,absent,absent,absent,absent,0,0,0,0,0,partial_success,False,True
IS 4996:1984,IS 4996:1984,True,True,unknown,4996_1984,,absent,absent,absent,absent,0,0,0,0,0,partial_success,False,True
IS 6332:1984,IS 6332:1984,True,True,unknown,6332_1984,,absent,absent,absent,absent,0,0,0,0,0,partial_success,False,True
IS 781:1984,IS 781:1984,True,True,unknown,781_1984,,absent,absent,absent,absent,0,0,0,0,0,partial_success,False,True
IS 8272:1984,IS 8272:1984,True,True,unknown,8272_1984,,absent,absent,absent,absent,0,0,0,0,0,partial_success,False,True
IS 11089:1984,IS 11089:1984,True,True,unknown,11089_1984,,absent,absent,absent,absent,0,0,0,0,0,partial_success,False,True
IS 1200 (Part 14):1984,IS 1200 (Part 14):1984,True,True,unknown,1200_14_1984,,absent,absent,absent,absent,0,0,0,0,0,partial_success,False,True
IS 1838 (Part 2):1984,IS 1838 (Part 2):1984,True,True,unknown,1838_2_1984,,absent,absent,absent,absent,0,0,0,0,0,partial_success,False,True
IS 2065:1983,IS 2065:1983,True,True,unknown,2065_1983,,absent,absent,absent,absent,0,0,0,0,0,partial_success,False,True
IS 4643:1984,IS 4643:1984,True,True,unknown,4643_1984,,absent,absent,absent,absent,0,0,0,0,0,partial_success,False,True
IS 2925:1984,IS 2925:1984,True,True,unknown,2925_1984,,absent,absent,absent,absent,0,0,0,0,0,partial_success,False,True
IS 5751:1984,IS 5751:1984,True,True,unknown,5751_1984,,absent,absent,absent,absent,0,0,0,0,0,partial_success,False,True
IS 10890:1984,IS 10890:1984,True,True,match_version_verified,10890,https://standardsbis.bsbedge.com/BIS_Preview.aspx?id=10890,present,absent,absent,absent,0,0,0,0,0,success,True,False
IS 10993:1984,IS 10993:1984,True,True,unknown,10993_1984,,absent,absent,absent,absent,0,0,0,0,0,partial_success,False,True
IS 1630:1984,IS 1630:1984,True,True,unknown,1630_1984,,absent,absent,absent,absent,0,0,0,0,0,partial_success,False,True
IS 1834:1984,IS 1834:1984,True,True,unknown,1834_1984,,absent,absent,absent,absent,0,0,0,0,0,partial_success,False,True
IS 2366:1983,IS 2366:1983,True,True,unknown,2366_1983,,absent,absent,absent,absent,0,0,0,0,0,partial_success,False,True
IS 2394:1984,IS 2394:1984,True,True,unknown,2394_1984,,absent,absent,absent,absent,0,0,0,0,0,partial_success,False,True
IS 2527:1984,IS 2527:1984,True,True,unknown,2527_1984,,absent,absent,absent,absent,0,0,0,0,0,partial_success,False,True
IS 5390:1984,IS 5390:1984,True,True,unknown,5390_1984,,absent,absent,absent,absent,0,0,0,0,0,partial_success,False,True
IS 10850:1984,IS 10850:1984,True,True,match_version_verified,10850,https://standardsbis.bsbedge.com/BIS_Preview.aspx?id=10850,present,absent,absent,absent,0,0,0,0,0,success,True,False
IS 1742:1983,IS 1742:1983,True,True,unknown,1742_1983,,absent,absent,absent,absent,0,0,0,0,0,partial_success,False,True
IS 3582:1984,IS 3582:1984,True,True,unknown,3582_1984,,absent,absent,absent,absent,0,0,0,0,0,partial_success,False,True
IS 907:1984,IS 907:1984,True,True,unknown,907_1984,,absent,absent,absent,absent,0,0,0,0,0,partial_success,False,True
IS 10958:1984,IS 10958:1984,True,True,match_version_verified,10958,https://standardsbis.bsbedge.com/BIS_Preview.aspx?id=10958,absent,present,absent,absent,0,0,0,0,0,partial_success,True,False
IS 928:1984,IS 928:1984,True,True,unknown,928_1984,,absent,absent,absent,absent,0,0,0,0,0,partial_success,False,True
IS 10772:1983,IS 10772:1983,True,True,match_version_verified,10772,https://standardsbis.bsbedge.com/BIS_Preview.aspx?id=10772,present,absent,absent,present,8,8,0,0,0,success,True,False
IS 10790 (Part 1):1984,IS 10790 (Part 1):1984,True,True,unknown,10790_1_1984,,absent,absent,absent,absent,0,0,0,0,0,partial_success,False,True
IS 10790 (Part 2):1984,IS 10790 (Part 2):1984,True,True,unknown,10790_2_1984,,absent,absent,absent,absent,0,0,0,0,0,partial_success,False,True
IS 2720 (Part 1):1983,IS 2720 (Part 1):1983,True,True,unknown,2720_1_1983,,absent,absent,absent,absent,0,0,0,0,0,partial_success,False,True
IS 2720 (Part 14):1983,IS 2720 (Part 14):1983,True,True,unknown,2720_14_1983,,absent,absent,absent,absent,0,0,0,0,0,partial_success,False,True
IS 5329:1983,IS 5329:1983,True,True,unknown,5329_1983,,absent,absent,absent,absent,0,0,0,0,0,partial_success,False,True
IS 7076:1983,IS 7076:1983,True,True,unknown,7076_1983,,absent,absent,absent,absent,0,0,0,0,0,partial_success,False,True
IS 10753:1983,IS 10753:1983,True,True,unknown,10753_1983,,absent,absent,absent,absent,0,0,0,0,0,partial_success,False,True
IS 10754:1983,IS 10754:1983,True,True,unknown,10754_1983,,absent,absent,absent,absent,0,0,0,0,0,partial_success,False,True
IS 10782:1983,IS 10782:1983,True,True,unknown,10782_1983,,absent,absent,absent,absent,0,0,0,0,0,partial_success,False,True
IS 2849:1983,IS 2849:1983,True,True,unknown,2849_1983,,absent,absent,absent,absent,0,0,0,0,0,partial_success,False,True
IS 3791:1983,IS 3791:1983,True,True,unknown,3791_1983,,absent,absent,absent,absent,0,0,0,0,0,partial_success,False,True
IS 2720 (Part 8):1983,IS 2720 (Part 8):1983,True,True,unknown,2720_8_1983,,absent,absent,absent,absent,0,0,0,0,0,partial_success,False,True
IS 10589:1983,IS 10589:1983,True,True,unknown,10589_1983,,absent,absent,absent,absent,0,0,0,0,0,partial_success,False,True
IS 4098:1983,IS 4098:1983,True,True,match_version_verified,4098,https://standardsbis.bsbedge.com/BIS_Preview.aspx?id=4098,present,absent,absent,present,12,12,0,0,0,success,True,False
IS 10687:1983,IS 10687:1983,True,True,unknown,10687_1983,,absent,absent,absent,absent,0,0,0,0,0,partial_success,False,True
IS 1200 (Part 24):1983,IS 1200 (Part 24):1983,True,True,unknown,1200_24_1983,,absent,absent,absent,absent,0,0,0,0,0,partial_success,False,True
IS 1795:1982,IS 1795:1982,True,True,unknown,1795_1982,,absent,absent,absent,absent,0,0,0,0,0,partial_success,False,True
IS 10446:1983,IS 10446:1983,True,True,unknown,10446_1983,,absent,absent,absent,absent,0,0,0,0,0,partial_success,False,True
IS 10566:1983,IS 10566:1983,True,True,unknown,10566_1983,,absent,absent,absent,absent,0,0,0,0,0,partial_success,False,True
IS 2133:1983,IS 2133:1983,True,True,unknown,2133_1983,,absent,absent,absent,absent,0,0,0,0,0,partial_success,False,True
IS 6523:1983,IS 6523:1983,True,True,match_version_verified,6523,https://standardsbis.bsbedge.com/BIS_Preview.aspx?id=6523,present,absent,absent,present,6,6,0,0,0,success,True,False
IS 10037 (Part 2):1983,IS 10037 (Part 2):1983,True,True,unknown,10037_2_1983,,absent,absent,absent,absent,0,0,0,0,0,partial_success,False,True
IS 10394:1982,IS 10394:1982,True,True,unknown,10394_1982,,absent,absent,absent,absent,0,0,0,0,0,partial_success,False,True
IS 10553 (Part 4):1983,IS 10553 (Part 4):1983,True,True,unknown,10553_4_1983,,absent,absent,absent,absent,0,0,0,0,0,partial_success,False,True
IS 10595:1983,IS 10595:1983,True,True,unknown,10595_1983,,absent,absent,absent,absent,0,0,0,0,0,partial_success,False,True
IS 6070:1983,IS 6070:1983,True,True,unknown,6070_1983,,absent,absent,absent,absent,0,0,0,0,0,partial_success,False,True
IS 10451:1983,IS 10451:1983,True,True,unknown,10451_1983,,absent,absent,absent,absent,0,0,0,0,0,partial_success,False,True
IS 2185 (Part 2):1983,IS 2185 (Part 2):1983,True,True,unknown,2185_2_1983,,absent,absent,absent,absent,0,0,0,0,0,partial_success,False,True
IS 10037 (Part 3):1983,IS 10037 (Part 3):1983,True,True,unknown,10037_3_1983,,absent,absent,absent,absent,0,0,0,0,0,partial_success,False,True
IS 1038:1983,IS 1038:1983,True,True,unknown,1038_1983,,absent,absent,absent,absent,0,0,0,0,0,partial_success,False,True
IS 10510:1983,IS 10510:1983,True,True,match_version_verified,10510,https://standardsbis.bsbedge.com/BIS_Preview.aspx?id=10510,present,absent,absent,absent,0,0,0,0,0,success,True,False
IS 10552:1983,IS 10552:1983,True,True,unknown,10552_1983,,absent,absent,absent,absent,0,0,0,0,0,partial_success,False,True
IS 10553 (Part 1):1983,IS 10553 (Part 1):1983,True,True,unknown,10553_1_1983,,absent,absent,absent,absent,0,0,0,0,0,partial_success,False,True
IS 10553 (Part 2):1983,IS 10553 (Part 2):1983,True,True,unknown,10553_2_1983,,absent,absent,absent,absent,0,0,0,0,0,partial_success,False,True
IS 1838 (Part 1):1983,IS 1838 (Part 1):1983,True,True,unknown,1838_1_1983,,absent,absent,absent,absent,0,0,0,0,0,partial_success,False,True
IS 2745:1983,IS 2745:1983,True,True,unknown,2745_1983,,absent,absent,absent,absent,0,0,0,0,0,partial_success,False,True
IS 3558:1983,IS 3558:1983,True,True,match_version_verified,3558,https://standardsbis.bsbedge.com/BIS_Preview.aspx?id=3558,present,absent,absent,absent,0,0,0,0,0,success,True,False
IS 5515:1983,IS 5515:1983,True,True,match_version_verified,5515,https://standardsbis.bsbedge.com/BIS_Preview.aspx?id=5515,present,absent,absent,present,5,5,0,0,0,success,True,False
IS 6067:1983,IS 6067:1983,True,True,unknown,6067_1983,,absent,absent,absent,absent,0,0,0,0,0,partial_success,False,True
IS 948:1983,IS 948:1983,True,True,unknown,948_1983,,absent,absent,absent,absent,0,0,0,0,0,partial_success,False,True
IS 10402:1982,IS 10402:1982,True,True,unknown,10402_1982,,absent,absent,absent,absent,0,0,0,0,0,partial_success,False,True
IS 10420:1982,IS 10420:1982,True,True,unknown,10420_1982,,absent,absent,absent,absent,0,0,0,0,0,partial_success,False,True
IS 10483:1983,IS 10483:1983,True,True,unknown,10483_1983,,absent,absent,absent,absent,0,0,0,0,0,partial_success,False,True
IS 10499:1983,IS 10499:1983,True,True,unknown,10499_1983,,absent,absent,absent,absent,0,0,0,0,0,partial_success,False,True
IS 10521:1983,IS 10521:1983,True,True,unknown,10521_1983,,absent,absent,absent,absent,0,0,0,0,0,partial_success,False,True
IS 1785 (Part 2):1983,IS 1785 (Part 2):1983,True,True,match_version_verified,1785_2,https://standardsbis.bsbedge.com/BIS_Preview.aspx?id=1785_2,present,absent,absent,absent,0,0,0,0,0,success,True,False
IS 2897:1983,IS 2897:1983,True,True,unknown,2897_1983,,absent,absent,absent,absent,0,0,0,0,0,partial_success,False,True
IS 5247 (Part 1):1982,IS 5247 (Part 1):1982,True,True,unknown,5247_1_1982,,absent,absent,absent,absent,0,0,0,0,0,partial_success,False,True
IS 5512:1983,IS 5512:1983,True,True,match_version_verified,5512,https://standardsbis.bsbedge.com/BIS_Preview.aspx?id=5512,present,absent,absent,present,2,2,0,0,0,success,True,False
IS 1785 (Part 1):1983,IS 1785 (Part 1):1983,True,True,unknown,1785_1_1983,,absent,absent,absent,absent,0,0,0,0,0,partial_success,False,True
IS 10403:1983,IS 10403:1983,True,True,unknown,10403_1983,,absent,absent,absent,absent,0,0,0,0,0,partial_success,False,True
IS 10439:1983,IS 10439:1983,True,True,unknown,10439_1983,,absent,absent,absent,absent,0,0,0,0,0,partial_success,False,True
IS 10505:1983,IS 10505:1983,True,True,match_version_verified,10505,https://standardsbis.bsbedge.com/BIS_Preview.aspx?id=10505,present,absent,absent,present,4,4,0,0,0,success,True,False
IS 10600:1983,IS 10600:1983,True,True,unknown,10600_1983,,absent,absent,absent,absent,0,0,0,0,0,partial_success,False,True
IS 2090:1983,IS 2090:1983,True,True,unknown,2090_1983,,absent,absent,absent,absent,0,0,0,0,0,partial_success,False,True
IS 2720 (Part 25):1982,IS 2720 (Part 25):1982,True,True,unknown,2720_25_1982,,absent,absent,absent,absent,0,0,0,0,0,partial_success,False,True
IS 9527 (Part 3):1983,IS 9527 (Part 3):1983,True,True,unknown,9527_3_1983,,absent,absent,absent,absent,0,0,0,0,0,partial_success,False,True
IS 10342:1982,IS 10342:1982,True,True,unknown,10342_1982,,absent,absent,absent,absent,0,0,0,0,0,partial_success,False,True
IS 10440:1983,IS 10440:1983,True,True,unknown,10440_1983,,absent,absent,absent,absent,0,0,0,0,0,partial_success,False,True
IS 904:1983,IS 904:1983,True,True,unknown,904_1983,,absent,absent,absent,absent,0,0,0,0,0,partial_success,False,True
IS 10388:1982,IS 10388:1982,True,True,unknown,10388_1982,,absent,absent,absent,absent,0,0,0,0,0,partial_success,False,True
IS 1888:1982,IS 1888:1982,True,True,unknown,1888_1982,,absent,absent,absent,absent,0,0,0,0,0,partial_success,False,True
SP 23:1982,SP 23:1982,True,True,unknown,23_1982,,absent,absent,absent,absent,0,0,0,0,0,partial_success,False,True
IS 10302:1982,IS 10302:1982,True,True,unknown,10302_1982,,absent,absent,absent,absent,0,0,0,0,0,partial_success,False,True
IS 10359:1982,IS 10359:1982,True,True,match_version_verified,10359,https://standardsbis.bsbedge.com/BIS_Preview.aspx?id=10359,present,absent,absent,present,11,11,0,0,0,success,True,False
IS 10360:1982,IS 10360:1982,True,True,match_version_verified,10360,https://standardsbis.bsbedge.com/BIS_Preview.aspx?id=10360,present,absent,absent,present,8,8,0,0,0,success,True,False
IS 10379:1982,IS 10379:1982,True,True,unknown,10379_1982,,absent,absent,absent,absent,0,0,0,0,0,partial_success,False,True
IS 3150:1982,IS 3150:1982,True,True,match_version_verified,3150,https://standardsbis.bsbedge.com/BIS_Preview.aspx?id=3150,present,absent,absent,absent,0,0,0,0,0,success,True,False
IS 5247 (Part 2):1982,IS 5247 (Part 2):1982,True,True,unknown,5247_2_1982,,absent,absent,absent,absent,0,0,0,0,0,partial_success,False,True
IS 10261:1982,IS 10261:1982,True,True,unknown,10261_1982,,absent,absent,absent,absent,0,0,0,0,0,partial_success,False,True
IS 10313:1982,IS 10313:1982,True,True,unknown,10313_1982,,absent,absent,absent,absent,0,0,0,0,0,partial_success,False,True
IS 4346:1982,IS 4346:1982,True,True,unknown,4346_1982,,absent,absent,absent,absent,0,0,0,0,0,partial_success,False,True
IS 10090:1982,IS 10090:1982,True,True,unknown,10090_1982,,absent,absent,absent,absent,0,0,0,0,0,partial_success,False,True
IS 10270:1982,IS 10270:1982,True,True,unknown,10270_1982,,absent,absent,absent,absent,0,0,0,0,0,partial_success,False,True
IS 10291:1982,IS 10291:1982,True,True,unknown,10291_1982,,absent,absent,absent,absent,0,0,0,0,0,partial_success,False,True
IS 10297:1982,IS 10297:1982,True,True,match_version_verified,10297,https://standardsbis.bsbedge.com/BIS_Preview.aspx?id=10297,present,absent,absent,present,6,6,0,0,0,success,True,False
IS 1198:1982,IS 1198:1982,True,True,unknown,1198_1982,,absent,absent,absent,absent,0,0,0,0,0,partial_success,False,True
IS 658:1982,IS 658:1982,True,True,unknown,658_1982,,absent,absent,absent,absent,0,0,0,0,0,partial_success,False,True
IS 10082:1981,IS 10082:1981,True,True,unknown,10082_1981,,absent,absent,absent,absent,0,0,0,0,0,partial_success,False,True
IS 10067:1982,IS 10067:1982,True,True,unknown,10067_1982,,absent,absent,absent,absent,0,0,0,0,0,partial_success,False,True
IS 2720 (Part 12):1981,IS 2720 (Part 12):1981,True,True,unknown,2720_12_1981,,absent,absent,absent,absent,0,0,0,0,0,partial_success,False,True
IS 6061 (Part 2):1981,IS 6061 (Part 2):1981,True,True,unknown,6061_2_1981,,absent,absent,absent,absent,0,0,0,0,0,partial_success,False,True
IS 6343:1982,IS 6343:1982,True,True,unknown,6343_1982,,absent,absent,absent,absent,0,0,0,0,0,partial_success,False,True
IS 10078:1982,IS 10078:1982,True,True,match_version_verified,10078,https://standardsbis.bsbedge.com/BIS_Preview.aspx?id=10078,present,absent,absent,absent,0,0,0,0,0,success,True,False
IS 10079:1982,IS 10079:1982,True,True,unknown,10079_1982,,absent,absent,absent,absent,0,0,0,0,0,partial_success,False,True
IS 10020 (Part 4):1981,IS 10020 (Part 4):1981,True,True,unknown,10020_4_1981,,absent,absent,absent,absent,0,0,0,0,0,partial_success,False,True
IS 10182 (Part 1):1982,IS 10182 (Part 1):1982,True,True,unknown,10182_1_1982,,absent,absent,absent,absent,0,0,0,0,0,partial_success,False,True
IS 1344:1981,IS 1344:1981,True,True,match_version_verified,1344,https://standardsbis.bsbedge.com/BIS_Preview.aspx?id=1344,present,absent,absent,absent,0,0,0,0,0,success,True,False
IS 3071:1981,IS 3071:1981,True,True,unknown,3071_1981,,absent,absent,absent,absent,0,0,0,0,0,partial_success,False,True
IS 4124:1981,IS 4124:1981,True,True,unknown,4124_1981,,absent,absent,absent,absent,0,0,0,0,0,partial_success,False,True
IS 432 (Part 2):1982,IS 432 (Part 2):1982,True,True,unknown,432_2_1982,,absent,absent,absent,absent,0,0,0,0,0,partial_success,False,True
IS 8413 (Part 2):1982,IS 8413 (Part 2):1982,True,True,unknown,8413_2_1982,,absent,absent,absent,absent,0,0,0,0,0,partial_success,False,True
IS 942:1982,IS 942:1982,True,True,unknown,942_1982,,absent,absent,absent,absent,0,0,0,0,0,partial_success,False,True
IS 9964 (Part 1):1981,IS 9964 (Part 1):1981,True,True,unknown,9964_1_1981,,absent,absent,absent,absent,0,0,0,0,0,partial_success,False,True
IS 2950 (Part 1):1981,IS 2950 (Part 1):1981,True,True,unknown,2950_1_1981,,absent,absent,absent,absent,0,0,0,0,0,partial_success,False,True
IS 9964 (Part 2):1981,IS 9964 (Part 2):1981,True,True,unknown,9964_2_1981,,absent,absent,absent,absent,0,0,0,0,0,partial_success,False,True
IS 9527 (Part 1):1981,IS 9527 (Part 1):1981,True,True,unknown,9527_1_1981,,absent,absent,absent,absent,0,0,0,0,0,partial_success,False,True
IS 10019:1981,IS 10019:1981,True,True,unknown,10019_1981,,absent,absent,absent,absent,0,0,0,0,0,partial_success,False,True
IS 3308:1981,IS 3308:1981,True,True,match_version_verified,3308,https://standardsbis.bsbedge.com/BIS_Preview.aspx?id=3308,present,absent,absent,present,5,5,0,0,0,success,True,False
IS 657:1982,IS 657:1982,True,True,unknown,657_1982,,absent,absent,absent,absent,0,0,0,0,0,partial_success,False,True
IS 9973:1981,IS 9973:1981,True,True,match_version_verified,9973,https://standardsbis.bsbedge.com/BIS_Preview.aspx?id=9973,present,absent,absent,absent,0,0,0,0,0,success,True,False
IS 10132:1982,IS 10132:1982,True,True,unknown,10132_1982,,absent,absent,absent,absent,0,0,0,0,0,partial_success,False,True
IS 10145:1982,IS 10145:1982,True,True,unknown,10145_1982,,absent,absent,absent,absent,0,0,0,0,0,partial_success,False,True
IS 1566:1982,IS 1566:1982,True,True,unknown,1566_1982,,absent,absent,absent,absent,0,0,0,0,0,partial_success,False,True
IS 432 (Part 1):1982,IS 432 (Part 1):1982,True,True,unknown,432_1_1982,,absent,absent,absent,absent,0,0,0,0,0,partial_success,False,True
IS 6061 (Part 4):1981,IS 6061 (Part 4):1981,True,True,match_version_verified,6061_4,https://standardsbis.bsbedge.com/BIS_Preview.aspx?id=6061_4,present,absent,absent,absent,0,0,0,0,0,success,True,False
IS 10070:1982,IS 10070:1982,True,True,match_version_verified,10070,https://standardsbis.bsbedge.com/BIS_Preview.aspx?id=10070,present,absent,absent,absent,0,0,0,0,0,success,True,False
IS 10108:1982,IS 10108:1982,True,True,unknown,10108_1982,,absent,absent,absent,absent,0,0,0,0,0,partial_success,False,True
IS 10042:1981,IS 10042:1981,True,True,unknown,10042_1981,,absent,absent,absent,absent,0,0,0,0,0,partial_success,False,True
IS 9893:1981,IS 9893:1981,True,True,unknown,9893_1981,,absent,absent,absent,absent,0,0,0,0,0,partial_success,False,True
IS 6061 (Part 3):1981,IS 6061 (Part 3):1981,True,True,match_version_verified,6061_3,https://standardsbis.bsbedge.com/BIS_Preview.aspx?id=6061_3,present,absent,absent,absent,0,0,0,0,0,success,True,False
IS 10037 (Part 1):1981,IS 10037 (Part 1):1981,True,True,unknown,10037_1_1981,,absent,absent,absent,absent,0,0,0,0,0,partial_success,False,True
IS 10049:1981,IS 10049:1981,True,True,match_version_verified,10049,https://standardsbis.bsbedge.com/BIS_Preview.aspx?id=10049,present,absent,absent,present,13,13,0,0,0,success,True,False
IS 10050:1981,IS 10050:1981,True,True,unknown,10050_1981,,absent,absent,absent,absent,0,0,0,0,0,partial_success,False,True
IS 10053:1981,IS 10053:1981,True,True,unknown,10053_1981,,absent,absent,absent,absent,0,0,0,0,0,partial_success,False,True
IS 10013 (Part 1):1981,IS 10013 (Part 1):1981,True,True,unknown,10013_1_1981,,absent,absent,absent,absent,0,0,0,0,0,partial_success,False,True
IS 6313 (Part 1):1981,IS 6313 (Part 1):1981,True,True,unknown,6313_1_1981,,absent,absent,absent,absent,0,0,0,0,0,partial_success,False,True
IS 927:1981,IS 927:1981,True,True,match_version_verified,927,https://standardsbis.bsbedge.com/BIS_Preview.aspx?id=927,present,absent,absent,absent,0,0,0,0,0,success,True,False
IS 9954:1981,IS 9954:1981,True,True,unknown,9954_1981,,absent,absent,absent,absent,0,0,0,0,0,partial_success,False,True
IS 10013 (Part 3):1981,IS 10013 (Part 3):1981,True,True,unknown,10013_3_1981,,absent,absent,absent,absent,0,0,0,0,0,partial_success,False,True
IS 5714:1981,IS 5714:1981,True,True,match_version_verified,5714,https://standardsbis.bsbedge.com/BIS_Preview.aspx?id=5714,present,absent,absent,absent,0,0,0,0,0,success,True,False
IS 9899:1981,IS 9899:1981,True,True,unknown,9899_1981,,absent,absent,absent,absent,0,0,0,0,0,partial_success,False,True
IS 9178 (Part 3):1980,IS 9178 (Part 3):1980,True,True,unknown,9178_3_1980,,absent,absent,absent,absent,0,0,0,0,0,partial_success,False,True
IS 937:1981,IS 937:1981,True,True,match_version_verified,937,https://standardsbis.bsbedge.com/BIS_Preview.aspx?id=937,present,absent,absent,absent,0,0,0,0,0,success,True,False
IS 9995:1981,IS 9995:1981,True,True,match_version_verified,9995,https://standardsbis.bsbedge.com/BIS_Preview.aspx?id=9995,present,absent,absent,absent,0,0,0,0,0,success,True,False
IS 9759:1981,IS 9759:1981,True,True,unknown,9759_1981,,absent,absent,absent,absent,0,0,0,0,0,partial_success,False,True
IS 6403:1981,IS 6403:1981,True,True,unknown,6403_1981,,absent,absent,absent,absent,0,0,0,0,0,partial_success,False,True
IS 9872:1981,IS 9872:1981,True,True,unknown,9872_1981,,absent,absent,absent,absent,0,0,0,0,0,partial_success,False,True
IS 9918:1981,IS 9918:1981,True,True,unknown,9918_1981,,absent,absent,absent,absent,0,0,0,0,0,partial_success,False,True
IS 2380 (Part 22):1981,IS 2380 (Part 22):1981,True,True,match_version_verified,2380_22,https://standardsbis.bsbedge.com/BIS_Preview.aspx?id=2380_22,present,absent,absent,absent,0,0,0,0,0,success,True,False
IS 2380 (Part 23):1981,IS 2380 (Part 23):1981,True,True,match_version_verified,2380_23,https://standardsbis.bsbedge.com/BIS_Preview.aspx?id=2380_23,present,absent,absent,absent,0,0,0,0,0,success,True,False
IS 9704:1980,IS 9704:1980,True,True,unknown,9704_1980,,absent,absent,absent,absent,0,0,0,0,0,partial_success,False,True
IS 8009 (Part 2):1980,IS 8009 (Part 2):1980,True,True,unknown,8009_2_1980,,absent,absent,absent,absent,0,0,0,0,0,partial_success,False,True
IS 9745:1981,IS 9745:1981,True,True,unknown,9745_1981,,absent,absent,absent,absent,0,0,0,0,0,partial_success,False,True
IS 9799:1981,IS 9799:1981,True,True,match_version_verified,9799,https://standardsbis.bsbedge.com/BIS_Preview.aspx?id=9799,present,absent,absent,absent,0,0,0,0,0,success,True,False
IS 2542 (Part 2/Sec 1 to 8):1981,IS 2542 (Part 2/Sec 1 to 8):1981,True,False,unknown,,,not_verified,not_verified,not_verified,absent,0,0,0,0,0,failed,False,True
IS 1200 (Part 20):1981,IS 1200 (Part 20):1981,True,True,unknown,1200_20_1981,,absent,absent,absent,absent,0,0,0,0,0,partial_success,False,True
IS 2250:1981,IS 2250:1981,True,True,unknown,2250_1981,,absent,absent,absent,absent,0,0,0,0,0,partial_success,False,True
IS 7861 (Part 2):1981,IS 7861 (Part 2):1981,True,True,unknown,7861_2_1981,,absent,absent,absent,absent,0,0,0,0,0,partial_success,False,True
IS 9739:1981,IS 9739:1981,True,True,unknown,9739_1981,,absent,absent,absent,absent,0,0,0,0,0,partial_success,False,True
IS 9758:1981,IS 9758:1981,True,True,unknown,9758_1981,,absent,absent,absent,absent,0,0,0,0,0,partial_success,False,True
IS 9716:1981,IS 9716:1981,True,True,unknown,9716_1981,,absent,absent,absent,absent,0,0,0,0,0,partial_success,False,True
IS 1200 (Part 19):1981,IS 1200 (Part 19):1981,True,True,unknown,1200_19_1981,,absent,absent,absent,absent,0,0,0,0,0,partial_success,False,True
IS 2115:1980,IS 2115:1980,True,True,match_version_verified,2115,https://standardsbis.bsbedge.com/BIS_Preview.aspx?id=2115,present,absent,absent,present,10,10,0,0,0,success,True,False
IS 2118:1980,IS 2118:1980,True,True,match_version_verified,2118,https://standardsbis.bsbedge.com/BIS_Preview.aspx?id=2118,present,absent,absent,present,10,10,0,0,0,success,True,False
IS 6579:1981,IS 6579:1981,True,True,unknown,6579_1981,,absent,absent,absent,absent,0,0,0,0,0,partial_success,False,True
IS 6250:1981,IS 6250:1981,True,True,match_version_verified,6250,https://standardsbis.bsbedge.com/BIS_Preview.aspx?id=6250,present,absent,present,present,4,4,0,0,0,success,True,False
IS 955:1980,IS 955:1980,True,True,match_version_verified,955,https://standardsbis.bsbedge.com/BIS_Preview.aspx?id=955,present,absent,absent,absent,0,0,0,0,0,success,True,False
IS 9690:1980,IS 9690:1980,True,True,unknown,9690_1980,,absent,absent,absent,absent,0,0,0,0,0,partial_success,False,True
IS 9691:1980,IS 9691:1980,True,True,unknown,9691_1980,,absent,absent,absent,absent,0,0,0,0,0,partial_success,False,True
IS 9715:1981,IS 9715:1981,True,True,unknown,9715_1981,,absent,absent,absent,absent,0,0,0,0,0,partial_success,False,True
IS 2110:1980,IS 2110:1980,True,True,match_version_verified,2110,https://standardsbis.bsbedge.com/BIS_Preview.aspx?id=2110,present,absent,absent,present,7,7,0,0,0,success,True,False
IS 2116:1980,IS 2116:1980,True,True,unknown,2116_1980,,absent,absent,absent,absent,0,0,0,0,0,partial_success,False,True
IS 2119:1980,IS 2119:1980,True,True,match_version_verified,2119,https://standardsbis.bsbedge.com/BIS_Preview.aspx?id=2119,present,absent,absent,present,26,26,0,0,0,success,True,False
IS 3443:1980,IS 3443:1980,True,True,unknown,3443_1980,,absent,absent,absent,absent,0,0,0,0,0,partial_success,False,True
IS 9695:1980,IS 9695:1980,True,True,unknown,9695_1980,,absent,absent,absent,absent,0,0,0,0,0,partial_success,False,True
IS 2930:1980,IS 2930:1980,True,True,match_version_verified,2930,https://standardsbis.bsbedge.com/BIS_Preview.aspx?id=2930,present,absent,absent,absent,0,0,0,0,0,success,True,False
IS 9627:1980,IS 9627:1980,True,True,unknown,9627_1980,,absent,absent,absent,absent,0,0,0,0,0,partial_success,False,True
IS 2720 (Part 3/Sec 2):1980,IS 2720 (Part 3/Sec 2):1980,True,True,unknown,2720_3_2_1980,,absent,absent,absent,absent,0,0,0,0,0,partial_success,False,True
IS 3461:1980,IS 3461:1980,True,True,unknown,3461_1980,,absent,absent,absent,absent,0,0,0,0,0,partial_success,False,True
IS 910:1980,IS 910:1980,True,True,match_version_verified,910,https://standardsbis.bsbedge.com/BIS_Preview.aspx?id=910,present,absent,absent,absent,0,0,0,0,0,success,True,False
IS 9590:1980,IS 9590:1980,True,True,unknown,9590_1980,,absent,absent,absent,absent,0,0,0,0,0,partial_success,False,True
IS 2720 (Part 3/Sec 1):1980,IS 2720 (Part 3/Sec 1):1980,True,True,unknown,2720_3_1_1980,,absent,absent,absent,absent,0,0,0,0,0,partial_success,False,True
IS 2720 (Part 30):1980,IS 2720 (Part 30):1980,True,True,unknown,2720_30_1980,,absent,absent,absent,absent,0,0,0,0,0,partial_success,False,True
IS 6491:1972,IS 6491:1972,True,True,unknown,6491_1972,,absent,absent,absent,absent,0,0,0,0,0,partial_success,False,True
IS 9576:1980,IS 9576:1980,True,True,unknown,9576_1980,,absent,absent,absent,absent,0,0,0,0,0,partial_success,False,True
SP 6 (Part 5):1980,SP 6 (Part 5):1980,True,True,unknown,6_5_1980,,absent,absent,absent,absent,0,0,0,0,0,partial_success,False,True
IS 2720 (Part 7):1980,IS 2720 (Part 7):1980,True,True,unknown,2720_7_1980,,absent,absent,absent,absent,0,0,0,0,0,partial_success,False,True
IS 1823:1980,IS 1823:1980,True,True,unknown,1823_1980,,absent,absent,absent,absent,0,0,0,0,0,partial_success,False,True
IS 2683:1980,IS 2683:1980,True,True,unknown,2683_1980,,absent,absent,absent,absent,0,0,0,0,0,partial_success,False,True
IS 4651 (Part 5):1980,IS 4651 (Part 5):1980,True,True,unknown,4651_5_1980,,absent,absent,absent,absent,0,0,0,0,0,partial_success,False,True
IS 9376:1979,IS 9376:1979,True,True,match_version_verified,9376,https://standardsbis.bsbedge.com/BIS_Preview.aspx?id=9376,present,absent,absent,absent,0,0,0,0,0,success,True,False
IS 9399:1979,IS 9399:1979,True,True,match_version_verified,9399,https://standardsbis.bsbedge.com/BIS_Preview.aspx?id=9399,present,absent,absent,absent,0,0,0,0,0,success,True,False
IS 9510:1980,IS 9510:1980,True,True,unknown,9510_1980,,absent,absent,absent,absent,0,0,0,0,0,partial_success,False,True
IS 9556:1980,IS 9556:1980,True,True,unknown,9556_1980,,absent,absent,absent,absent,0,0,0,0,0,partial_success,False,True
IS 9562:1980,IS 9562:1980,True,True,match_version_verified,9562,https://standardsbis.bsbedge.com/BIS_Preview.aspx?id=9562,present,absent,absent,absent,0,0,0,0,0,success,True,False
IS 9472:1980,IS 9472:1980,True,True,match_version_verified,9472,https://standardsbis.bsbedge.com/BIS_Preview.aspx?id=9472,present,absent,absent,present,8,8,0,0,0,success,True,False
IS 3006:1979,IS 3006:1979,True,True,unknown,3006_1979,,absent,absent,absent,absent,0,0,0,0,0,partial_success,False,True
IS 3964:1980,IS 3964:1980,True,True,unknown,3964_1980,,absent,absent,absent,absent,0,0,0,0,0,partial_success,False,True
IS 9460:1980,IS 9460:1980,True,True,unknown,9460_1980,,absent,absent,absent,absent,0,0,0,0,0,partial_success,False,True
IS 9527 (Part 4):1980,IS 9527 (Part 4):1980,True,True,unknown,9527_4_1980,,absent,absent,absent,absent,0,0,0,0,0,partial_success,False,True
IS 7779 (Part 3/Sec 3):1980,IS 7779 (Part 3/Sec 3):1980,True,True,match_version_verified,7779_3_3,https://standardsbis.bsbedge.com/BIS_Preview.aspx?id=7779_3_3,present,absent,absent,absent,0,0,0,0,0,success,True,False
IS 4091:1979,IS 4091:1979,True,True,unknown,4091_1979,,absent,absent,absent,absent,0,0,0,0,0,partial_success,False,True
IS 943:1979,IS 943:1979,True,True,match_version_verified,943,https://standardsbis.bsbedge.com/BIS_Preview.aspx?id=943,present,absent,absent,absent,0,0,0,0,0,success,True,False
IS 9459:1980,IS 9459:1980,True,True,match_version_verified,9459,https://standardsbis.bsbedge.com/BIS_Preview.aspx?id=9459,present,absent,absent,absent,0,0,0,0,0,success,True,False
IS 9498:1980,IS 9498:1980,True,True,unknown,9498_1980,,absent,absent,absent,absent,0,0,0,0,0,partial_success,False,True
IS 7779 (Part 3/Sec 2):1980,IS 7779 (Part 3/Sec 2):1980,True,True,match_version_verified,7779_3_2,https://standardsbis.bsbedge.com/BIS_Preview.aspx?id=7779_3_2,present,absent,absent,absent,0,0,0,0,0,success,True,False
IS 3620:1979,IS 3620:1979,True,True,match_version_verified,3620,https://standardsbis.bsbedge.com/BIS_Preview.aspx?id=3620,present,absent,absent,present,5,5,0,0,0,success,True,False
IS 7290:1979,IS 7290:1979,True,True,unknown,7290_1979,,absent,absent,absent,absent,0,0,0,0,0,partial_success,False,True
IS 9214:1979,IS 9214:1979,True,True,unknown,9214_1979,,absent,absent,absent,absent,0,0,0,0,0,partial_success,False,True
IS 944:1979,IS 944:1979,True,True,match_version_verified,944,https://standardsbis.bsbedge.com/BIS_Preview.aspx?id=944,present,absent,absent,absent,0,0,0,0,0,success,True,False
IS 9456:1980,IS 9456:1980,True,True,unknown,9456_1980,,absent,absent,absent,absent,0,0,0,0,0,partial_success,False,True
IS 9178 (Part 1):1979,IS 9178 (Part 1):1979,True,True,unknown,9178_1_1979,,absent,absent,absent,absent,0,0,0,0,0,partial_success,False,True
IS 9178 (Part 2):1979,IS 9178 (Part 2):1979,True,True,unknown,9178_2_1979,,absent,absent,absent,absent,0,0,0,0,0,partial_success,False,True
IS 9375:1979,IS 9375:1979,True,True,unknown,9375_1979,,absent,absent,absent,absent,0,0,0,0,0,partial_success,False,True
IS 9377:1979,IS 9377:1979,True,True,match_version_verified,9377,https://standardsbis.bsbedge.com/BIS_Preview.aspx?id=9377,present,absent,absent,absent,0,0,0,0,0,success,True,False
IS 3386:1979,IS 3386:1979,True,True,unknown,3386_1979,,absent,absent,absent,absent,0,0,0,0,0,partial_success,False,True
IS 3762:1979,IS 3762:1979,True,True,unknown,3762_1979,,absent,absent,absent,absent,0,0,0,0,0,partial_success,False,True
IS 6248:1979,IS 6248:1979,True,True,unknown,6248_1979,,absent,absent,absent,absent,0,0,0,0,0,partial_success,False,True
IS 9188:1979,IS 9188:1979,True,True,unknown,9188_1979,,absent,absent,absent,absent,0,0,0,0,0,partial_success,False,True
IS 9284:1979,IS 9284:1979,True,True,unknown,9284_1979,,absent,absent,absent,absent,0,0,0,0,0,partial_success,False,True
IS 9162:1979,IS 9162:1979,True,True,unknown,9162_1979,,absent,absent,absent,absent,0,0,0,0,0,partial_success,False,True
IS 9307 (Part 1 to 8):1979,IS 9307 (Part 1 to 8):1979,True,False,unknown,,,not_verified,not_verified,not_verified,absent,0,0,0,0,0,failed,False,True
IS 4835:1979,IS 4835:1979,True,True,unknown,4835_1979,,absent,absent,absent,absent,0,0,0,0,0,partial_success,False,True
IS 9197:1979,IS 9197:1979,True,True,unknown,9197_1979,,absent,absent,absent,absent,0,0,0,0,0,partial_success,False,True
IS 1707:1979,IS 1707:1979,True,True,unknown,1707_1979,,absent,absent,absent,absent,0,0,0,0,0,partial_success,False,True
IS 1200 (Part 16):1979,IS 1200 (Part 16):1979,True,True,unknown,1200_16_1979,,absent,absent,absent,absent,0,0,0,0,0,partial_success,False,True
IS 3808:1979,IS 3808:1979,True,True,unknown,3808_1979,,absent,absent,absent,absent,0,0,0,0,0,partial_success,False,True
IS 3950:1979,IS 3950:1979,True,True,unknown,3950_1979,,absent,absent,absent,absent,0,0,0,0,0,partial_success,False,True
IS 9179:1979,IS 9179:1979,True,True,unknown,9179_1979,,absent,absent,absent,absent,0,0,0,0,0,partial_success,False,True
IS 9221:1979,IS 9221:1979,True,True,unknown,9221_1979,,absent,absent,absent,absent,0,0,0,0,0,partial_success,False,True
IS 2720 (Part 39/Sec 2):1979,IS 2720 (Part 39/Sec 2):1979,True,True,unknown,2720_39_2_1979,,absent,absent,absent,absent,0,0,0,0,0,partial_success,False,True
IS 2810:1979,IS 2810:1979,True,True,unknown,2810_1979,,absent,absent,absent,absent,0,0,0,0,0,partial_success,False,True
IS 2179:1979,IS 2179:1979,True,True,unknown,2179_1979,,absent,absent,absent,absent,0,0,0,0,0,partial_success,False,True
IS 7779 (Part 2/Sec 2):1979,IS 7779 (Part 2/Sec 2):1979,True,True,match_identity_only_version_uncertain,7779_2_2,,present,absent,absent,absent,0,0,0,0,0,partial_success,False,True
IS 9104:1979,IS 9104:1979,True,True,unknown,9104_1979,,absent,absent,absent,absent,0,0,0,0,0,partial_success,False,True
IS 9106:1979,IS 9106:1979,True,True,unknown,9106_1979,,absent,absent,absent,absent,0,0,0,0,0,partial_success,False,True
IS 9110:1979,IS 9110:1979,True,True,unknown,9110_1979,,absent,absent,absent,absent,0,0,0,0,0,partial_success,False,True
IS 9143:1979,IS 9143:1979,True,True,unknown,9143_1979,,absent,absent,absent,absent,0,0,0,0,0,partial_success,False,True
IS 3004:1979,IS 3004:1979,True,True,unknown,3004_1979,,absent,absent,absent,absent,0,0,0,0,0,partial_success,False,True
IS 3792:1978,IS 3792:1978,True,True,match_version_verified,3792,https://standardsbis.bsbedge.com/BIS_Preview.aspx?id=3792,present,absent,absent,absent,0,0,0,0,0,success,True,False
IS 7779 (Part 2/Sec 3):1979,IS 7779 (Part 2/Sec 3):1979,True,True,match_version_verified,7779_2_3,https://standardsbis.bsbedge.com/BIS_Preview.aspx?id=7779_2_3,present,absent,absent,absent,0,0,0,0,0,success,True,False
IS 8989:1978,IS 8989:1978,True,True,unknown,8989_1978,,absent,absent,absent,absent,0,0,0,0,0,partial_success,False,True
IS 9012:1978,IS 9012:1978,True,True,unknown,9012_1978,,absent,absent,absent,absent,0,0,0,0,0,partial_success,False,True
IS 9013:1978,IS 9013:1978,True,True,match_version_verified,9013,https://standardsbis.bsbedge.com/BIS_Preview.aspx?id=9013,present,absent,absent,present,3,3,0,0,0,success,True,False
IS 8870:1978,IS 8870:1978,True,True,unknown,8870_1978,,absent,absent,absent,absent,0,0,0,0,0,partial_success,False,True
IS 802 (Part 3):1978,IS 802 (Part 3):1978,True,True,match_version_verified,802_3,https://standardsbis.bsbedge.com/BIS_Preview.aspx?id=802_3,present,absent,absent,absent,0,0,0,0,0,success,True,False
IS 802 (Part 2):1978,IS 802 (Part 2):1978,True,True,unknown,802_2_1978,,absent,absent,absent,absent,0,0,0,0,0,partial_success,False,True
IS 2661:1978,IS 2661:1978,True,True,match_version_verified,2661,https://standardsbis.bsbedge.com/BIS_Preview.aspx?id=2661,present,absent,absent,present,8,8,0,0,0,success,True,False
IS 8827:1978,IS 8827:1978,True,True,unknown,8827_1978,,absent,absent,absent,absent,0,0,0,0,0,partial_success,False,True
IS 4756:1978,IS 4756:1978,True,True,unknown,4756_1978,,absent,absent,absent,absent,0,0,0,0,0,partial_success,False,True
IS 851:1978,IS 851:1978,True,True,unknown,851_1978,,absent,absent,absent,absent,0,0,0,0,0,partial_success,False,True
IS 3337:1978,IS 3337:1978,True,True,unknown,3337_1978,,absent,absent,absent,absent,0,0,0,0,0,partial_success,False,True
IS 3622:1977,IS 3622:1977,True,True,match_version_verified,3622,https://standardsbis.bsbedge.com/BIS_Preview.aspx?id=3622,present,absent,absent,present,6,6,0,0,0,success,True,False
IS 4434:1978,IS 4434:1978,True,True,unknown,4434_1978,,absent,absent,absent,absent,0,0,0,0,0,partial_success,False,True
IS 8761:1978,IS 8761:1978,True,True,unknown,8761_1978,,absent,absent,absent,absent,0,0,0,0,0,partial_success,False,True
IS 8763:1978,IS 8763:1978,True,True,match_version_verified,8763,https://standardsbis.bsbedge.com/BIS_Preview.aspx?id=8763,present,absent,absent,absent,0,0,0,0,0,success,True,False
IS 1361:1978,IS 1361:1978,True,True,unknown,1361_1978,,absent,absent,absent,absent,0,0,0,0,0,partial_success,False,True
IS 8756:1978,IS 8756:1978,True,True,unknown,8756_1978,,absent,absent,absent,absent,0,0,0,0,0,partial_success,False,True
IS 939:1977,IS 939:1977,True,True,match_version_verified,939,https://standardsbis.bsbedge.com/BIS_Preview.aspx?id=939,present,absent,absent,absent,0,0,0,0,0,success,True,False
IS 3362:1977,IS 3362:1977,True,True,match_version_verified,3362,https://standardsbis.bsbedge.com/BIS_Preview.aspx?id=3362,present,absent,absent,absent,0,0,0,0,0,success,True,False
IS 8720:1978,IS 8720:1978,True,True,unknown,8720_1978,,absent,absent,absent,absent,0,0,0,0,0,partial_success,False,True
IS 8725:1978,IS 8725:1978,True,True,unknown,8725_1978,,absent,absent,absent,absent,0,0,0,0,0,partial_success,False,True
IS 8726:1978,IS 8726:1978,True,True,unknown,8726_1978,,absent,absent,absent,absent,0,0,0,0,0,partial_success,False,True
IS 2662:1978,IS 2662:1978,True,True,match_version_verified,2662,https://standardsbis.bsbedge.com/BIS_Preview.aspx?id=2662,present,absent,absent,present,5,5,0,0,0,success,True,False
IS 2896:1978,IS 2896:1978,True,True,unknown,2896_1978,,absent,absent,absent,absent,0,0,0,0,0,partial_success,False,True
IS 2720 (Part 41):1977,IS 2720 (Part 41):1977,True,True,unknown,2720_41_1977,,absent,absent,absent,absent,0,0,0,0,0,partial_success,False,True
IS 2720 (Part 27):1977,IS 2720 (Part 27):1977,True,True,unknown,2720_27_1977,,absent,absent,absent,absent,0,0,0,0,0,partial_success,False,True
IS 4571:1977,IS 4571:1977,True,True,unknown,4571_1977,,absent,absent,absent,absent,0,0,0,0,0,partial_success,False,True
IS 2720 (Part 21):1977,IS 2720 (Part 21):1977,True,True,unknown,2720_21_1977,,absent,absent,absent,absent,0,0,0,0,0,partial_success,False,True
IS 4138:1977,IS 4138:1977,True,True,unknown,4138_1977,,absent,absent,absent,absent,0,0,0,0,0,partial_success,False,True
IS 8640:1977,IS 8640:1977,True,True,unknown,8640_1977,,absent,absent,absent,absent,0,0,0,0,0,partial_success,False,True
IS 2720 (Part 40):1977,IS 2720 (Part 40):1977,True,True,unknown,2720_40_1977,,absent,absent,absent,absent,0,0,0,0,0,partial_success,False,True
IS 2720 (Part 39/Sec 1):1977,IS 2720 (Part 39/Sec 1):1977,True,True,unknown,2720_39_1_1977,,absent,absent,absent,absent,0,0,0,0,0,partial_success,False,True
IS 2686:1977,IS 2686:1977,True,True,match_version_verified,2686,https://standardsbis.bsbedge.com/BIS_Preview.aspx?id=2686,present,absent,absent,absent,0,0,0,0,0,success,True,False
IS 803:1976,IS 803:1976,True,True,match_version_verified,803,https://standardsbis.bsbedge.com/BIS_Preview.aspx?id=803,present,absent,absent,present,27,27,0,0,0,success,True,False
IS 8467:1977,IS 8467:1977,True,True,unknown,8467_1977,,absent,absent,absent,absent,0,0,0,0,0,partial_success,False,True
IS 5612 (Part 1):1977,IS 5612 (Part 1):1977,True,True,match_version_verified,5612_1,https://standardsbis.bsbedge.com/BIS_Preview.aspx?id=5612_1,present,absent,absent,absent,0,0,0,0,0,success,True,False
IS 3053:1977,IS 3053:1977,True,True,unknown,3053_1977,,absent,absent,absent,absent,0,0,0,0,0,partial_success,False,True
IS 8413 (Part 1):1977,IS 8413 (Part 1):1977,True,True,unknown,8413_1_1977,,absent,absent,absent,absent,0,0,0,0,0,partial_success,False,True
IS 8425:1977,IS 8425:1977,True,True,unknown,8425_1977,,absent,absent,absent,absent,0,0,0,0,0,partial_success,False,True
IS 5612 (Part 2):1977,IS 5612 (Part 2):1977,True,True,match_version_verified,5612_2,https://standardsbis.bsbedge.com/BIS_Preview.aspx?id=5612_2,present,absent,absent,absent,0,0,0,0,0,success,True,False
IS 8374:1977,IS 8374:1977,True,True,unknown,8374_1977,,absent,absent,absent,absent,0,0,0,0,0,partial_success,False,True
IS 4968 (Part 1):1976,IS 4968 (Part 1):1976,True,True,unknown,4968_1_1976,,absent,absent,absent,absent,0,0,0,0,0,partial_success,False,True
IS 4968 (Part 3):1976,IS 4968 (Part 3):1976,True,True,unknown,4968_3_1976,,absent,absent,absent,absent,0,0,0,0,0,partial_success,False,True
IS 8147:1976,IS 8147:1976,True,True,unknown,8147_1976,,absent,absent,absent,absent,0,0,0,0,0,partial_success,False,True
IS 8338:1976,IS 8338:1976,True,True,match_version_verified,8338,https://standardsbis.bsbedge.com/BIS_Preview.aspx?id=8338,present,absent,absent,present,2,2,0,0,0,success,True,False
IS 8348:1977,IS 8348:1977,True,True,match_version_verified,8348,https://standardsbis.bsbedge.com/BIS_Preview.aspx?id=8348,present,absent,absent,absent,0,0,0,0,0,success,True,False
IS 8381:1977,IS 8381:1977,True,True,match_version_verified,8381,https://standardsbis.bsbedge.com/BIS_Preview.aspx?id=8381,present,absent,absent,absent,0,0,0,0,0,success,True,False
IS 2547 (Part 2):1976,IS 2547 (Part 2):1976,True,True,unknown,2547_2_1976,,absent,absent,absent,absent,0,0,0,0,0,partial_success,False,True
IS 4968 (Part 2):1976,IS 4968 (Part 2):1976,True,True,unknown,4968_2_1976,,absent,absent,absent,absent,0,0,0,0,0,partial_success,False,True
IS 3364 (Part 2):1976,IS 3364 (Part 2):1976,True,True,unknown,3364_2_1976,,absent,absent,absent,absent,0,0,0,0,0,partial_success,False,True
IS 3364 (Part 1):1976,IS 3364 (Part 1):1976,True,True,unknown,3364_1_1976,,absent,absent,absent,absent,0,0,0,0,0,partial_success,False,True
IS 8242:1976,IS 8242:1976,True,True,unknown,8242_1976,,absent,absent,absent,absent,0,0,0,0,0,partial_success,False,True
IS 8125:1976,IS 8125:1976,True,True,match_version_verified,8125,https://standardsbis.bsbedge.com/BIS_Preview.aspx?id=8125,present,absent,absent,present,13,13,0,0,0,success,True,False
IS 8090:1976,IS 8090:1976,True,True,unknown,8090_1976,,absent,absent,absent,absent,0,0,0,0,0,partial_success,False,True
IS 8146:1976,IS 8146:1976,True,True,unknown,8146_1976,,absent,absent,absent,absent,0,0,0,0,0,partial_success,False,True
IS 10 (Part 5):1976,IS 10 (Part 5):1976,True,True,unknown,10_5_1976,,absent,absent,absent,absent,0,0,0,0,0,partial_success,False,True
IS 8081:1976,IS 8081:1976,True,True,unknown,8081_1976,,absent,absent,absent,absent,0,0,0,0,0,partial_success,False,True
IS 1941 (Part 1):1976,IS 1941 (Part 1):1976,True,True,match_version_verified,1941_1,https://standardsbis.bsbedge.com/BIS_Preview.aspx?id=1941_1,present,absent,absent,absent,0,0,0,0,0,success,True,False
IS 2720 (Part 38):1976,IS 2720 (Part 38):1976,True,True,unknown,2720_38_1976,,absent,absent,absent,absent,0,0,0,0,0,partial_success,False,True
IS 7973:1976,IS 7973:1976,True,True,unknown,7973_1976,,absent,absent,absent,absent,0,0,0,0,0,partial_success,False,True
IS 8009 (Part 1):1976,IS 8009 (Part 1):1976,True,True,unknown,8009_1_1976,,absent,absent,absent,absent,0,0,0,0,0,partial_success,False,True
IS 2720 (Part 37):1976,IS 2720 (Part 37):1976,True,True,unknown,2720_37_1976,,absent,absent,absent,absent,0,0,0,0,0,partial_success,False,True
IS 8001:1976,IS 8001:1976,True,True,unknown,8001_1976,,absent,absent,absent,absent,0,0,0,0,0,partial_success,False,True
IS 2720 (Part 24):1976,IS 2720 (Part 24):1976,True,True,unknown,2720_24_1976,,absent,absent,absent,absent,0,0,0,0,0,partial_success,False,True
IS 2440:1975,IS 2440:1975,True,True,match_version_verified,2440,https://standardsbis.bsbedge.com/BIS_Preview.aspx?id=2440,present,absent,present,present,3,3,0,0,0,success,True,False
IS 2547 (Part 1):1976,IS 2547 (Part 1):1976,True,True,unknown,2547_1_1976,,absent,absent,absent,absent,0,0,0,0,0,partial_success,False,True
IS 1200 (Part 12):1976,IS 1200 (Part 12):1976,True,True,unknown,1200_12_1976,,absent,absent,absent,absent,0,0,0,0,0,partial_success,False,True
IS 2720 (Part 23):1976,IS 2720 (Part 23):1976,True,True,unknown,2720_23_1976,,absent,absent,absent,absent,0,0,0,0,0,partial_success,False,True
IS 3103:1975,IS 3103:1975,True,True,match_version_verified,3103,https://standardsbis.bsbedge.com/BIS_Preview.aspx?id=3103,present,absent,absent,present,7,7,0,0,0,success,True,False
IS 7942:1976,IS 7942:1976,True,True,match_version_verified,7942,https://standardsbis.bsbedge.com/BIS_Preview.aspx?id=7942,present,absent,absent,present,2,2,0,0,0,success,True,False
IS 7564 (Part 4):1975,IS 7564 (Part 4):1975,True,True,match_version_verified,7564_4,https://standardsbis.bsbedge.com/BIS_Preview.aspx?id=7564_4,present,absent,absent,absent,0,0,0,0,0,success,True,False
IS 7956:1975,IS 7956:1975,True,True,unknown,7956_1975,,absent,absent,absent,absent,0,0,0,0,0,partial_success,False,True
IS 7969:1975,IS 7969:1975,True,True,unknown,7969_1975,,absent,absent,absent,absent,0,0,0,0,0,partial_success,False,True
IS 2922:1975,IS 2922:1975,True,True,unknown,2922_1975,,absent,absent,absent,absent,0,0,0,0,0,partial_success,False,True
IS 2720 (Part 29):1975,IS 2720 (Part 29):1975,True,True,unknown,2720_29_1975,,absent,absent,absent,absent,0,0,0,0,0,partial_success,False,True
IS):7779 ( (Part 1/Sec 1)):1975,IS):7779 ( (Part 1/Sec 1)):1975,True,False,unknown,,,not_verified,not_verified,not_verified,absent,0,0,0,0,0,failed,False,True
IS 7850:1975,IS 7850:1975,True,True,unknown,7850_1975,,absent,absent,absent,absent,0,0,0,0,0,partial_success,False,True
IS 7861 (Part 1):1975,IS 7861 (Part 1):1975,True,True,unknown,7861_1_1975,,absent,absent,absent,absent,0,0,0,0,0,partial_success,False,True
IS 2891:1975,IS 2891:1975,True,True,unknown,2891_1975,,absent,absent,absent,absent,0,0,0,0,0,partial_success,False,True
IS 4621:1975,IS 4621:1975,True,True,unknown,4621_1975,,absent,absent,absent,absent,0,0,0,0,0,partial_success,False,True
IS 5807 (Part 5):1975,IS 5807 (Part 5):1975,True,True,unknown,5807_5_1975,,absent,absent,absent,absent,0,0,0,0,0,partial_success,False,True
IS 801:1975,IS 801:1975,True,True,unknown,801_1975,,absent,absent,absent,absent,0,0,0,0,0,partial_success,False,True
IS 1123:1975,IS 1123:1975,True,True,match_version_verified,1123,https://standardsbis.bsbedge.com/BIS_Preview.aspx?id=1123,present,absent,absent,absent,0,0,0,0,0,success,True,False
IS 7779 (Part 1/Sec 3):1975,IS 7779 (Part 1/Sec 3):1975,True,True,match_version_verified,7779_1_3,https://standardsbis.bsbedge.com/BIS_Preview.aspx?id=7779_1_3,present,absent,absent,absent,0,0,0,0,0,success,True,False
IS 7779 (Part 1/Sec 2):1975,IS 7779 (Part 1/Sec 2):1975,True,True,match_version_verified,7779_1_2,https://standardsbis.bsbedge.com/BIS_Preview.aspx?id=7779_1_2,present,absent,absent,absent,0,0,0,0,0,success,True,False
IS 7779 (Part 2/Sec 1):1979,IS 7779 (Part 2/Sec 1):1979,True,True,match_version_verified,7779_2_1,https://standardsbis.bsbedge.com/BIS_Preview.aspx?id=7779_2_1,present,absent,absent,absent,0,0,0,0,0,success,True,False
IS 7534:1985,IS 7534:1985,True,True,unknown,7534_1985,,absent,absent,absent,absent,0,0,0,0,0,partial_success,False,True
IS 7662 (Part 1):1974,IS 7662 (Part 1):1974,True,True,match_version_verified,7662_1,https://standardsbis.bsbedge.com/BIS_Preview.aspx?id=7662_1,present,absent,absent,absent,0,0,0,0,0,success,True,False
IS 7683:1975,IS 7683:1975,True,True,match_version_verified,7683,https://standardsbis.bsbedge.com/BIS_Preview.aspx?id=7683,present,absent,absent,present,14,14,0,0,0,success,True,False
IS 908:1975,IS 908:1975,True,True,unknown,908_1975,,absent,absent,absent,absent,0,0,0,0,0,partial_success,False,True
IS 4995 (Part 2):1974,IS 4995 (Part 2):1974,True,True,unknown,4995_2_1974,,absent,absent,absent,absent,0,0,0,0,0,partial_success,False,True
IS 4995 (Part 1):1974,IS 4995 (Part 1):1974,True,True,unknown,4995_1_1974,,absent,absent,absent,absent,0,0,0,0,0,partial_success,False,True
IS 7564 (Part 3):1974,IS 7564 (Part 3):1974,True,True,match_version_verified,7564_3,https://standardsbis.bsbedge.com/BIS_Preview.aspx?id=7564_3,present,absent,absent,absent,0,0,0,0,0,success,True,False
IS 7639:1975,IS 7639:1975,True,True,unknown,7639_1975,,absent,absent,absent,absent,0,0,0,0,0,partial_success,False,True
IS 5896 (Part 3):1975,IS 5896 (Part 3):1975,True,True,match_version_verified,5896_3,https://standardsbis.bsbedge.com/BIS_Preview.aspx?id=5896_3,present,absent,absent,absent,0,0,0,0,0,success,True,False
IS 7564 (Part 1):1974,IS 7564 (Part 1):1974,True,True,match_version_verified,7564_1,https://standardsbis.bsbedge.com/BIS_Preview.aspx?id=7564_1,present,absent,absent,absent,0,0,0,0,0,success,True,False
IS 7564 (Part 5):1974,IS 7564 (Part 5):1974,True,True,match_version_verified,7564_5,https://standardsbis.bsbedge.com/BIS_Preview.aspx?id=7564_5,present,absent,absent,absent,0,0,0,0,0,success,True,False
IS 7634 (Part 1):1975,IS 7634 (Part 1):1975,True,True,unknown,7634_1_1975,,absent,absent,absent,absent,0,0,0,0,0,partial_success,False,True
IS 7558:1974,IS 7558:1974,True,True,unknown,7558_1974,,absent,absent,absent,absent,0,0,0,0,0,partial_success,False,True
IS 7564 (Part 2):1974,IS 7564 (Part 2):1974,True,True,match_version_verified,7564_2,https://standardsbis.bsbedge.com/BIS_Preview.aspx?id=7564_2,present,absent,absent,absent,0,0,0,0,0,success,True,False
IS 1019:1974,IS 1019:1974,True,True,unknown,1019_1974,,absent,absent,absent,absent,0,0,0,0,0,partial_success,False,True
IS 7549:1975,IS 7549:1975,True,True,unknown,7549_1975,,absent,absent,absent,absent,0,0,0,0,0,partial_success,False,True
IS 1200 (Part 18):1974,IS 1200 (Part 18):1974,True,True,unknown,1200_18_1974,,absent,absent,absent,absent,0,0,0,0,0,partial_success,False,True
IS 4415:1974,IS 4415:1974,True,True,unknown,4415_1974,,absent,absent,absent,absent,0,0,0,0,0,partial_success,False,True
IS 1124:1974,IS 1124:1974,True,True,match_version_verified,1124,https://standardsbis.bsbedge.com/BIS_Preview.aspx?id=1124,present,absent,absent,present,2,2,0,0,0,success,True,False
IS 7344:1974,IS 7344:1974,True,True,unknown,7344_1974,,absent,absent,absent,absent,0,0,0,0,0,partial_success,False,True
IS 2696:1974,IS 2696:1974,True,True,match_version_verified,2696,https://standardsbis.bsbedge.com/BIS_Preview.aspx?id=2696,present,absent,absent,absent,0,0,0,0,0,success,True,False
IS 709:1974,IS 709:1974,True,True,unknown,709_1974,,absent,absent,absent,absent,0,0,0,0,0,partial_success,False,True
IS 7315:1974,IS 7315:1974,True,True,unknown,7315_1974,,absent,absent,absent,absent,0,0,0,0,0,partial_success,False,True
IS 7316:1974,IS 7316:1974,True,True,match_version_verified,7316,https://standardsbis.bsbedge.com/BIS_Preview.aspx?id=7316,present,absent,absent,present,7,7,0,0,0,success,True,False
IS 10 (Part 3):1974,IS 10 (Part 3):1974,True,True,unknown,10_3_1974,,absent,absent,absent,absent,0,0,0,0,0,partial_success,False,True
IS 1900:1974,IS 1900:1974,True,True,unknown,1900_1974,,absent,absent,absent,absent,0,0,0,0,0,partial_success,False,True
IS 2720 (Part 28):1974,IS 2720 (Part 28):1974,True,True,unknown,2720_28_1974,,absent,absent,absent,absent,0,0,0,0,0,partial_success,False,True
IS 2720 (Part 35):1974,IS 2720 (Part 35):1974,True,True,unknown,2720_35_1974,,absent,absent,absent,absent,0,0,0,0,0,partial_success,False,True
IS 7215:1974,IS 7215:1974,True,True,unknown,7215_1974,,absent,absent,absent,absent,0,0,0,0,0,partial_success,False,True
IS 7293:1974,IS 7293:1974,True,True,unknown,7293_1974,,absent,absent,absent,absent,0,0,0,0,0,partial_success,False,True
IS 7321:1974,IS 7321:1974,True,True,unknown,7321_1974,,absent,absent,absent,absent,0,0,0,0,0,partial_success,False,True
IS 7272 (Part 1):1974,IS 7272 (Part 1):1974,True,True,unknown,7272_1_1974,,absent,absent,absent,absent,0,0,0,0,0,partial_success,False,True
IS 2546:1974,IS 2546:1974,True,True,unknown,2546_1974,,absent,absent,absent,absent,0,0,0,0,0,partial_success,False,True
IS 7198:1974,IS 7198:1974,True,True,unknown,7198_1974,,absent,absent,absent,absent,0,0,0,0,0,partial_success,False,True
IS 7319:1974,IS 7319:1974,True,True,unknown,7319_1974,,absent,absent,absent,absent,0,0,0,0,0,partial_success,False,True
IS 7320:1974,IS 7320:1974,True,True,match_version_verified,7320,https://standardsbis.bsbedge.com/BIS_Preview.aspx?id=7320,present,absent,absent,absent,0,0,0,0,0,success,True,False
IS 7325:1974,IS 7325:1974,True,True,match_version_verified,7325,https://standardsbis.bsbedge.com/BIS_Preview.aspx?id=7325,present,absent,absent,present,2,2,0,0,0,success,True,False
IS 4204:1974,IS 4204:1974,True,True,unknown,4204_1974,,absent,absent,absent,absent,0,0,0,0,0,partial_success,False,True
IS 4970:1973,IS 4970:1973,True,True,unknown,4970_1973,,absent,absent,absent,absent,0,0,0,0,0,partial_success,False,True
IS 7232:1974,IS 7232:1974,True,True,unknown,7232_1974,,absent,absent,absent,absent,0,0,0,0,0,partial_success,False,True
IS 7197:1974,IS 7197:1974,True,True,unknown,7197_1974,,absent,absent,absent,absent,0,0,0,0,0,partial_success,False,True
IS 1128:1974,IS 1128:1974,True,True,match_version_verified,1128,https://standardsbis.bsbedge.com/BIS_Preview.aspx?id=1128,present,absent,absent,present,2,2,0,0,0,success,True,False
IS 3316:1974,IS 3316:1974,True,True,match_version_verified,3316,https://standardsbis.bsbedge.com/BIS_Preview.aspx?id=3316,present,absent,absent,present,6,6,0,0,0,success,True,False
IS 7196:1974,IS 7196:1974,True,True,unknown,7196_1974,,absent,absent,absent,absent,0,0,0,0,0,partial_success,False,True
IS 7205:1974,IS 7205:1974,True,True,unknown,7205_1974,,absent,absent,absent,absent,0,0,0,0,0,partial_success,False,True
IS 7246:1974,IS 7246:1974,True,True,match_version_verified,7246,https://standardsbis.bsbedge.com/BIS_Preview.aspx?id=7246,present,absent,absent,present,3,3,0,0,0,success,True,False
IS 1805:1973,IS 1805:1973,True,True,match_version_verified,1805,https://standardsbis.bsbedge.com/BIS_Preview.aspx?id=1805,present,absent,present,present,4,4,0,0,0,success,True,False
IS 452:1973,IS 452:1973,True,True,unknown,452_1973,,absent,absent,absent,absent,0,0,0,0,0,partial_success,False,True
SP 6 (Part 6):1972,SP 6 (Part 6):1972,True,True,unknown,6_6_1972,,absent,absent,absent,absent,0,0,0,0,0,partial_success,False,True
IS 1200 (Part 21):1973,IS 1200 (Part 21):1973,True,True,unknown,1200_21_1973,,absent,absent,absent,absent,0,0,0,0,0,partial_success,False,True
IS 6441 (Part 6):1973,IS 6441 (Part 6):1973,True,True,unknown,6441_6_1973,,absent,absent,absent,absent,0,0,0,0,0,partial_success,False,True
IS 6441 (Part 9):1973,IS 6441 (Part 9):1973,True,True,unknown,6441_9_1973,,absent,absent,absent,absent,0,0,0,0,0,partial_success,False,True
IS 6922:1973,IS 6922:1973,True,True,match_version_verified,6922,https://standardsbis.bsbedge.com/BIS_Preview.aspx?id=6922,present,absent,absent,absent,0,0,0,0,0,success,True,False
IS 6924:1973,IS 6924:1973,True,True,unknown,6924_1973,,absent,absent,absent,absent,0,0,0,0,0,partial_success,False,True
SP 1650:1973,SP 1650:1973,True,True,unknown,1650_1973,,absent,absent,absent,absent,0,0,0,0,0,partial_success,False,True
IS 4332 (Part 7):1973,IS 4332 (Part 7):1973,True,True,unknown,4332_7_1973,,absent,absent,absent,absent,0,0,0,0,0,partial_success,False,True
IS 6441 (Part 8):1973,IS 6441 (Part 8):1973,True,True,unknown,6441_8_1973,,absent,absent,absent,absent,0,0,0,0,0,partial_success,False,True
IS 6441 (Part 7):1973,IS 6441 (Part 7):1973,True,True,unknown,6441_7_1973,,absent,absent,absent,absent,0,0,0,0,0,partial_success,False,True
IS 6925:1973,IS 6925:1973,True,True,match_version_verified,6925,https://standardsbis.bsbedge.com/BIS_Preview.aspx?id=6925,present,absent,absent,present,3,3,0,0,0,success,True,False
IS 6791:1973,IS 6791:1973,True,True,unknown,6791_1973,,absent,absent,absent,absent,0,0,0,0,0,partial_success,False,True
IS 6707:1972,IS 6707:1972,True,True,unknown,6707_1972,,absent,absent,absent,absent,0,0,0,0,0,partial_success,False,True
IS 6711:1972,IS 6711:1972,True,True,unknown,6711_1972,,absent,absent,absent,absent,0,0,0,0,0,partial_success,False,True
IS 6729:1972,IS 6729:1972,True,True,unknown,6729_1972,,absent,absent,absent,absent,0,0,0,0,0,partial_success,False,True
IS 6703:1972,IS 6703:1972,True,True,unknown,6703_1972,,absent,absent,absent,absent,0,0,0,0,0,partial_success,False,True
IS 1508:1972,IS 1508:1972,True,True,unknown,1508_1972,,absent,absent,absent,absent,0,0,0,0,0,partial_success,False,True
IS 5187:1972,IS 5187:1972,True,True,unknown,5187_1972,,absent,absent,absent,absent,0,0,0,0,0,partial_success,False,True
IS 6441 (Part 1):1972,IS 6441 (Part 1):1972,True,True,unknown,6441_1_1972,,absent,absent,absent,absent,0,0,0,0,0,partial_success,False,True
IS 6441 (Part 4):1972,IS 6441 (Part 4):1972,True,True,unknown,6441_4_1972,,absent,absent,absent,absent,0,0,0,0,0,partial_success,False,True
IS 1129:1972,IS 1129:1972,True,True,match_version_verified,1129,https://standardsbis.bsbedge.com/BIS_Preview.aspx?id=1129,present,absent,absent,present,1,1,0,0,0,success,True,False
IS 2809:1972,IS 2809:1972,True,True,unknown,2809_1972,,absent,absent,absent,absent,0,0,0,0,0,partial_success,False,True
IS 6530:1972,IS 6530:1972,True,True,unknown,6530_1972,,absent,absent,absent,absent,0,0,0,0,0,partial_success,False,True
IS 6441 (Part 2):1972,IS 6441 (Part 2):1972,True,True,unknown,6441_2_1972,,absent,absent,absent,absent,0,0,0,0,0,partial_success,False,True
IS 6441 (Part 5):1972,IS 6441 (Part 5):1972,True,True,unknown,6441_5_1972,,absent,absent,absent,absent,0,0,0,0,0,partial_success,False,True
IS 1661:1972,IS 1661:1972,True,True,unknown,1661_1972,,absent,absent,absent,absent,0,0,0,0,0,partial_success,False,True
IS 2720 (Part 22):1972,IS 2720 (Part 22):1972,True,True,unknown,2720_22_1972,,absent,absent,absent,absent,0,0,0,0,0,partial_success,False,True
IS 2720 (Part 6):1972,IS 2720 (Part 6):1972,True,True,unknown,2720_6_1972,,absent,absent,absent,absent,0,0,0,0,0,partial_success,False,True
IS 1331:1971,IS 1331:1971,True,True,unknown,1331_1971,,absent,absent,absent,absent,0,0,0,0,0,partial_success,False,True
IS 1498:1970,IS 1498:1970,True,True,unknown,1498_1970,,absent,absent,absent,absent,0,0,0,0,0,partial_success,False,True
IS 6318:1971,IS 6318:1971,True,True,unknown,6318_1971,,absent,absent,absent,absent,0,0,0,0,0,partial_success,False,True
IS 6341:1971,IS 6341:1971,True,True,unknown,6341_1971,,absent,absent,absent,absent,0,0,0,0,0,partial_success,False,True
IS 6346:1971,IS 6346:1971,True,True,unknown,6346_1971,,absent,absent,absent,absent,0,0,0,0,0,partial_success,False,True
IS 6534:1971,IS 6534:1971,True,True,unknown,6534_1971,,absent,absent,absent,absent,0,0,0,0,0,partial_success,False,True
IS 2720 (Part 34):1972,IS 2720 (Part 34):1972,True,True,unknown,2720_34_1972,,absent,absent,absent,absent,0,0,0,0,0,partial_success,False,True
IS 2720 (Part 33):1971,IS 2720 (Part 33):1971,True,True,unknown,2720_33_1971,,absent,absent,absent,absent,0,0,0,0,0,partial_success,False,True
IS 6279:1971,IS 6279:1971,True,True,unknown,6279_1971,,absent,absent,absent,absent,0,0,0,0,0,partial_success,False,True
IS 6280:1971,IS 6280:1971,True,True,unknown,6280_1971,,absent,absent,absent,absent,0,0,0,0,0,partial_success,False,True
IS 6060:1971,IS 6060:1971,True,True,match_version_verified,6060,https://standardsbis.bsbedge.com/BIS_Preview.aspx?id=6060,present,absent,absent,present,2,2,0,0,0,success,True,False
IS 6179:1971,IS 6179:1971,True,True,unknown,6179_1971,,absent,absent,absent,absent,0,0,0,0,0,partial_success,False,True
IS 6184:1971,IS 6184:1971,True,True,unknown,6184_1971,,absent,absent,absent,absent,0,0,0,0,0,partial_success,False,True
IS 6278:1971,IS 6278:1971,True,True,unknown,6278_1971,,absent,absent,absent,absent,0,0,0,0,0,partial_success,False,True
IS 2685:1971,IS 2685:1971,True,True,unknown,2685_1971,,absent,absent,absent,absent,0,0,0,0,0,partial_success,False,True
IS 6074:1971,IS 6074:1971,True,True,unknown,6074_1971,,absent,absent,absent,absent,0,0,0,0,0,partial_success,False,True
IS 1477 (Part 2):1971,IS 1477 (Part 2):1971,True,True,unknown,1477_2_1971,,absent,absent,absent,absent,0,0,0,0,0,partial_success,False,True
IS 2571:1970,IS 2571:1970,True,True,unknown,2571_1970,,absent,absent,absent,absent,0,0,0,0,0,partial_success,False,True
IS 6056:1970,IS 6056:1970,True,True,unknown,6056_1970,,absent,absent,absent,absent,0,0,0,0,0,partial_success,False,True
IS 5807 (Part 3):1971,IS 5807 (Part 3):1971,True,True,unknown,5807_3_1971,,absent,absent,absent,absent,0,0,0,0,0,partial_success,False,True
IS 6042:1969,IS 6042:1969,True,True,unknown,6042_1969,,absent,absent,absent,absent,0,0,0,0,0,partial_success,False,True
IS 1477 (Part 1):1971,IS 1477 (Part 1):1971,True,True,unknown,1477_1_1971,,absent,absent,absent,absent,0,0,0,0,0,partial_success,False,True
IS 6061 (Part 1):1971,IS 6061 (Part 1):1971,True,True,match_version_verified,6061_1,https://standardsbis.bsbedge.com/BIS_Preview.aspx?id=6061_1,present,absent,absent,absent,0,0,0,0,0,success,True,False
IS 5978:1970,IS 5978:1970,True,True,unknown,5978_1970,,absent,absent,absent,absent,0,0,0,0,0,partial_success,False,True
IS 1197:1970,IS 1197:1970,True,True,unknown,1197_1970,,absent,absent,absent,absent,0,0,0,0,0,partial_success,False,True
IS 1568:1970,IS 1568:1970,True,True,match_version_verified,1568,https://standardsbis.bsbedge.com/BIS_Preview.aspx?id=1568,present,absent,absent,absent,0,0,0,0,0,success,True,False
IS 4332 (Part 5):1970,IS 4332 (Part 5):1970,True,True,unknown,4332_5_1970,,absent,absent,absent,absent,0,0,0,0,0,partial_success,False,True
IS 5806:1970,IS 5806:1970,True,True,unknown,5806_1970,,absent,absent,absent,absent,0,0,0,0,0,partial_success,False,True
IS 5896 (Part 1):1970,IS 5896 (Part 1):1970,True,True,unknown,5896_1_1970,,absent,absent,absent,absent,0,0,0,0,0,partial_success,False,True
IS 5961:1970,IS 5961:1970,True,True,unknown,5961_1970,,absent,absent,absent,absent,0,0,0,0,0,partial_success,False,True
IS 5888:1970,IS 5888:1970,True,True,unknown,5888_1970,,absent,absent,absent,absent,0,0,0,0,0,partial_success,False,True
IS 5899:1970,IS 5899:1970,True,True,unknown,5899_1970,,absent,absent,absent,absent,0,0,0,0,0,partial_success,False,True
IS 5766:1970,IS 5766:1970,True,True,unknown,5766_1970,,absent,absent,absent,absent,0,0,0,0,0,partial_success,False,True
IS 1127:1970,IS 1127:1970,True,True,match_version_verified,1127,https://standardsbis.bsbedge.com/BIS_Preview.aspx?id=1127,present,absent,absent,absent,0,0,0,0,0,success,True,False
IS 5640:1970,IS 5640:1970,True,True,unknown,5640_1970,,absent,absent,absent,absent,0,0,0,0,0,partial_success,False,True
IS 5748:1969,IS 5748:1969,True,True,unknown,5748_1969,,absent,absent,absent,absent,0,0,0,0,0,partial_success,False,True
SP 6 (Part 4):1969,SP 6 (Part 4):1969,True,True,unknown,6_4_1969,,absent,absent,absent,absent,0,0,0,0,0,partial_success,False,True
IS 5499:1969,IS 5499:1969,True,True,match_version_verified,5499,https://standardsbis.bsbedge.com/BIS_Preview.aspx?id=5499,present,absent,absent,present,6,6,0,0,0,success,True,False
IS 5525:1969,IS 5525:1969,True,True,match_version_verified,5525,https://standardsbis.bsbedge.com/BIS_Preview.aspx?id=5525,present,absent,absent,present,5,5,0,0,0,success,True,False
IS 5491:1969,IS 5491:1969,True,True,unknown,5491_1969,,absent,absent,absent,absent,0,0,0,0,0,partial_success,False,True
IS 5536:1969,IS 5536:1969,True,True,match_version_verified,5536,https://standardsbis.bsbedge.com/BIS_Preview.aspx?id=5536,present,absent,absent,present,2,2,0,0,0,success,True,False
IS 5539:1969,IS 5539:1969,True,True,unknown,5539_1969,,absent,absent,absent,absent,0,0,0,0,0,partial_success,False,True
IS 5328:1969,IS 5328:1969,True,True,unknown,5328_1969,,absent,absent,absent,absent,0,0,0,0,0,partial_success,False,True
IS 5318:1969,IS 5318:1969,True,True,unknown,5318_1969,,absent,absent,absent,absent,0,0,0,0,0,partial_success,False,True
IS 5258:1969,IS 5258:1969,True,True,unknown,5258_1969,,absent,absent,absent,absent,0,0,0,0,0,partial_success,False,True
IS 5282:1969,IS 5282:1969,True,True,unknown,5282_1969,,absent,absent,absent,absent,0,0,0,0,0,partial_success,False,True
IS 5389:1969,IS 5389:1969,True,True,match_version_verified,5389,https://standardsbis.bsbedge.com/BIS_Preview.aspx?id=5389,present,absent,absent,present,6,6,0,0,0,success,True,False
IS 5455:1969,IS 5455:1969,True,True,unknown,5455_1969,,absent,absent,absent,absent,0,0,0,0,0,partial_success,False,True
IS 3632:1969,IS 3632:1969,True,True,unknown,3632_1969,,absent,absent,absent,absent,0,0,0,0,0,partial_success,False,True
IS 5257:1969,IS 5257:1969,True,True,unknown,5257_1969,,absent,absent,absent,absent,0,0,0,0,0,partial_success,False,True
IS 5218:1969,IS 5218:1969,True,True,match_version_verified,5218,https://standardsbis.bsbedge.com/BIS_Preview.aspx?id=5218,present,absent,absent,absent,0,0,0,0,0,success,True,False
IS 4043:1969,IS 4043:1969,True,True,unknown,4043_1969,,absent,absent,absent,absent,0,0,0,0,0,partial_success,False,True
IS 1130:1969,IS 1130:1969,True,True,match_version_verified,1130,https://standardsbis.bsbedge.com/BIS_Preview.aspx?id=1130,present,absent,absent,absent,0,0,0,0,0,success,True,False
IS 5119 (Part 1):1968,IS 5119 (Part 1):1968,True,True,unknown,5119_1_1968,,absent,absent,absent,absent,0,0,0,0,0,partial_success,False,True
IS 4983:1968,IS 4983:1968,True,True,unknown,4983_1968,,absent,absent,absent,absent,0,0,0,0,0,partial_success,False,True
IS 4920:1968,IS 4920:1968,True,True,unknown,4920_1968,,absent,absent,absent,absent,0,0,0,0,0,partial_success,False,True
IS 4924 (Part 1):1968,IS 4924 (Part 1):1968,True,True,unknown,4924_1_1968,,absent,absent,absent,absent,0,0,0,0,0,partial_success,False,True
IS 3414:1968,IS 3414:1968,True,True,unknown,3414_1968,,absent,absent,absent,absent,0,0,0,0,0,partial_success,False,True
IS 4111 (Part 4):1968,IS 4111 (Part 4):1968,True,True,unknown,4111_4_1968,,absent,absent,absent,absent,0,0,0,0,0,partial_success,False,True
IS 4913:1968,IS 4913:1968,True,True,unknown,4913_1968,,absent,absent,absent,absent,0,0,0,0,0,partial_success,False,True
IS 4954:1968,IS 4954:1968,True,True,unknown,4954_1968,,absent,absent,absent,absent,0,0,0,0,0,partial_success,False,True
IS 805:1968,IS 805:1968,True,True,match_version_verified,805,https://standardsbis.bsbedge.com/BIS_Preview.aspx?id=805,present,absent,absent,absent,0,0,0,0,0,success,True,False
IS 4924 (Part 2):1968,IS 4924 (Part 2):1968,True,True,unknown,4924_2_1968,,absent,absent,absent,absent,0,0,0,0,0,partial_success,False,True
IS 4844:1968,IS 4844:1968,True,True,unknown,4844_1968,,absent,absent,absent,absent,0,0,0,0,0,partial_success,False,True
IS 4859:1968,IS 4859:1968,True,True,unknown,4859_1968,,absent,absent,absent,absent,0,0,0,0,0,partial_success,False,True
IS 4860:1968,IS 4860:1968,True,True,unknown,4860_1968,,absent,absent,absent,absent,0,0,0,0,0,partial_success,False,True
IS 2524 (Part 1):1968,IS 2524 (Part 1):1968,True,True,unknown,2524_1_1968,,absent,absent,absent,absent,0,0,0,0,0,partial_success,False,True
IS 4834:1968,IS 4834:1968,True,True,unknown,4834_1968,,absent,absent,absent,absent,0,0,0,0,0,partial_success,False,True
IS 2524 (Part 2):1968,IS 2524 (Part 2):1968,True,True,unknown,2524_2_1968,,absent,absent,absent,absent,0,0,0,0,0,partial_success,False,True
IS 4332 (Part 4):1968,IS 4332 (Part 4):1968,True,True,unknown,4332_4_1968,,absent,absent,absent,absent,0,0,0,0,0,partial_success,False,True
IS 4597:1968,IS 4597:1968,True,True,unknown,4597_1968,,absent,absent,absent,absent,0,0,0,0,0,partial_success,False,True
IS 4650:1968,IS 4650:1968,True,True,unknown,4650_1968,,absent,absent,absent,absent,0,0,0,0,0,partial_success,False,True
IS 1727:1967,IS 1727:1967,True,True,match_version_verified,1727,https://standardsbis.bsbedge.com/BIS_Preview.aspx?id=1727,present,absent,absent,absent,0,0,0,0,0,success,True,False
IS 4350:1967,IS 4350:1967,True,True,unknown,4350_1967,,absent,absent,absent,absent,0,0,0,0,0,partial_success,False,True
IS 4424:1967,IS 4424:1967,True,True,unknown,4424_1967,,absent,absent,absent,absent,0,0,0,0,0,partial_success,False,True
IS 806:1968,IS 806:1968,True,True,match_version_verified,806,https://standardsbis.bsbedge.com/BIS_Preview.aspx?id=806,present,absent,absent,present,10,10,0,0,0,success,True,False
IS 4365:1967,IS 4365:1967,True,True,unknown,4365_1967,,absent,absent,absent,absent,0,0,0,0,0,partial_success,False,True
IS 2770 (Part 1):1967,IS 2770 (Part 1):1967,True,True,unknown,2770_1_1967,,absent,absent,absent,absent,0,0,0,0,0,partial_success,False,True
IS 4407:1967,IS 4407:1967,True,True,match_version_verified,4407,https://standardsbis.bsbedge.com/BIS_Preview.aspx?id=4407,present,absent,absent,present,8,8,0,0,0,success,True,False
IS 957:1967,IS 957:1967,True,True,unknown,957_1967,,absent,absent,absent,absent,0,0,0,0,0,partial_success,False,True
IS 4101 (Part 2):1967,IS 4101 (Part 2):1967,True,True,unknown,4101_2_1967,,absent,absent,absent,absent,0,0,0,0,0,partial_success,False,True
IS 2377:1967,IS 2377:1967,True,True,unknown,2377_1967,,absent,absent,absent,absent,0,0,0,0,0,partial_success,False,True
IS 4101 (Part 1):1967,IS 4101 (Part 1):1967,True,True,unknown,4101_1_1967,,absent,absent,absent,absent,0,0,0,0,0,partial_success,False,True
IS 2338 (Part 1):1967,IS 2338 (Part 1):1967,True,True,unknown,2338_1_1967,,absent,absent,absent,absent,0,0,0,0,0,partial_success,False,True
IS 2338 (Part 2):1967,IS 2338 (Part 2):1967,True,True,unknown,2338_2_1967,,absent,absent,absent,absent,0,0,0,0,0,partial_success,False,True
IS 4014 (Part 1):1967,IS 4014 (Part 1):1967,True,True,unknown,4014_1_1967,,absent,absent,absent,absent,0,0,0,0,0,partial_success,False,True
IS 4121:1967,IS 4121:1967,True,True,match_version_verified,4121,https://standardsbis.bsbedge.com/BIS_Preview.aspx?id=4121,present,absent,absent,absent,0,0,0,0,0,success,True,False
IS 4122:1967,IS 4122:1967,True,True,match_version_verified,4122,https://standardsbis.bsbedge.com/BIS_Preview.aspx?id=4122,present,absent,absent,present,3,3,0,0,0,success,True,False
IS 804:1967,IS 804:1967,True,True,match_version_verified,804,https://standardsbis.bsbedge.com/BIS_Preview.aspx?id=804,present,absent,absent,present,14,14,0,0,0,success,True,False
IS 3978:1967,IS 3978:1967,True,True,unknown,3978_1967,,absent,absent,absent,absent,0,0,0,0,0,partial_success,False,True
IS 3935:1966,IS 3935:1966,True,True,unknown,3935_1966,,absent,absent,absent,absent,0,0,0,0,0,partial_success,False,True
IS 3845:1966,IS 3845:1966,True,True,unknown,3845_1966,,absent,absent,absent,absent,0,0,0,0,0,partial_success,False,True
IS 3806:1966,IS 3806:1966,True,True,unknown,3806_1966,,absent,absent,absent,absent,0,0,0,0,0,partial_success,False,True
IS 3828:1966,IS 3828:1966,True,True,unknown,3828_1966,,absent,absent,absent,absent,0,0,0,0,0,partial_success,False,True
IS 3513 (Part 4):1966,IS 3513 (Part 4):1966,True,True,unknown,3513_4_1966,,absent,absent,absent,absent,0,0,0,0,0,partial_success,False,True
IS 3478:1966,IS 3478:1966,True,True,match_version_verified,3478,https://standardsbis.bsbedge.com/BIS_Preview.aspx?id=3478,present,absent,absent,present,5,5,0,0,0,success,True,False
IS 3483:1965,IS 3483:1965,True,True,unknown,3483_1965,,absent,absent,absent,absent,0,0,0,0,0,partial_success,False,True
IS 3348:1965,IS 3348:1965,True,True,unknown,3348_1965,,absent,absent,absent,absent,0,0,0,0,0,partial_success,False,True
IS 3042:1965,IS 3042:1965,True,True,match_version_verified,3042,https://standardsbis.bsbedge.com/BIS_Preview.aspx?id=3042,present,absent,absent,present,5,5,0,0,0,success,True,False
IS 3085:1965,IS 3085:1965,True,True,unknown,3085_1965,,absent,absent,absent,absent,0,0,0,0,0,partial_success,False,True
IS 3140:1965,IS 3140:1965,True,True,unknown,3140_1965,,absent,absent,absent,absent,0,0,0,0,0,partial_success,False,True
IS 2792:1964,IS 2792:1964,True,True,unknown,2792_1964,,absent,absent,absent,absent,0,0,0,0,0,partial_success,False,True
IS 399:1963,IS 399:1963,True,True,unknown,399_1963,,absent,absent,absent,absent,0,0,0,0,0,partial_success,False,True
IS 2750:1964,IS 2750:1964,True,True,unknown,2750_1964,,absent,absent,absent,absent,0,0,0,0,0,partial_success,False,True
IS 2502:1963,IS 2502:1963,True,True,match_version_verified,2502,https://standardsbis.bsbedge.com/BIS_Preview.aspx?id=2502,present,absent,absent,absent,0,0,0,0,0,success,True,False
IS 2386 (Part 4):1963,IS 2386 (Part 4):1963,True,True,unknown,2386_4_1963,,absent,absent,absent,absent,0,0,0,0,0,partial_success,False,True
IS 965:1963,IS 965:1963,True,True,unknown,965_1963,,absent,absent,absent,absent,0,0,0,0,0,partial_success,False,True
IS 2526:1963,IS 2526:1963,True,True,unknown,2526_1963,,absent,absent,absent,absent,0,0,0,0,0,partial_success,False,True
IS 2386 (Part 7):1963,IS 2386 (Part 7):1963,True,True,unknown,2386_7_1963,,absent,absent,absent,absent,0,0,0,0,0,partial_success,False,True
IS 2386 (Part 8):1963,IS 2386 (Part 8):1963,True,True,unknown,2386_8_1963,,absent,absent,absent,absent,0,0,0,0,0,partial_success,False,True
IS 2386 (Part 5):1963,IS 2386 (Part 5):1963,True,True,unknown,2386_5_1963,,absent,absent,absent,absent,0,0,0,0,0,partial_success,False,True
IS 2386 (Part 2):1963,IS 2386 (Part 2):1963,True,True,unknown,2386_2_1963,,absent,absent,absent,absent,0,0,0,0,0,partial_success,False,True
IS 2386 (Part 3):1963,IS 2386 (Part 3):1963,True,True,unknown,2386_3_1963,,absent,absent,absent,absent,0,0,0,0,0,partial_success,False,True
IS 2386 (Part 6):1963,IS 2386 (Part 6):1963,True,True,unknown,2386_6_1963,,absent,absent,absent,absent,0,0,0,0,0,partial_success,False,True
IS 2386 (Part 1):1963,IS 2386 (Part 1):1963,True,True,unknown,2386_1_1963,,absent,absent,absent,absent,0,0,0,0,0,partial_success,False,True
IS 2402:1963,IS 2402:1963,True,True,unknown,2402_1963,,absent,absent,absent,absent,0,0,0,0,0,partial_success,False,True
IS 2408:1963,IS 2408:1963,True,True,unknown,2408_1963,,absent,absent,absent,absent,0,0,0,0,0,partial_success,False,True
IS 2204:1962,IS 2204:1962,True,True,unknown,2204_1962,,absent,absent,absent,absent,0,0,0,0,0,partial_success,False,True
IS 2174:1962,IS 2174:1962,True,True,match_version_verified,2174,https://standardsbis.bsbedge.com/BIS_Preview.aspx?id=2174,present,absent,absent,absent,0,0,0,0,0,success,True,False
IS 1649:1962,IS 1649:1962,True,True,match_version_verified,1649,https://standardsbis.bsbedge.com/BIS_Preview.aspx?id=1649,present,absent,absent,present,1,1,0,0,0,success,True,False
IS 1950:1962,IS 1950:1962,True,True,unknown,1950_1962,,absent,absent,absent,absent,0,0,0,0,0,partial_success,False,True
IS 1701:1960,IS 1701:1960,True,True,unknown,1701_1960,,absent,absent,absent,absent,0,0,0,0,0,partial_success,False,True
IS 1081:1960,IS 1081:1960,True,True,unknown,1081_1960,,absent,absent,absent,absent,0,0,0,0,0,partial_success,False,True
IS 652:1960,IS 652:1960,True,True,unknown,652_1960,,absent,absent,absent,absent,0,0,0,0,0,partial_success,False,True
IS 1199:1959,IS 1199:1959,True,True,match_version_verified,1199,https://standardsbis.bsbedge.com/BIS_Preview.aspx?id=1199,present,absent,absent,absent,0,0,0,0,0,success,True,False
IS 457:1957,IS 457:1957,True,True,match_version_verified,457,https://standardsbis.bsbedge.com/BIS_Preview.aspx?id=457,present,absent,absent,present,10,10,0,0,0,success,True,False
IS 2720 (Part 2):1973,IS 2720 (Part 2):1973,True,True,unknown,2720_2_1973,,absent,absent,absent,absent,0,0,0,0,0,partial_success,False,True
IS 1003 (Part 2):1994,IS 1003 (Part 2):1994,True,True,unknown,1003_2_1994,,absent,absent,absent,absent,0,0,0,0,0,partial_success,False,True
IS 10013 (Part 2):1981,IS 10013 (Part 2):1981,True,True,unknown,10013_2_1981,,absent,absent,absent,absent,0,0,0,0,0,partial_success,False,True
IS 10460:1983,IS 10460:1983,True,True,unknown,10460_1983,,absent,absent,absent,absent,0,0,0,0,0,partial_success,False,True
IS 12818:2010,IS 12818:2010,True,True,unknown,12818_2010,,absent,absent,absent,absent,0,0,0,0,0,partial_success,False,True
IS 13826 (Part 1):1993,IS 13826 (Part 1):1993,True,True,unknown,13826_1_1993,,absent,absent,absent,absent,0,0,0,0,0,partial_success,False,True
IS 1734 (Part 1 to 20):1983,IS 1734 (Part 1 to 20):1983,True,False,unknown,,,not_verified,not_verified,not_verified,absent,0,0,0,0,0,failed,False,True
IS 1893 (Part 1):2016,IS 1893 (Part 1):2016,True,True,unknown,1893_1_2016,,absent,absent,absent,absent,0,0,0,0,0,partial_success,False,True
IS 2373:1981,IS 2373:1981,True,True,unknown,2373_1981,,absent,absent,absent,absent,0,0,0,0,0,partial_success,False,True
IS 2542 (Part 1/Sec 1 to 12):1978,IS 2542 (Part 1/Sec 1 to 12):1978,True,False,unknown,,,not_verified,not_verified,not_verified,absent,0,0,0,0,0,failed,False,True
IS 3462:1986,IS 3462:1986,True,True,unknown,3462_1986,,absent,absent,absent,absent,0,0,0,0,0,partial_success,False,True
IS 383:2016,IS 383:2016,True,True,match_version_verified,383,https://standardsbis.bsbedge.com/BIS_Preview.aspx?id=383,present,absent,absent,absent,0,0,0,0,0,success,True,False
IS 4031 (Part 5):1988,IS 4031 (Part 5):1988,True,True,match_version_verified,4031_5,https://standardsbis.bsbedge.com/BIS_Preview.aspx?id=4031_5,present,absent,absent,present,5,5,0,0,0,success,True,False
IS 4032:1985,IS 4032:1985,True,True,match_version_verified,4032,https://standardsbis.bsbedge.com/BIS_Preview.aspx?id=4032,present,absent,absent,present,9,9,0,0,0,success,True,False
IS 4332 (Part 1):1967,IS 4332 (Part 1):1967,True,True,unknown,4332_1_1967,,absent,absent,absent,absent,0,0,0,0,0,partial_success,False,True
IS 4332 (Part 10):1969,IS 4332 (Part 10):1969,True,True,unknown,4332_10_1969,,absent,absent,absent,absent,0,0,0,0,0,partial_success,False,True
IS 4332 (Part 3):1967,IS 4332 (Part 3):1967,True,True,unknown,4332_3_1967,,absent,absent,absent,absent,0,0,0,0,0,partial_success,False,True
IS 4332 (Part 8):1969,IS 4332 (Part 8):1969,True,True,unknown,4332_8_1969,,absent,absent,absent,absent,0,0,0,0,0,partial_success,False,True
IS 809:1992,IS 809:1992,True,True,unknown,809_1992,,absent,absent,absent,absent,0,0,0,0,0,partial_success,False,True
IS 9901 (Part 1):1981,IS 9901 (Part 1):1981,True,True,unknown,9901_1_1981,,absent,absent,absent,absent,0,0,0,0,0,partial_success,False,True
IS 9901 (Part 2):1981,IS 9901 (Part 2):1981,True,True,unknown,9901_2_1981,,absent,absent,absent,absent,0,0,0,0,0,partial_success,False,True
IS 9901 (Part 3):1981,IS 9901 (Part 3):1981,True,True,unknown,9901_3_1981,,absent,absent,absent,absent,0,0,0,0,0,partial_success,False,True
IS 9901 (Part 4):1981,IS 9901 (Part 4):1981,True,True,unknown,9901_4_1981,,absent,absent,absent,absent,0,0,0,0,0,partial_success,False,True
IS 9901 (Part 5):1981,IS 9901 (Part 5):1981,True,True,unknown,9901_5_1981,,absent,absent,absent,absent,0,0,0,0,0,partial_success,False,True
IS 9901 (Part 6):1981,IS 9901 (Part 6):1981,True,True,unknown,9901_6_1981,,absent,absent,absent,absent,0,0,0,0,0,partial_success,False,True
IS 9901 (Part 7):1981,IS 9901 (Part 7):1981,True,True,unknown,9901_7_1981,,absent,absent,absent,absent,0,0,0,0,0,partial_success,False,True
IS 9901 (Part 8):1981,IS 9901 (Part 8):1981,True,True,unknown,9901_8_1981,,absent,absent,absent,absent,0,0,0,0,0,partial_success,False,True
IS 9901 (Part 9):1986,IS 9901 (Part 9):1986,True,True,unknown,9901_9_1986,,absent,absent,absent,absent,0,0,0,0,0,partial_success,False,True
SP 27:1987,SP 27:1987,True,True,unknown,27_1987,,absent,absent,absent,absent,0,0,0,0,0,partial_success,False,True
IS 2380 (Part 1 to 21):1977,IS 2380 (Part 1 to 21):1977,True,False,unknown,,,not_verified,not_verified,not_verified,absent,0,0,0,0,0,failed,False,True
IS 2713 (Part 1 to 3):1980,IS 2713 (Part 1 to 3):1980,True,False,unknown,,,not_verified,not_verified,not_verified,absent,0,0,0,0,0,failed,False,True
IS 4332 (Part 2):1967,IS 4332 (Part 2):1967,True,True,unknown,4332_2_1967,,absent,absent,absent,absent,0,0,0,0,0,partial_success,False,True
IS 4332 (Part 6):1972,IS 4332 (Part 6):1972,True,True,unknown,4332_6_1972,,absent,absent,absent,absent,0,0,0,0,0,partial_success,False,True
IS 4332 (Part 9):1970,IS 4332 (Part 9):1970,True,True,unknown,4332_9_1970,,absent,absent,absent,absent,0,0,0,0,0,partial_success,False,True
SP 21:2005,SP 21:2005,True,True,unknown,21_2005,,absent,absent,absent,absent,0,0,0,0,0,partial_success,False,True
SP 25(S&T):1984,SP 25(S&T):1984,True,False,unknown,,,not_verified,not_verified,not_verified,absent,0,0,0,0,0,failed,False,True
SP 35 (S&T):1987,SP 35 (S&T):1987,True,False,unknown,,,not_verified,not_verified,not_verified,absent,0,0,0,0,0,failed,False,True
SP 41 (S&T):1987,SP 41 (S&T):1987,True,False,unknown,,,not_verified,not_verified,not_verified,absent,0,0,0,0,0,failed,False,True
SP 43 (S&T):1987,SP 43 (S&T):1987,True,False,unknown,,,not_verified,not_verified,not_verified,absent,0,0,0,0,0,failed,False,True
SP 62:1997,SP 62:1997,True,True,unknown,62_1997,,absent,absent,absent,absent,0,0,0,0,0,partial_success,False,True
SP 20 (S&T):1991,SP 20 (S&T):1991,True,False,unknown,,,not_verified,not_verified,not_verified,absent,0,0,0,0,0,failed,False,True
SP 64 (S & T):2001,SP 64 (S & T):2001,True,False,unknown,,,not_verified,not_verified,not_verified,absent,0,0,0,0,0,failed,False,True
IS 9307 (Part 8):1979,IS 9307 (Part 8):1979,True,True,unknown,9307_8_1979,,absent,absent,absent,absent,0,0,0,0,0,partial_success,False,True
IS 9307 (Part 7):1979,IS 9307 (Part 7):1979,True,True,unknown,9307_7_1979,,absent,absent,absent,absent,0,0,0,0,0,partial_success,False,True
IS 9307 (Part 6):1979,IS 9307 (Part 6):1979,True,True,unknown,9307_6_1979,,absent,absent,absent,absent,0,0,0,0,0,partial_success,False,True
IS 9307 (Part 5):1979,IS 9307 (Part 5):1979,True,True,unknown,9307_5_1979,,absent,absent,absent,absent,0,0,0,0,0,partial_success,False,True
IS 9307 (Part 4):1979,IS 9307 (Part 4):1979,True,True,unknown,9307_4_1979,,absent,absent,absent,absent,0,0,0,0,0,partial_success,False,True
IS 9307 (Part 3):1979,IS 9307 (Part 3):1979,True,True,unknown,9307_3_1979,,absent,absent,absent,absent,0,0,0,0,0,partial_success,False,True
IS 9307 (Part 2):1979,IS 9307 (Part 2):1979,True,True,unknown,9307_2_1979,,absent,absent,absent,absent,0,0,0,0,0,partial_success,False,True
IS 1734 (Part 1):1983,IS 1734 (Part 1):1983,True,True,unknown,1734_1_1983,,absent,absent,absent,absent,0,0,0,0,0,partial_success,False,True
IS 1734 (Part 2):1983,IS 1734 (Part 2):1983,True,True,unknown,1734_2_1983,,absent,absent,absent,absent,0,0,0,0,0,partial_success,False,True
IS 1734 (Part 3):1983,IS 1734 (Part 3):1983,True,True,unknown,1734_3_1983,,absent,absent,absent,absent,0,0,0,0,0,partial_success,False,True
IS 1734 (Part 4):1983,IS 1734 (Part 4):1983,True,True,unknown,1734_4_1983,,absent,absent,absent,absent,0,0,0,0,0,partial_success,False,True
IS 1734 (Part 5):1983,IS 1734 (Part 5):1983,True,True,unknown,1734_5_1983,,absent,absent,absent,absent,0,0,0,0,0,partial_success,False,True
IS 1734 (Part 6):1983,IS 1734 (Part 6):1983,True,True,unknown,1734_6_1983,,absent,absent,absent,absent,0,0,0,0,0,partial_success,False,True
IS 1734 (Part 7):1983,IS 1734 (Part 7):1983,True,True,unknown,1734_7_1983,,absent,absent,absent,absent,0,0,0,0,0,partial_success,False,True
IS 1734 (Part 8):1983,IS 1734 (Part 8):1983,True,True,unknown,1734_8_1983,,absent,absent,absent,absent,0,0,0,0,0,partial_success,False,True
IS 1734 (Part 9):1983,IS 1734 (Part 9):1983,True,True,unknown,1734_9_1983,,absent,absent,absent,absent,0,0,0,0,0,partial_success,False,True
IS 1734 (Part 10):1983,IS 1734 (Part 10):1983,True,True,unknown,1734_10_1983,,absent,absent,absent,absent,0,0,0,0,0,partial_success,False,True
IS 1734 (Part 11):1983,IS 1734 (Part 11):1983,True,True,unknown,1734_11_1983,,absent,absent,absent,absent,0,0,0,0,0,partial_success,False,True
IS 1734 (Part 12):1983,IS 1734 (Part 12):1983,True,True,unknown,1734_12_1983,,absent,absent,absent,absent,0,0,0,0,0,partial_success,False,True
IS 1734 (Part 13):1983,IS 1734 (Part 13):1983,True,True,unknown,1734_13_1983,,absent,absent,absent,absent,0,0,0,0,0,partial_success,False,True
IS 1734 (Part 14):1983,IS 1734 (Part 14):1983,True,True,unknown,1734_14_1983,,absent,absent,absent,absent,0,0,0,0,0,partial_success,False,True
IS 1734 (Part 15):1983,IS 1734 (Part 15):1983,True,True,unknown,1734_15_1983,,absent,absent,absent,absent,0,0,0,0,0,partial_success,False,True
IS 1734 (Part 16):1983,IS 1734 (Part 16):1983,True,True,unknown,1734_16_1983,,absent,absent,absent,absent,0,0,0,0,0,partial_success,False,True
IS 1734 (Part 17):1983,IS 1734 (Part 17):1983,True,True,unknown,1734_17_1983,,absent,absent,absent,absent,0,0,0,0,0,partial_success,False,True
IS 1734 (Part 18):1983,IS 1734 (Part 18):1983,True,True,unknown,1734_18_1983,,absent,absent,absent,absent,0,0,0,0,0,partial_success,False,True
IS 1734 (Part 19):1983,IS 1734 (Part 19):1983,True,True,unknown,1734_19_1983,,absent,absent,absent,absent,0,0,0,0,0,partial_success,False,True
IS 1734 (Part 20):1983,IS 1734 (Part 20):1983,True,True,unknown,1734_20_1983,,absent,absent,absent,absent,0,0,0,0,0,partial_success,False,True
IS 1708 (Part 1):1986,IS 1708 (Part 1):1986,True,True,unknown,1708_1_1986,,absent,absent,absent,absent,0,0,0,0,0,partial_success,False,True
IS 1708 (Part 10):1986,IS 1708 (Part 10):1986,True,True,unknown,1708_10_1986,,absent,absent,absent,absent,0,0,0,0,0,partial_success,False,True
IS 1708 (Part 11):1986,IS 1708 (Part 11):1986,True,True,unknown,1708_11_1986,,absent,absent,absent,absent,0,0,0,0,0,partial_success,False,True
IS 1708 (Part 12):1986,IS 1708 (Part 12):1986,True,True,unknown,1708_12_1986,,absent,absent,absent,absent,0,0,0,0,0,partial_success,False,True
IS 1708 (Part 13):1986,IS 1708 (Part 13):1986,True,True,unknown,1708_13_1986,,absent,absent,absent,absent,0,0,0,0,0,partial_success,False,True
IS 1708 (Part 14):1986,IS 1708 (Part 14):1986,True,True,unknown,1708_14_1986,,absent,absent,absent,absent,0,0,0,0,0,partial_success,False,True
IS 1708 (Part 15):1986,IS 1708 (Part 15):1986,True,True,unknown,1708_15_1986,,absent,absent,absent,absent,0,0,0,0,0,partial_success,False,True
IS 1708 (Part 16):1986,IS 1708 (Part 16):1986,True,True,unknown,1708_16_1986,,absent,absent,absent,absent,0,0,0,0,0,partial_success,False,True
IS 1708 (Part 17):1986,IS 1708 (Part 17):1986,True,True,unknown,1708_17_1986,,absent,absent,absent,absent,0,0,0,0,0,partial_success,False,True
IS 1708 (Part 18):1986,IS 1708 (Part 18):1986,True,True,unknown,1708_18_1986,,absent,absent,absent,absent,0,0,0,0,0,partial_success,False,True
IS 1708 (Part 2):1986,IS 1708 (Part 2):1986,True,True,unknown,1708_2_1986,,absent,absent,absent,absent,0,0,0,0,0,partial_success,False,True
IS 1708 (Part 3):1986,IS 1708 (Part 3):1986,True,True,unknown,1708_3_1986,,absent,absent,absent,absent,0,0,0,0,0,partial_success,False,True
IS 1708 (Part 4):1986,IS 1708 (Part 4):1986,True,True,unknown,1708_4_1986,,absent,absent,absent,absent,0,0,0,0,0,partial_success,False,True
IS 1708 (Part 5):1986,IS 1708 (Part 5):1986,True,True,unknown,1708_5_1986,,absent,absent,absent,absent,0,0,0,0,0,partial_success,False,True
IS 1708 (Part 6):1986,IS 1708 (Part 6):1986,True,True,unknown,1708_6_1986,,absent,absent,absent,absent,0,0,0,0,0,partial_success,False,True
IS 1708 (Part 7):1986,IS 1708 (Part 7):1986,True,True,unknown,1708_7_1986,,absent,absent,absent,absent,0,0,0,0,0,partial_success,False,True
IS 1708 (Part 8):1986,IS 1708 (Part 8):1986,True,True,unknown,1708_8_1986,,absent,absent,absent,absent,0,0,0,0,0,partial_success,False,True
IS 1708 (Part 9):1986,IS 1708 (Part 9):1986,True,True,unknown,1708_9_1986,,absent,absent,absent,absent,0,0,0,0,0,partial_success,False,True
IS 14399 (Part 1):1996,IS 14399 (Part 1):1996,True,True,unknown,14399_1_1996,,absent,absent,absent,absent,0,0,0,0,0,partial_success,False,True
IS 1893:1984,IS 1893:1984,True,True,unknown,1893_1984,,absent,absent,absent,absent,0,0,0,0,0,partial_success,False,True
IS 17636:2022,IS 17636:2022,True,True,unknown,17636_2022,,absent,absent,absent,absent,0,0,0,0,0,partial_success,False,True
